-- Database Dump
-- Generated on: 2026-02-09 10:36:05.186906

SET FOREIGN_KEY_CHECKS = 0;

-- Structure for audit_logs
DROP TABLE IF EXISTS `audit_logs`;
CREATE TABLE `audit_logs` (
  `id` int NOT NULL AUTO_INCREMENT,
  `user_id` int NOT NULL,
  `action` varchar(255) COLLATE utf8mb4_unicode_ci NOT NULL,
  `table_name` varchar(100) COLLATE utf8mb4_unicode_ci DEFAULT NULL,
  `record_id` int DEFAULT NULL,
  `old_values` json DEFAULT NULL,
  `new_values` json DEFAULT NULL,
  `action_date` timestamp NULL DEFAULT CURRENT_TIMESTAMP,
  `ip_address` varchar(45) COLLATE utf8mb4_unicode_ci DEFAULT NULL,
  PRIMARY KEY (`id`),
  KEY `user_id` (`user_id`),
  KEY `idx_action_date` (`action_date`),
  CONSTRAINT `audit_logs_ibfk_1` FOREIGN KEY (`user_id`) REFERENCES `users` (`id`)
) ENGINE=InnoDB DEFAULT CHARSET=utf8mb4 COLLATE=utf8mb4_unicode_ci;

-- Structure for authorized_devices
DROP TABLE IF EXISTS `authorized_devices`;
CREATE TABLE `authorized_devices` (
  `id` int NOT NULL AUTO_INCREMENT,
  `device_id` varchar(255) COLLATE utf8mb4_unicode_ci NOT NULL,
  `device_name` varchar(100) COLLATE utf8mb4_unicode_ci DEFAULT NULL,
  `mac_address` varchar(50) COLLATE utf8mb4_unicode_ci DEFAULT NULL,
  `store_id` int DEFAULT NULL,
  `user_id` int DEFAULT NULL,
  `is_active` tinyint(1) DEFAULT '1',
  `registered_by` int DEFAULT NULL,
  `registered_at` timestamp NULL DEFAULT CURRENT_TIMESTAMP,
  `last_used` timestamp NULL DEFAULT NULL,
  `notes` text COLLATE utf8mb4_unicode_ci,
  PRIMARY KEY (`id`),
  UNIQUE KEY `idx_device_user` (`device_id`,`user_id`),
  KEY `user_id` (`user_id`),
  KEY `registered_by` (`registered_by`),
  KEY `idx_device_id` (`device_id`),
  KEY `idx_store_user` (`store_id`,`user_id`),
  KEY `idx_active` (`is_active`),
  CONSTRAINT `authorized_devices_ibfk_1` FOREIGN KEY (`store_id`) REFERENCES `stores` (`id`),
  CONSTRAINT `authorized_devices_ibfk_2` FOREIGN KEY (`user_id`) REFERENCES `users` (`id`),
  CONSTRAINT `authorized_devices_ibfk_3` FOREIGN KEY (`registered_by`) REFERENCES `users` (`id`)
) ENGINE=InnoDB AUTO_INCREMENT=21 DEFAULT CHARSET=utf8mb4 COLLATE=utf8mb4_unicode_ci;

-- Data for authorized_devices
INSERT INTO `authorized_devices` (`id`, `device_id`, `device_name`, `mac_address`, `store_id`, `user_id`, `is_active`, `registered_by`, `registered_at`, `last_used`, `notes`) VALUES (17, 'HW_5CD1416BYS_DESKTOP-3649MI1', 'DESKTOP-3649MI1', 'f9:e7:9c:72:c9:25', NULL, 1, 1, 1, '2026-02-09 09:16:03', '2026-02-09 10:10:12', 'تسجيل تلقائي - admin');
INSERT INTO `authorized_devices` (`id`, `device_id`, `device_name`, `mac_address`, `store_id`, `user_id`, `is_active`, `registered_by`, `registered_at`, `last_used`, `notes`) VALUES (18, 'HW_5CD1416BYS_DESKTOP-3649MI1', 'DESKTOP-3649MI1', 'f9:e7:9c:72:c9:25', 2, 2, 1, 1, '2026-02-09 09:16:34', NULL, '');
INSERT INTO `authorized_devices` (`id`, `device_id`, `device_name`, `mac_address`, `store_id`, `user_id`, `is_active`, `registered_by`, `registered_at`, `last_used`, `notes`) VALUES (19, 'HW_5CD1416BYS_DESKTOP-3649MI1', 'DESKTOP-3649MI1', 'f9:e7:9c:72:c9:25', 2, 5, 1, 1, '2026-02-09 09:16:56', '2026-02-09 09:30:25', '');
INSERT INTO `authorized_devices` (`id`, `device_id`, `device_name`, `mac_address`, `store_id`, `user_id`, `is_active`, `registered_by`, `registered_at`, `last_used`, `notes`) VALUES (20, 'HW_5CD1416BYS_DESKTOP-3649MI1', 'DESKTOP-3649MI1', 'f9:e7:9c:72:c9:25', NULL, 13, 1, 13, '2026-02-09 10:29:22', NULL, 'تسجيل تلقائي للمطور');

-- Structure for categories
DROP TABLE IF EXISTS `categories`;
CREATE TABLE `categories` (
  `id` int NOT NULL AUTO_INCREMENT,
  `category_name` varchar(100) COLLATE utf8mb4_unicode_ci NOT NULL,
  `description` varchar(255) COLLATE utf8mb4_unicode_ci DEFAULT NULL,
  `is_active` tinyint(1) DEFAULT '1',
  `created_at` timestamp NULL DEFAULT CURRENT_TIMESTAMP,
  PRIMARY KEY (`id`)
) ENGINE=InnoDB AUTO_INCREMENT=11 DEFAULT CHARSET=utf8mb4 COLLATE=utf8mb4_unicode_ci;

-- Data for categories
INSERT INTO `categories` (`id`, `category_name`, `description`, `is_active`, `created_at`) VALUES (1, 'مواد غذائية', 'منتجات البقالة الأساسية', 1, '2026-01-21 13:22:02');
INSERT INTO `categories` (`id`, `category_name`, `description`, `is_active`, `created_at`) VALUES (2, 'مشروبات', 'مشروبات غازية، عصائر، مياه', 1, '2026-01-21 13:22:02');
INSERT INTO `categories` (`id`, `category_name`, `description`, `is_active`, `created_at`) VALUES (3, 'عناية شخصية', 'شامبو، صابون، معجون أسنان', 1, '2026-01-21 13:22:02');
INSERT INTO `categories` (`id`, `category_name`, `description`, `is_active`, `created_at`) VALUES (4, 'منظفات منزلية', 'مساحيق غسيل، منظفات أسطح', 1, '2026-01-21 13:22:02');
INSERT INTO `categories` (`id`, `category_name`, `description`, `is_active`, `created_at`) VALUES (5, 'سناكس وحلويات', 'شيبسي، بسكويت، شوكولاتة', 1, '2026-01-21 13:22:02');
INSERT INTO `categories` (`id`, `category_name`, `description`, `is_active`, `created_at`) VALUES (6, 'منتجات ألبان', 'حليب، زبادي، أجبان', 1, '2026-01-21 13:22:02');
INSERT INTO `categories` (`id`, `category_name`, `description`, `is_active`, `created_at`) VALUES (7, 'لحوم ومجمدات', 'لحوم بقرية، دواجن، خضروات مجمدة', 1, '2026-01-21 13:22:02');
INSERT INTO `categories` (`id`, `category_name`, `description`, `is_active`, `created_at`) VALUES (8, 'مخبوزات', 'خبز، كيك، معجنات', 1, '2026-01-21 13:22:02');
INSERT INTO `categories` (`id`, `category_name`, `description`, `is_active`, `created_at`) VALUES (9, 'إلكترونيات', 'ملحقات موبايل، بطاريات، سماعات', 1, '2026-01-21 13:22:02');
INSERT INTO `categories` (`id`, `category_name`, `description`, `is_active`, `created_at`) VALUES (10, 'خضروات وفواكه', 'منتجات طازجة', 1, '2026-01-21 13:22:02');

-- Structure for drawer_closing_details
DROP TABLE IF EXISTS `drawer_closing_details`;
CREATE TABLE `drawer_closing_details` (
  `id` int NOT NULL AUTO_INCREMENT,
  `drawer_log_id` int NOT NULL,
  `denomination` varchar(50) COLLATE utf8mb4_unicode_ci NOT NULL,
  `quantity` int NOT NULL,
  `total_amount` decimal(12,2) NOT NULL,
  `created_at` timestamp NULL DEFAULT CURRENT_TIMESTAMP,
  PRIMARY KEY (`id`),
  KEY `drawer_log_id` (`drawer_log_id`),
  CONSTRAINT `drawer_closing_details_ibfk_1` FOREIGN KEY (`drawer_log_id`) REFERENCES `drawer_logs` (`id`) ON DELETE CASCADE
) ENGINE=InnoDB AUTO_INCREMENT=12 DEFAULT CHARSET=utf8mb4 COLLATE=utf8mb4_unicode_ci;

-- Data for drawer_closing_details
INSERT INTO `drawer_closing_details` (`id`, `drawer_log_id`, `denomination`, `quantity`, `total_amount`, `created_at`) VALUES (1, 1, '200', 10, '2000.00', '2026-01-22 00:27:13');
INSERT INTO `drawer_closing_details` (`id`, `drawer_log_id`, `denomination`, `quantity`, `total_amount`, `created_at`) VALUES (2, 2, '200', 6, '1200.00', '2026-01-22 02:15:42');
INSERT INTO `drawer_closing_details` (`id`, `drawer_log_id`, `denomination`, `quantity`, `total_amount`, `created_at`) VALUES (3, 3, '200', 20, '4000.00', '2026-01-22 12:29:14');
INSERT INTO `drawer_closing_details` (`id`, `drawer_log_id`, `denomination`, `quantity`, `total_amount`, `created_at`) VALUES (4, 4, '1', 32, '32.00', '2026-01-31 18:33:26');
INSERT INTO `drawer_closing_details` (`id`, `drawer_log_id`, `denomination`, `quantity`, `total_amount`, `created_at`) VALUES (5, 6, '10', 3, '30.00', '2026-01-31 19:49:34');
INSERT INTO `drawer_closing_details` (`id`, `drawer_log_id`, `denomination`, `quantity`, `total_amount`, `created_at`) VALUES (6, 6, '1', 2, '2.00', '2026-01-31 19:49:34');
INSERT INTO `drawer_closing_details` (`id`, `drawer_log_id`, `denomination`, `quantity`, `total_amount`, `created_at`) VALUES (7, 8, '200', 1, '200.00', '2026-01-31 20:28:08');
INSERT INTO `drawer_closing_details` (`id`, `drawer_log_id`, `denomination`, `quantity`, `total_amount`, `created_at`) VALUES (8, 8, '20', 2, '40.00', '2026-01-31 20:28:08');
INSERT INTO `drawer_closing_details` (`id`, `drawer_log_id`, `denomination`, `quantity`, `total_amount`, `created_at`) VALUES (9, 8, '10', 1, '10.00', '2026-01-31 20:28:08');
INSERT INTO `drawer_closing_details` (`id`, `drawer_log_id`, `denomination`, `quantity`, `total_amount`, `created_at`) VALUES (10, 8, '1', 2, '2.00', '2026-01-31 20:28:08');
INSERT INTO `drawer_closing_details` (`id`, `drawer_log_id`, `denomination`, `quantity`, `total_amount`, `created_at`) VALUES (11, 8, '0.5', 1, '0.50', '2026-01-31 20:28:08');

-- Structure for drawer_logs
DROP TABLE IF EXISTS `drawer_logs`;
CREATE TABLE `drawer_logs` (
  `id` int NOT NULL AUTO_INCREMENT,
  `store_id` int NOT NULL,
  `cashier_id` int NOT NULL,
  `opening_date` timestamp NULL DEFAULT CURRENT_TIMESTAMP,
  `opening_balance` decimal(12,2) DEFAULT '0.00',
  `closing_date` datetime DEFAULT NULL,
  `closing_balance` decimal(12,2) DEFAULT NULL,
  `status` enum('Open','Closed') COLLATE utf8mb4_unicode_ci DEFAULT 'Open',
  `notes` text COLLATE utf8mb4_unicode_ci,
  `created_at` timestamp NULL DEFAULT CURRENT_TIMESTAMP,
  `updated_at` timestamp NULL DEFAULT CURRENT_TIMESTAMP ON UPDATE CURRENT_TIMESTAMP,
  PRIMARY KEY (`id`),
  KEY `store_id` (`store_id`),
  KEY `cashier_id` (`cashier_id`),
  KEY `idx_drawer_status` (`status`),
  CONSTRAINT `drawer_logs_ibfk_1` FOREIGN KEY (`store_id`) REFERENCES `stores` (`id`),
  CONSTRAINT `drawer_logs_ibfk_2` FOREIGN KEY (`cashier_id`) REFERENCES `users` (`id`)
) ENGINE=InnoDB AUTO_INCREMENT=16 DEFAULT CHARSET=utf8mb4 COLLATE=utf8mb4_unicode_ci;

-- Data for drawer_logs
INSERT INTO `drawer_logs` (`id`, `store_id`, `cashier_id`, `opening_date`, `opening_balance`, `closing_date`, `closing_balance`, `status`, `notes`, `created_at`, `updated_at`) VALUES (1, 2, 2, '2026-01-21 13:34:33', '1000.00', '2026-01-22 00:27:13', '2000.00', 'Closed', NULL, '2026-01-21 13:34:33', '2026-01-22 00:27:13');
INSERT INTO `drawer_logs` (`id`, `store_id`, `cashier_id`, `opening_date`, `opening_balance`, `closing_date`, `closing_balance`, `status`, `notes`, `created_at`, `updated_at`) VALUES (2, 1, 1, '2026-01-21 23:58:34', '1000.00', '2026-01-22 02:15:42', '1200.00', 'Closed', NULL, '2026-01-21 23:58:34', '2026-01-22 02:15:42');
INSERT INTO `drawer_logs` (`id`, `store_id`, `cashier_id`, `opening_date`, `opening_balance`, `closing_date`, `closing_balance`, `status`, `notes`, `created_at`, `updated_at`) VALUES (3, 2, 2, '2026-01-22 12:24:43', '1000.00', '2026-01-22 12:29:14', '4000.00', 'Closed', NULL, '2026-01-22 12:24:43', '2026-01-22 12:29:14');
INSERT INTO `drawer_logs` (`id`, `store_id`, `cashier_id`, `opening_date`, `opening_balance`, `closing_date`, `closing_balance`, `status`, `notes`, `created_at`, `updated_at`) VALUES (4, 4, 1, '2026-01-31 18:17:10', '0.00', '2026-01-31 18:33:26', '32.00', 'Closed', NULL, '2026-01-31 18:17:10', '2026-01-31 18:33:26');
INSERT INTO `drawer_logs` (`id`, `store_id`, `cashier_id`, `opening_date`, `opening_balance`, `closing_date`, `closing_balance`, `status`, `notes`, `created_at`, `updated_at`) VALUES (5, 3, 3, '2026-01-31 18:20:27', '0.00', '2026-01-31 18:30:28', '0.00', 'Closed', NULL, '2026-01-31 18:20:27', '2026-01-31 18:30:28');
INSERT INTO `drawer_logs` (`id`, `store_id`, `cashier_id`, `opening_date`, `opening_balance`, `closing_date`, `closing_balance`, `status`, `notes`, `created_at`, `updated_at`) VALUES (6, 2, 2, '2026-01-31 18:54:56', '0.00', '2026-01-31 19:49:34', '32.00', 'Closed', NULL, '2026-01-31 18:54:56', '2026-01-31 19:49:34');
INSERT INTO `drawer_logs` (`id`, `store_id`, `cashier_id`, `opening_date`, `opening_balance`, `closing_date`, `closing_balance`, `status`, `notes`, `created_at`, `updated_at`) VALUES (7, 2, 2, '2026-01-31 19:53:33', '0.00', '2026-01-31 19:54:30', '0.00', 'Closed', NULL, '2026-01-31 19:53:33', '2026-01-31 19:54:30');
INSERT INTO `drawer_logs` (`id`, `store_id`, `cashier_id`, `opening_date`, `opening_balance`, `closing_date`, `closing_balance`, `status`, `notes`, `created_at`, `updated_at`) VALUES (8, 2, 2, '2026-01-31 20:14:23', '0.00', '2026-01-31 20:28:08', '252.50', 'Closed', NULL, '2026-01-31 20:14:23', '2026-01-31 20:28:08');
INSERT INTO `drawer_logs` (`id`, `store_id`, `cashier_id`, `opening_date`, `opening_balance`, `closing_date`, `closing_balance`, `status`, `notes`, `created_at`, `updated_at`) VALUES (9, 2, 2, '2026-02-01 19:19:46', '0.00', '2026-02-01 19:22:29', '0.00', 'Closed', NULL, '2026-02-01 19:19:46', '2026-02-01 19:22:29');
INSERT INTO `drawer_logs` (`id`, `store_id`, `cashier_id`, `opening_date`, `opening_balance`, `closing_date`, `closing_balance`, `status`, `notes`, `created_at`, `updated_at`) VALUES (10, 2, 2, '2026-02-01 19:23:13', '0.00', '2026-02-01 19:23:25', '0.00', 'Closed', NULL, '2026-02-01 19:23:13', '2026-02-01 19:23:25');
INSERT INTO `drawer_logs` (`id`, `store_id`, `cashier_id`, `opening_date`, `opening_balance`, `closing_date`, `closing_balance`, `status`, `notes`, `created_at`, `updated_at`) VALUES (11, 2, 2, '2026-02-02 19:01:20', '0.00', '2026-02-02 19:12:58', '0.00', 'Closed', NULL, '2026-02-02 19:01:20', '2026-02-02 19:12:58');
INSERT INTO `drawer_logs` (`id`, `store_id`, `cashier_id`, `opening_date`, `opening_balance`, `closing_date`, `closing_balance`, `status`, `notes`, `created_at`, `updated_at`) VALUES (12, 2, 5, '2026-02-02 19:03:40', '0.00', '2026-02-02 19:12:09', '0.00', 'Closed', NULL, '2026-02-02 19:03:40', '2026-02-02 19:12:09');
INSERT INTO `drawer_logs` (`id`, `store_id`, `cashier_id`, `opening_date`, `opening_balance`, `closing_date`, `closing_balance`, `status`, `notes`, `created_at`, `updated_at`) VALUES (13, 2, 5, '2026-02-02 19:18:46', '0.00', '2026-02-02 19:19:06', '0.00', 'Closed', NULL, '2026-02-02 19:18:46', '2026-02-02 19:19:06');
INSERT INTO `drawer_logs` (`id`, `store_id`, `cashier_id`, `opening_date`, `opening_balance`, `closing_date`, `closing_balance`, `status`, `notes`, `created_at`, `updated_at`) VALUES (14, 2, 2, '2026-02-02 19:22:00', '0.00', '2026-02-08 12:04:43', '10000.00', 'Closed', NULL, '2026-02-02 19:22:00', '2026-02-08 12:04:43');
INSERT INTO `drawer_logs` (`id`, `store_id`, `cashier_id`, `opening_date`, `opening_balance`, `closing_date`, `closing_balance`, `status`, `notes`, `created_at`, `updated_at`) VALUES (15, 2, 5, '2026-02-08 12:06:29', '0.00', NULL, NULL, 'Open', NULL, '2026-02-08 12:06:29', '2026-02-08 12:06:29');

-- Structure for expenses
DROP TABLE IF EXISTS `expenses`;
CREATE TABLE `expenses` (
  `id` int NOT NULL AUTO_INCREMENT,
  `store_id` int NOT NULL,
  `user_id` int NOT NULL,
  `expense_type` varchar(100) COLLATE utf8mb4_unicode_ci NOT NULL,
  `is_personal` tinyint(1) DEFAULT '0',
  `amount` decimal(10,2) NOT NULL,
  `description` text COLLATE utf8mb4_unicode_ci,
  `expense_date` datetime DEFAULT CURRENT_TIMESTAMP,
  PRIMARY KEY (`id`),
  KEY `store_id` (`store_id`),
  KEY `user_id` (`user_id`),
  CONSTRAINT `expenses_ibfk_1` FOREIGN KEY (`store_id`) REFERENCES `stores` (`id`),
  CONSTRAINT `expenses_ibfk_2` FOREIGN KEY (`user_id`) REFERENCES `users` (`id`)
) ENGINE=InnoDB AUTO_INCREMENT=6 DEFAULT CHARSET=utf8mb4 COLLATE=utf8mb4_unicode_ci;

-- Data for expenses
INSERT INTO `expenses` (`id`, `store_id`, `user_id`, `expense_type`, `is_personal`, `amount`, `description`, `expense_date`) VALUES (4, 2, 1, 'كهرباء', 0, '1000.00', 'كهرباء شهر واحد لفرع الاسكندرية', '2026-02-09 06:58:33');
INSERT INTO `expenses` (`id`, `store_id`, `user_id`, `expense_type`, `is_personal`, `amount`, `description`, `expense_date`) VALUES (5, 2, 1, 'شخصي', 1, '500.00', 'البيت', '2026-02-09 09:24:41');

-- Structure for invoice_items
DROP TABLE IF EXISTS `invoice_items`;
CREATE TABLE `invoice_items` (
  `id` int NOT NULL AUTO_INCREMENT,
  `invoice_id` int NOT NULL,
  `product_id` int NOT NULL,
  `quantity` int NOT NULL,
  `unit_price` decimal(10,2) NOT NULL,
  `discount` decimal(10,2) DEFAULT '0.00',
  `total_price` decimal(12,2) NOT NULL,
  `notes` varchar(255) COLLATE utf8mb4_unicode_ci DEFAULT NULL,
  `created_at` timestamp NULL DEFAULT CURRENT_TIMESTAMP,
  PRIMARY KEY (`id`),
  KEY `invoice_id` (`invoice_id`),
  KEY `product_id` (`product_id`),
  CONSTRAINT `invoice_items_ibfk_1` FOREIGN KEY (`invoice_id`) REFERENCES `invoices` (`id`) ON DELETE CASCADE,
  CONSTRAINT `invoice_items_ibfk_2` FOREIGN KEY (`product_id`) REFERENCES `products` (`id`)
) ENGINE=InnoDB AUTO_INCREMENT=98 DEFAULT CHARSET=utf8mb4 COLLATE=utf8mb4_unicode_ci;

-- Data for invoice_items
INSERT INTO `invoice_items` (`id`, `invoice_id`, `product_id`, `quantity`, `unit_price`, `discount`, `total_price`, `notes`, `created_at`) VALUES (1, 1, 9, 1, '30.00', '0.00', '30.00', NULL, '2026-01-21 13:54:58');
INSERT INTO `invoice_items` (`id`, `invoice_id`, `product_id`, `quantity`, `unit_price`, `discount`, `total_price`, `notes`, `created_at`) VALUES (2, 1, 22, 1, '18.00', '0.00', '18.00', NULL, '2026-01-21 13:54:58');
INSERT INTO `invoice_items` (`id`, `invoice_id`, `product_id`, `quantity`, `unit_price`, `discount`, `total_price`, `notes`, `created_at`) VALUES (3, 2, 3, 1, '11.00', '0.00', '11.00', NULL, '2026-01-21 14:30:41');
INSERT INTO `invoice_items` (`id`, `invoice_id`, `product_id`, `quantity`, `unit_price`, `discount`, `total_price`, `notes`, `created_at`) VALUES (4, 2, 2, 1, '28.00', '0.00', '28.00', NULL, '2026-01-21 14:30:41');
INSERT INTO `invoice_items` (`id`, `invoice_id`, `product_id`, `quantity`, `unit_price`, `discount`, `total_price`, `notes`, `created_at`) VALUES (5, 2, 7, 1, '22.00', '0.00', '22.00', NULL, '2026-01-21 14:30:41');
INSERT INTO `invoice_items` (`id`, `invoice_id`, `product_id`, `quantity`, `unit_price`, `discount`, `total_price`, `notes`, `created_at`) VALUES (6, 2, 5, 1, '58.00', '0.00', '58.00', NULL, '2026-01-21 14:30:41');
INSERT INTO `invoice_items` (`id`, `invoice_id`, `product_id`, `quantity`, `unit_price`, `discount`, `total_price`, `notes`, `created_at`) VALUES (7, 3, 1, 1, '32.00', '0.00', '32.00', NULL, '2026-01-21 15:22:41');
INSERT INTO `invoice_items` (`id`, `invoice_id`, `product_id`, `quantity`, `unit_price`, `discount`, `total_price`, `notes`, `created_at`) VALUES (8, 3, 2, 1, '28.00', '0.00', '28.00', NULL, '2026-01-21 15:22:41');
INSERT INTO `invoice_items` (`id`, `invoice_id`, `product_id`, `quantity`, `unit_price`, `discount`, `total_price`, `notes`, `created_at`) VALUES (9, 3, 3, 1, '11.00', '0.00', '11.00', NULL, '2026-01-21 15:22:41');
INSERT INTO `invoice_items` (`id`, `invoice_id`, `product_id`, `quantity`, `unit_price`, `discount`, `total_price`, `notes`, `created_at`) VALUES (10, 3, 5, 2, '58.00', '0.00', '116.00', NULL, '2026-01-21 15:22:41');
INSERT INTO `invoice_items` (`id`, `invoice_id`, `product_id`, `quantity`, `unit_price`, `discount`, `total_price`, `notes`, `created_at`) VALUES (11, 4, 1, 2, '32.00', '0.00', '64.00', NULL, '2026-01-21 15:23:08');
INSERT INTO `invoice_items` (`id`, `invoice_id`, `product_id`, `quantity`, `unit_price`, `discount`, `total_price`, `notes`, `created_at`) VALUES (12, 4, 6, 1, '24.00', '0.00', '24.00', NULL, '2026-01-21 15:23:08');
INSERT INTO `invoice_items` (`id`, `invoice_id`, `product_id`, `quantity`, `unit_price`, `discount`, `total_price`, `notes`, `created_at`) VALUES (13, 4, 20, 1, '48.00', '0.00', '48.00', NULL, '2026-01-21 15:23:08');
INSERT INTO `invoice_items` (`id`, `invoice_id`, `product_id`, `quantity`, `unit_price`, `discount`, `total_price`, `notes`, `created_at`) VALUES (14, 4, 17, 1, '35.00', '0.00', '35.00', NULL, '2026-01-21 15:23:08');
INSERT INTO `invoice_items` (`id`, `invoice_id`, `product_id`, `quantity`, `unit_price`, `discount`, `total_price`, `notes`, `created_at`) VALUES (15, 4, 22, 1, '18.00', '0.00', '18.00', NULL, '2026-01-21 15:23:08');
INSERT INTO `invoice_items` (`id`, `invoice_id`, `product_id`, `quantity`, `unit_price`, `discount`, `total_price`, `notes`, `created_at`) VALUES (16, 4, 21, 1, '38.00', '0.00', '38.00', NULL, '2026-01-21 15:23:08');
INSERT INTO `invoice_items` (`id`, `invoice_id`, `product_id`, `quantity`, `unit_price`, `discount`, `total_price`, `notes`, `created_at`) VALUES (17, 4, 35, 1, '25.00', '0.00', '25.00', NULL, '2026-01-21 15:23:08');
INSERT INTO `invoice_items` (`id`, `invoice_id`, `product_id`, `quantity`, `unit_price`, `discount`, `total_price`, `notes`, `created_at`) VALUES (18, 5, 9, 1, '30.00', '0.00', '30.00', NULL, '2026-01-21 15:23:46');
INSERT INTO `invoice_items` (`id`, `invoice_id`, `product_id`, `quantity`, `unit_price`, `discount`, `total_price`, `notes`, `created_at`) VALUES (19, 5, 22, 1, '18.00', '0.00', '18.00', NULL, '2026-01-21 15:23:46');
INSERT INTO `invoice_items` (`id`, `invoice_id`, `product_id`, `quantity`, `unit_price`, `discount`, `total_price`, `notes`, `created_at`) VALUES (20, 6, 6, 1, '24.00', '0.00', '24.00', NULL, '2026-01-22 00:09:02');
INSERT INTO `invoice_items` (`id`, `invoice_id`, `product_id`, `quantity`, `unit_price`, `discount`, `total_price`, `notes`, `created_at`) VALUES (21, 6, 1, 1, '32.00', '0.00', '32.00', NULL, '2026-01-22 00:09:02');
INSERT INTO `invoice_items` (`id`, `invoice_id`, `product_id`, `quantity`, `unit_price`, `discount`, `total_price`, `notes`, `created_at`) VALUES (22, 6, 20, 1, '48.00', '0.00', '48.00', NULL, '2026-01-22 00:09:02');
INSERT INTO `invoice_items` (`id`, `invoice_id`, `product_id`, `quantity`, `unit_price`, `discount`, `total_price`, `notes`, `created_at`) VALUES (23, 6, 17, 1, '35.00', '0.00', '35.00', NULL, '2026-01-22 00:09:02');
INSERT INTO `invoice_items` (`id`, `invoice_id`, `product_id`, `quantity`, `unit_price`, `discount`, `total_price`, `notes`, `created_at`) VALUES (24, 6, 22, 1, '18.00', '0.00', '18.00', NULL, '2026-01-22 00:09:02');
INSERT INTO `invoice_items` (`id`, `invoice_id`, `product_id`, `quantity`, `unit_price`, `discount`, `total_price`, `notes`, `created_at`) VALUES (25, 6, 21, 1, '38.00', '0.00', '38.00', NULL, '2026-01-22 00:09:02');
INSERT INTO `invoice_items` (`id`, `invoice_id`, `product_id`, `quantity`, `unit_price`, `discount`, `total_price`, `notes`, `created_at`) VALUES (26, 6, 31, 1, '65.00', '0.00', '65.00', NULL, '2026-01-22 00:09:02');
INSERT INTO `invoice_items` (`id`, `invoice_id`, `product_id`, `quantity`, `unit_price`, `discount`, `total_price`, `notes`, `created_at`) VALUES (27, 6, 26, 1, '5.00', '0.00', '5.00', NULL, '2026-01-22 00:09:02');
INSERT INTO `invoice_items` (`id`, `invoice_id`, `product_id`, `quantity`, `unit_price`, `discount`, `total_price`, `notes`, `created_at`) VALUES (28, 6, 35, 1, '25.00', '0.00', '25.00', NULL, '2026-01-22 00:09:02');
INSERT INTO `invoice_items` (`id`, `invoice_id`, `product_id`, `quantity`, `unit_price`, `discount`, `total_price`, `notes`, `created_at`) VALUES (29, 7, 1, 1, '32.00', '0.00', '32.00', NULL, '2026-01-22 00:26:13');
INSERT INTO `invoice_items` (`id`, `invoice_id`, `product_id`, `quantity`, `unit_price`, `discount`, `total_price`, `notes`, `created_at`) VALUES (30, 7, 17, 1, '35.00', '0.00', '35.00', NULL, '2026-01-22 00:26:13');
INSERT INTO `invoice_items` (`id`, `invoice_id`, `product_id`, `quantity`, `unit_price`, `discount`, `total_price`, `notes`, `created_at`) VALUES (31, 7, 6, 1, '24.00', '0.00', '24.00', NULL, '2026-01-22 00:26:13');
INSERT INTO `invoice_items` (`id`, `invoice_id`, `product_id`, `quantity`, `unit_price`, `discount`, `total_price`, `notes`, `created_at`) VALUES (32, 7, 20, 1, '48.00', '0.00', '48.00', NULL, '2026-01-22 00:26:13');
INSERT INTO `invoice_items` (`id`, `invoice_id`, `product_id`, `quantity`, `unit_price`, `discount`, `total_price`, `notes`, `created_at`) VALUES (33, 8, 1, 1, '32.00', '0.00', '32.00', NULL, '2026-01-22 02:14:40');
INSERT INTO `invoice_items` (`id`, `invoice_id`, `product_id`, `quantity`, `unit_price`, `discount`, `total_price`, `notes`, `created_at`) VALUES (34, 8, 2, 1, '28.00', '0.00', '28.00', NULL, '2026-01-22 02:14:40');
INSERT INTO `invoice_items` (`id`, `invoice_id`, `product_id`, `quantity`, `unit_price`, `discount`, `total_price`, `notes`, `created_at`) VALUES (35, 9, 3, 1, '11.00', '0.00', '11.00', NULL, '2026-01-22 12:25:49');
INSERT INTO `invoice_items` (`id`, `invoice_id`, `product_id`, `quantity`, `unit_price`, `discount`, `total_price`, `notes`, `created_at`) VALUES (36, 10, 1, 1, '32.00', '0.00', '32.00', NULL, '2026-01-22 12:28:33');
INSERT INTO `invoice_items` (`id`, `invoice_id`, `product_id`, `quantity`, `unit_price`, `discount`, `total_price`, `notes`, `created_at`) VALUES (37, 10, 2, 1, '28.00', '0.00', '28.00', NULL, '2026-01-22 12:28:33');
INSERT INTO `invoice_items` (`id`, `invoice_id`, `product_id`, `quantity`, `unit_price`, `discount`, `total_price`, `notes`, `created_at`) VALUES (38, 10, 9, 1, '30.00', '0.00', '30.00', NULL, '2026-01-22 12:28:33');
INSERT INTO `invoice_items` (`id`, `invoice_id`, `product_id`, `quantity`, `unit_price`, `discount`, `total_price`, `notes`, `created_at`) VALUES (39, 10, 5, 1, '58.00', '0.00', '58.00', NULL, '2026-01-22 12:28:33');
INSERT INTO `invoice_items` (`id`, `invoice_id`, `product_id`, `quantity`, `unit_price`, `discount`, `total_price`, `notes`, `created_at`) VALUES (40, 11, 2, 1, '28.00', '0.00', '28.00', NULL, '2026-01-31 18:22:16');
INSERT INTO `invoice_items` (`id`, `invoice_id`, `product_id`, `quantity`, `unit_price`, `discount`, `total_price`, `notes`, `created_at`) VALUES (41, 11, 1, 1, '32.00', '0.00', '32.00', NULL, '2026-01-31 18:22:16');
INSERT INTO `invoice_items` (`id`, `invoice_id`, `product_id`, `quantity`, `unit_price`, `discount`, `total_price`, `notes`, `created_at`) VALUES (42, 12, 1, 1, '32.00', '0.00', '32.00', NULL, '2026-01-31 18:32:29');
INSERT INTO `invoice_items` (`id`, `invoice_id`, `product_id`, `quantity`, `unit_price`, `discount`, `total_price`, `notes`, `created_at`) VALUES (43, 13, 1, 1, '32.00', '0.00', '32.00', NULL, '2026-01-31 19:48:38');
INSERT INTO `invoice_items` (`id`, `invoice_id`, `product_id`, `quantity`, `unit_price`, `discount`, `total_price`, `notes`, `created_at`) VALUES (44, 14, 1, 1, '32.00', '0.00', '32.00', NULL, '2026-01-31 20:19:10');
INSERT INTO `invoice_items` (`id`, `invoice_id`, `product_id`, `quantity`, `unit_price`, `discount`, `total_price`, `notes`, `created_at`) VALUES (45, 14, 2, 1, '28.00', '0.00', '28.00', NULL, '2026-01-31 20:19:10');
INSERT INTO `invoice_items` (`id`, `invoice_id`, `product_id`, `quantity`, `unit_price`, `discount`, `total_price`, `notes`, `created_at`) VALUES (46, 14, 3, 1, '11.00', '0.00', '11.00', NULL, '2026-01-31 20:19:10');
INSERT INTO `invoice_items` (`id`, `invoice_id`, `product_id`, `quantity`, `unit_price`, `discount`, `total_price`, `notes`, `created_at`) VALUES (47, 14, 4, 1, '68.00', '0.00', '68.00', NULL, '2026-01-31 20:19:10');
INSERT INTO `invoice_items` (`id`, `invoice_id`, `product_id`, `quantity`, `unit_price`, `discount`, `total_price`, `notes`, `created_at`) VALUES (48, 14, 5, 1, '58.00', '0.00', '58.00', NULL, '2026-01-31 20:19:10');
INSERT INTO `invoice_items` (`id`, `invoice_id`, `product_id`, `quantity`, `unit_price`, `discount`, `total_price`, `notes`, `created_at`) VALUES (49, 14, 6, 1, '24.00', '0.00', '24.00', NULL, '2026-01-31 20:19:10');
INSERT INTO `invoice_items` (`id`, `invoice_id`, `product_id`, `quantity`, `unit_price`, `discount`, `total_price`, `notes`, `created_at`) VALUES (50, 14, 7, 1, '22.00', '0.00', '22.00', NULL, '2026-01-31 20:19:10');
INSERT INTO `invoice_items` (`id`, `invoice_id`, `product_id`, `quantity`, `unit_price`, `discount`, `total_price`, `notes`, `created_at`) VALUES (51, 14, 8, 1, '52.00', '0.00', '52.00', NULL, '2026-01-31 20:19:10');
INSERT INTO `invoice_items` (`id`, `invoice_id`, `product_id`, `quantity`, `unit_price`, `discount`, `total_price`, `notes`, `created_at`) VALUES (52, 14, 20, 1, '48.00', '0.00', '48.00', NULL, '2026-01-31 20:19:10');
INSERT INTO `invoice_items` (`id`, `invoice_id`, `product_id`, `quantity`, `unit_price`, `discount`, `total_price`, `notes`, `created_at`) VALUES (53, 14, 21, 1, '38.00', '0.00', '38.00', NULL, '2026-01-31 20:19:10');
INSERT INTO `invoice_items` (`id`, `invoice_id`, `product_id`, `quantity`, `unit_price`, `discount`, `total_price`, `notes`, `created_at`) VALUES (54, 14, 22, 1, '18.00', '0.00', '18.00', NULL, '2026-01-31 20:19:10');
INSERT INTO `invoice_items` (`id`, `invoice_id`, `product_id`, `quantity`, `unit_price`, `discount`, `total_price`, `notes`, `created_at`) VALUES (55, 14, 23, 1, '55.00', '0.00', '55.00', NULL, '2026-01-31 20:19:10');
INSERT INTO `invoice_items` (`id`, `invoice_id`, `product_id`, `quantity`, `unit_price`, `discount`, `total_price`, `notes`, `created_at`) VALUES (56, 14, 24, 1, '22.00', '0.00', '22.00', NULL, '2026-01-31 20:19:10');
INSERT INTO `invoice_items` (`id`, `invoice_id`, `product_id`, `quantity`, `unit_price`, `discount`, `total_price`, `notes`, `created_at`) VALUES (57, 15, 1, 1, '32.00', '0.00', '32.00', NULL, '2026-02-03 18:59:27');
INSERT INTO `invoice_items` (`id`, `invoice_id`, `product_id`, `quantity`, `unit_price`, `discount`, `total_price`, `notes`, `created_at`) VALUES (58, 15, 2, 1, '28.00', '0.00', '28.00', NULL, '2026-02-03 18:59:27');
INSERT INTO `invoice_items` (`id`, `invoice_id`, `product_id`, `quantity`, `unit_price`, `discount`, `total_price`, `notes`, `created_at`) VALUES (59, 15, 3, 1, '11.00', '0.00', '11.00', NULL, '2026-02-03 18:59:27');
INSERT INTO `invoice_items` (`id`, `invoice_id`, `product_id`, `quantity`, `unit_price`, `discount`, `total_price`, `notes`, `created_at`) VALUES (60, 15, 4, 1, '68.00', '0.00', '68.00', NULL, '2026-02-03 18:59:27');
INSERT INTO `invoice_items` (`id`, `invoice_id`, `product_id`, `quantity`, `unit_price`, `discount`, `total_price`, `notes`, `created_at`) VALUES (61, 16, 1, 10, '32.00', '0.00', '320.00', NULL, '2026-02-05 07:50:18');
INSERT INTO `invoice_items` (`id`, `invoice_id`, `product_id`, `quantity`, `unit_price`, `discount`, `total_price`, `notes`, `created_at`) VALUES (62, 16, 2, 10, '28.00', '0.00', '280.00', NULL, '2026-02-05 07:50:18');
INSERT INTO `invoice_items` (`id`, `invoice_id`, `product_id`, `quantity`, `unit_price`, `discount`, `total_price`, `notes`, `created_at`) VALUES (63, 16, 3, 10, '11.00', '0.00', '110.00', NULL, '2026-02-05 07:50:18');
INSERT INTO `invoice_items` (`id`, `invoice_id`, `product_id`, `quantity`, `unit_price`, `discount`, `total_price`, `notes`, `created_at`) VALUES (64, 16, 4, 10, '68.00', '0.00', '680.00', NULL, '2026-02-05 07:50:18');
INSERT INTO `invoice_items` (`id`, `invoice_id`, `product_id`, `quantity`, `unit_price`, `discount`, `total_price`, `notes`, `created_at`) VALUES (65, 16, 5, 10, '58.00', '0.00', '580.00', NULL, '2026-02-05 07:50:18');
INSERT INTO `invoice_items` (`id`, `invoice_id`, `product_id`, `quantity`, `unit_price`, `discount`, `total_price`, `notes`, `created_at`) VALUES (66, 16, 6, 10, '24.00', '0.00', '240.00', NULL, '2026-02-05 07:50:18');
INSERT INTO `invoice_items` (`id`, `invoice_id`, `product_id`, `quantity`, `unit_price`, `discount`, `total_price`, `notes`, `created_at`) VALUES (67, 16, 7, 10, '22.00', '0.00', '220.00', NULL, '2026-02-05 07:50:18');
INSERT INTO `invoice_items` (`id`, `invoice_id`, `product_id`, `quantity`, `unit_price`, `discount`, `total_price`, `notes`, `created_at`) VALUES (68, 16, 8, 10, '52.00', '0.00', '520.00', NULL, '2026-02-05 07:50:18');
INSERT INTO `invoice_items` (`id`, `invoice_id`, `product_id`, `quantity`, `unit_price`, `discount`, `total_price`, `notes`, `created_at`) VALUES (69, 16, 20, 20, '48.00', '0.00', '960.00', NULL, '2026-02-05 07:50:18');
INSERT INTO `invoice_items` (`id`, `invoice_id`, `product_id`, `quantity`, `unit_price`, `discount`, `total_price`, `notes`, `created_at`) VALUES (70, 16, 21, 10, '38.00', '0.00', '380.00', NULL, '2026-02-05 07:50:18');
INSERT INTO `invoice_items` (`id`, `invoice_id`, `product_id`, `quantity`, `unit_price`, `discount`, `total_price`, `notes`, `created_at`) VALUES (71, 16, 22, 10, '18.00', '0.00', '180.00', NULL, '2026-02-05 07:50:18');
INSERT INTO `invoice_items` (`id`, `invoice_id`, `product_id`, `quantity`, `unit_price`, `discount`, `total_price`, `notes`, `created_at`) VALUES (72, 16, 23, 10, '55.00', '0.00', '550.00', NULL, '2026-02-05 07:50:18');
INSERT INTO `invoice_items` (`id`, `invoice_id`, `product_id`, `quantity`, `unit_price`, `discount`, `total_price`, `notes`, `created_at`) VALUES (73, 16, 24, 10, '22.00', '0.00', '220.00', NULL, '2026-02-05 07:50:18');
INSERT INTO `invoice_items` (`id`, `invoice_id`, `product_id`, `quantity`, `unit_price`, `discount`, `total_price`, `notes`, `created_at`) VALUES (74, 16, 30, 10, '45.00', '0.00', '450.00', NULL, '2026-02-05 07:50:18');
INSERT INTO `invoice_items` (`id`, `invoice_id`, `product_id`, `quantity`, `unit_price`, `discount`, `total_price`, `notes`, `created_at`) VALUES (75, 16, 31, 10, '65.00', '0.00', '650.00', NULL, '2026-02-05 07:50:18');
INSERT INTO `invoice_items` (`id`, `invoice_id`, `product_id`, `quantity`, `unit_price`, `discount`, `total_price`, `notes`, `created_at`) VALUES (76, 16, 32, 20, '15.00', '0.00', '300.00', NULL, '2026-02-05 07:50:18');
INSERT INTO `invoice_items` (`id`, `invoice_id`, `product_id`, `quantity`, `unit_price`, `discount`, `total_price`, `notes`, `created_at`) VALUES (77, 16, 9, 10, '30.00', '0.00', '300.00', NULL, '2026-02-05 07:50:18');
INSERT INTO `invoice_items` (`id`, `invoice_id`, `product_id`, `quantity`, `unit_price`, `discount`, `total_price`, `notes`, `created_at`) VALUES (78, 16, 10, 10, '7.00', '0.00', '70.00', NULL, '2026-02-05 07:50:18');
INSERT INTO `invoice_items` (`id`, `invoice_id`, `product_id`, `quantity`, `unit_price`, `discount`, `total_price`, `notes`, `created_at`) VALUES (79, 16, 11, 10, '24.00', '0.00', '240.00', NULL, '2026-02-05 07:50:18');
INSERT INTO `invoice_items` (`id`, `invoice_id`, `product_id`, `quantity`, `unit_price`, `discount`, `total_price`, `notes`, `created_at`) VALUES (80, 16, 12, 10, '6.00', '0.00', '60.00', NULL, '2026-02-05 07:50:18');
INSERT INTO `invoice_items` (`id`, `invoice_id`, `product_id`, `quantity`, `unit_price`, `discount`, `total_price`, `notes`, `created_at`) VALUES (81, 16, 13, 10, '40.00', '0.00', '400.00', NULL, '2026-02-05 07:50:18');
INSERT INTO `invoice_items` (`id`, `invoice_id`, `product_id`, `quantity`, `unit_price`, `discount`, `total_price`, `notes`, `created_at`) VALUES (82, 16, 14, 10, '18.00', '0.00', '180.00', NULL, '2026-02-05 07:50:18');
INSERT INTO `invoice_items` (`id`, `invoice_id`, `product_id`, `quantity`, `unit_price`, `discount`, `total_price`, `notes`, `created_at`) VALUES (83, 17, 1, 1, '32.00', '0.00', '32.00', NULL, '2026-02-05 08:37:02');
INSERT INTO `invoice_items` (`id`, `invoice_id`, `product_id`, `quantity`, `unit_price`, `discount`, `total_price`, `notes`, `created_at`) VALUES (84, 17, 2, 1, '28.00', '0.00', '28.00', NULL, '2026-02-05 08:37:02');
INSERT INTO `invoice_items` (`id`, `invoice_id`, `product_id`, `quantity`, `unit_price`, `discount`, `total_price`, `notes`, `created_at`) VALUES (85, 17, 3, 1, '11.00', '0.00', '11.00', NULL, '2026-02-05 08:37:02');
INSERT INTO `invoice_items` (`id`, `invoice_id`, `product_id`, `quantity`, `unit_price`, `discount`, `total_price`, `notes`, `created_at`) VALUES (86, 17, 4, 1, '68.00', '0.00', '68.00', NULL, '2026-02-05 08:37:02');
INSERT INTO `invoice_items` (`id`, `invoice_id`, `product_id`, `quantity`, `unit_price`, `discount`, `total_price`, `notes`, `created_at`) VALUES (87, 17, 5, 1, '58.00', '0.00', '58.00', NULL, '2026-02-05 08:37:02');
INSERT INTO `invoice_items` (`id`, `invoice_id`, `product_id`, `quantity`, `unit_price`, `discount`, `total_price`, `notes`, `created_at`) VALUES (88, 17, 6, 1, '24.00', '0.00', '24.00', NULL, '2026-02-05 08:37:02');
INSERT INTO `invoice_items` (`id`, `invoice_id`, `product_id`, `quantity`, `unit_price`, `discount`, `total_price`, `notes`, `created_at`) VALUES (89, 17, 7, 1, '22.00', '0.00', '22.00', NULL, '2026-02-05 08:37:02');
INSERT INTO `invoice_items` (`id`, `invoice_id`, `product_id`, `quantity`, `unit_price`, `discount`, `total_price`, `notes`, `created_at`) VALUES (90, 17, 8, 1, '52.00', '0.00', '52.00', NULL, '2026-02-05 08:37:02');
INSERT INTO `invoice_items` (`id`, `invoice_id`, `product_id`, `quantity`, `unit_price`, `discount`, `total_price`, `notes`, `created_at`) VALUES (91, 18, 128, 1, '10.00', '0.00', '10.00', NULL, '2026-02-05 08:47:39');
INSERT INTO `invoice_items` (`id`, `invoice_id`, `product_id`, `quantity`, `unit_price`, `discount`, `total_price`, `notes`, `created_at`) VALUES (92, 18, 1, 1, '32.00', '0.00', '32.00', NULL, '2026-02-05 08:47:39');
INSERT INTO `invoice_items` (`id`, `invoice_id`, `product_id`, `quantity`, `unit_price`, `discount`, `total_price`, `notes`, `created_at`) VALUES (93, 18, 2, 1, '28.00', '0.00', '28.00', NULL, '2026-02-05 08:47:39');
INSERT INTO `invoice_items` (`id`, `invoice_id`, `product_id`, `quantity`, `unit_price`, `discount`, `total_price`, `notes`, `created_at`) VALUES (94, 19, 1, 5, '32.00', '0.00', '160.00', NULL, '2026-02-07 21:07:01');
INSERT INTO `invoice_items` (`id`, `invoice_id`, `product_id`, `quantity`, `unit_price`, `discount`, `total_price`, `notes`, `created_at`) VALUES (95, 19, 2, 1, '28.00', '0.00', '28.00', NULL, '2026-02-07 21:07:01');
INSERT INTO `invoice_items` (`id`, `invoice_id`, `product_id`, `quantity`, `unit_price`, `discount`, `total_price`, `notes`, `created_at`) VALUES (96, 19, 3, 1, '11.00', '0.00', '11.00', NULL, '2026-02-07 21:07:01');
INSERT INTO `invoice_items` (`id`, `invoice_id`, `product_id`, `quantity`, `unit_price`, `discount`, `total_price`, `notes`, `created_at`) VALUES (97, 19, 4, 1, '68.00', '0.00', '68.00', NULL, '2026-02-07 21:07:01');

-- Structure for invoices
DROP TABLE IF EXISTS `invoices`;
CREATE TABLE `invoices` (
  `id` int NOT NULL AUTO_INCREMENT,
  `invoice_number` varchar(50) COLLATE utf8mb4_unicode_ci NOT NULL,
  `store_id` int NOT NULL,
  `cashier_id` int NOT NULL,
  `customer_name` varchar(100) COLLATE utf8mb4_unicode_ci DEFAULT NULL,
  `customer_phone` varchar(20) COLLATE utf8mb4_unicode_ci DEFAULT NULL,
  `customer_address` text COLLATE utf8mb4_unicode_ci,
  `drawer_id` int DEFAULT NULL,
  `invoice_date` timestamp NULL DEFAULT CURRENT_TIMESTAMP,
  `total_amount` decimal(12,2) NOT NULL,
  `paid_amount` decimal(12,2) DEFAULT NULL,
  `remaining_amount` decimal(12,2) DEFAULT NULL,
  `payment_method` enum('Cash','Card','Mixed') COLLATE utf8mb4_unicode_ci DEFAULT 'Cash',
  `status` enum('Completed','Cancelled','Draft') COLLATE utf8mb4_unicode_ci DEFAULT 'Completed',
  `notes` text COLLATE utf8mb4_unicode_ci,
  `created_at` timestamp NULL DEFAULT CURRENT_TIMESTAMP,
  `updated_at` timestamp NULL DEFAULT CURRENT_TIMESTAMP ON UPDATE CURRENT_TIMESTAMP,
  `cash_amount` decimal(10,2) DEFAULT '0.00',
  `card_amount` decimal(10,2) DEFAULT '0.00',
  PRIMARY KEY (`id`),
  UNIQUE KEY `invoice_number` (`invoice_number`),
  KEY `store_id` (`store_id`),
  KEY `cashier_id` (`cashier_id`),
  KEY `idx_invoice_number` (`invoice_number`),
  KEY `idx_invoice_date` (`invoice_date`),
  CONSTRAINT `invoices_ibfk_1` FOREIGN KEY (`store_id`) REFERENCES `stores` (`id`),
  CONSTRAINT `invoices_ibfk_2` FOREIGN KEY (`cashier_id`) REFERENCES `users` (`id`)
) ENGINE=InnoDB AUTO_INCREMENT=20 DEFAULT CHARSET=utf8mb4 COLLATE=utf8mb4_unicode_ci;

-- Data for invoices
INSERT INTO `invoices` (`id`, `invoice_number`, `store_id`, `cashier_id`, `customer_name`, `customer_phone`, `customer_address`, `drawer_id`, `invoice_date`, `total_amount`, `paid_amount`, `remaining_amount`, `payment_method`, `status`, `notes`, `created_at`, `updated_at`, `cash_amount`, `card_amount`) VALUES (1, 'INV-20260121135458', 2, 2, 'طارق', '01229525691', NULL, 1, '2026-01-21 13:54:58', '48.00', NULL, NULL, 'Cash', 'Completed', NULL, '2026-01-21 13:54:58', '2026-01-22 00:36:09', '0.00', '0.00');
INSERT INTO `invoices` (`id`, `invoice_number`, `store_id`, `cashier_id`, `customer_name`, `customer_phone`, `customer_address`, `drawer_id`, `invoice_date`, `total_amount`, `paid_amount`, `remaining_amount`, `payment_method`, `status`, `notes`, `created_at`, `updated_at`, `cash_amount`, `card_amount`) VALUES (2, 'INV-20260121143041', 2, 2, 'محمد طارق', '01010101010', NULL, 1, '2026-01-21 14:30:41', '119.00', NULL, NULL, 'Cash', 'Completed', NULL, '2026-01-21 14:30:41', '2026-01-22 00:36:09', '0.00', '0.00');
INSERT INTO `invoices` (`id`, `invoice_number`, `store_id`, `cashier_id`, `customer_name`, `customer_phone`, `customer_address`, `drawer_id`, `invoice_date`, `total_amount`, `paid_amount`, `remaining_amount`, `payment_method`, `status`, `notes`, `created_at`, `updated_at`, `cash_amount`, `card_amount`) VALUES (3, 'INV-20260121152241', 2, 2, 'عبده', '01070276578', NULL, 1, '2026-01-21 15:22:41', '187.00', NULL, NULL, 'Cash', 'Completed', NULL, '2026-01-21 15:22:41', '2026-01-22 00:36:09', '0.00', '0.00');
INSERT INTO `invoices` (`id`, `invoice_number`, `store_id`, `cashier_id`, `customer_name`, `customer_phone`, `customer_address`, `drawer_id`, `invoice_date`, `total_amount`, `paid_amount`, `remaining_amount`, `payment_method`, `status`, `notes`, `created_at`, `updated_at`, `cash_amount`, `card_amount`) VALUES (4, 'INV-20260121152308', 2, 2, 'خالد شوقي', '01234567890', NULL, 1, '2026-01-21 15:23:08', '252.00', NULL, NULL, 'Cash', 'Completed', NULL, '2026-01-21 15:23:08', '2026-01-22 00:36:09', '0.00', '0.00');
INSERT INTO `invoices` (`id`, `invoice_number`, `store_id`, `cashier_id`, `customer_name`, `customer_phone`, `customer_address`, `drawer_id`, `invoice_date`, `total_amount`, `paid_amount`, `remaining_amount`, `payment_method`, `status`, `notes`, `created_at`, `updated_at`, `cash_amount`, `card_amount`) VALUES (5, 'INV-20260121152346', 2, 2, 'طارق', '01229525691', NULL, 1, '2026-01-21 15:23:46', '48.00', NULL, NULL, 'Cash', 'Completed', NULL, '2026-01-21 15:23:46', '2026-01-22 00:36:09', '0.00', '0.00');
INSERT INTO `invoices` (`id`, `invoice_number`, `store_id`, `cashier_id`, `customer_name`, `customer_phone`, `customer_address`, `drawer_id`, `invoice_date`, `total_amount`, `paid_amount`, `remaining_amount`, `payment_method`, `status`, `notes`, `created_at`, `updated_at`, `cash_amount`, `card_amount`) VALUES (6, 'INV-20260122000902', 2, 2, 'خالد شوقي', '01108261455', 'القلج', 1, '2026-01-22 00:09:02', '290.00', NULL, NULL, 'Cash', 'Completed', NULL, '2026-01-22 00:09:02', '2026-01-22 00:36:09', '0.00', '0.00');
INSERT INTO `invoices` (`id`, `invoice_number`, `store_id`, `cashier_id`, `customer_name`, `customer_phone`, `customer_address`, `drawer_id`, `invoice_date`, `total_amount`, `paid_amount`, `remaining_amount`, `payment_method`, `status`, `notes`, `created_at`, `updated_at`, `cash_amount`, `card_amount`) VALUES (7, 'INV-20260122002613', 2, 2, 'محمد شوقي', '01070276578', 'القلج', 1, '2026-01-22 00:26:13', '139.00', NULL, NULL, 'Cash', 'Completed', NULL, '2026-01-22 00:26:13', '2026-01-22 00:36:09', '0.00', '0.00');
INSERT INTO `invoices` (`id`, `invoice_number`, `store_id`, `cashier_id`, `customer_name`, `customer_phone`, `customer_address`, `drawer_id`, `invoice_date`, `total_amount`, `paid_amount`, `remaining_amount`, `payment_method`, `status`, `notes`, `created_at`, `updated_at`, `cash_amount`, `card_amount`) VALUES (8, 'INV-20260122021440', 1, 1, 'ghg', '3216445', 'ggg', 2, '2026-01-22 02:14:40', '60.00', NULL, NULL, 'Cash', 'Completed', NULL, '2026-01-22 02:14:40', '2026-01-22 02:14:40', '0.00', '0.00');
INSERT INTO `invoices` (`id`, `invoice_number`, `store_id`, `cashier_id`, `customer_name`, `customer_phone`, `customer_address`, `drawer_id`, `invoice_date`, `total_amount`, `paid_amount`, `remaining_amount`, `payment_method`, `status`, `notes`, `created_at`, `updated_at`, `cash_amount`, `card_amount`) VALUES (9, 'INV-20260122122549', 2, 2, 'ا', '1', '1', 3, '2026-01-22 12:25:49', '11.00', NULL, NULL, 'Cash', 'Completed', NULL, '2026-01-22 12:25:49', '2026-01-22 12:25:49', '0.00', '0.00');
INSERT INTO `invoices` (`id`, `invoice_number`, `store_id`, `cashier_id`, `customer_name`, `customer_phone`, `customer_address`, `drawer_id`, `invoice_date`, `total_amount`, `paid_amount`, `remaining_amount`, `payment_method`, `status`, `notes`, `created_at`, `updated_at`, `cash_amount`, `card_amount`) VALUES (10, 'INV-20260122122833', 2, 2, 'عبدالقادر طارق', '01070276578', 'المرج', 3, '2026-01-22 12:28:33', '148.00', NULL, NULL, 'Cash', 'Completed', NULL, '2026-01-22 12:28:33', '2026-01-22 12:28:33', '0.00', '0.00');
INSERT INTO `invoices` (`id`, `invoice_number`, `store_id`, `cashier_id`, `customer_name`, `customer_phone`, `customer_address`, `drawer_id`, `invoice_date`, `total_amount`, `paid_amount`, `remaining_amount`, `payment_method`, `status`, `notes`, `created_at`, `updated_at`, `cash_amount`, `card_amount`) VALUES (11, 'INV-20260131182216', 3, 3, 'عبدالحميد', '01234567890', 'الشروق', 5, '2026-01-31 18:22:16', '60.00', NULL, NULL, 'Card', 'Completed', NULL, '2026-01-31 18:22:16', '2026-01-31 18:22:16', '0.00', '0.00');
INSERT INTO `invoices` (`id`, `invoice_number`, `store_id`, `cashier_id`, `customer_name`, `customer_phone`, `customer_address`, `drawer_id`, `invoice_date`, `total_amount`, `paid_amount`, `remaining_amount`, `payment_method`, `status`, `notes`, `created_at`, `updated_at`, `cash_amount`, `card_amount`) VALUES (12, 'INV-20260131183229', 4, 1, 'عبدالقادر طارق', '01070276578', 'المرج', 4, '2026-01-31 18:32:29', '32.00', NULL, NULL, 'Cash', 'Completed', NULL, '2026-01-31 18:32:29', '2026-01-31 18:32:29', '0.00', '0.00');
INSERT INTO `invoices` (`id`, `invoice_number`, `store_id`, `cashier_id`, `customer_name`, `customer_phone`, `customer_address`, `drawer_id`, `invoice_date`, `total_amount`, `paid_amount`, `remaining_amount`, `payment_method`, `status`, `notes`, `created_at`, `updated_at`, `cash_amount`, `card_amount`) VALUES (13, 'INV-20260131194838', 2, 2, 'عبدالحميد', '01234567890', 'الشروق', 6, '2026-01-31 19:48:38', '32.00', NULL, NULL, 'Cash', 'Completed', NULL, '2026-01-31 19:48:38', '2026-01-31 19:48:38', '0.00', '0.00');
INSERT INTO `invoices` (`id`, `invoice_number`, `store_id`, `cashier_id`, `customer_name`, `customer_phone`, `customer_address`, `drawer_id`, `invoice_date`, `total_amount`, `paid_amount`, `remaining_amount`, `payment_method`, `status`, `notes`, `created_at`, `updated_at`, `cash_amount`, `card_amount`) VALUES (14, 'INV-20260131201910', 2, 2, 'عبدالقادر طارق', '01070276578', 'المرج', 8, '2026-01-31 20:19:10', '476.00', NULL, NULL, 'Mixed', 'Completed', NULL, '2026-01-31 20:19:10', '2026-01-31 20:19:10', '250.00', '202.25');
INSERT INTO `invoices` (`id`, `invoice_number`, `store_id`, `cashier_id`, `customer_name`, `customer_phone`, `customer_address`, `drawer_id`, `invoice_date`, `total_amount`, `paid_amount`, `remaining_amount`, `payment_method`, `status`, `notes`, `created_at`, `updated_at`, `cash_amount`, `card_amount`) VALUES (15, 'INV-20260203185927', 2, 2, 'عبدالقادر طارق', '01070276578', 'المرج', 14, '2026-02-03 18:59:27', '139.00', NULL, NULL, 'Cash', 'Completed', NULL, '2026-02-03 18:59:27', '2026-02-03 18:59:27', '139.00', '0.00');
INSERT INTO `invoices` (`id`, `invoice_number`, `store_id`, `cashier_id`, `customer_name`, `customer_phone`, `customer_address`, `drawer_id`, `invoice_date`, `total_amount`, `paid_amount`, `remaining_amount`, `payment_method`, `status`, `notes`, `created_at`, `updated_at`, `cash_amount`, `card_amount`) VALUES (16, 'INV-20260205075018', 2, 2, 'طارق', '01229525691', 'القلج ش المدرسة الثانوية كركز الخانكة القليوبية ', 14, '2026-02-05 07:50:18', '7890.00', NULL, NULL, 'Cash', 'Completed', NULL, '2026-02-05 07:50:18', '2026-02-05 07:50:18', '7600.00', '0.00');
INSERT INTO `invoices` (`id`, `invoice_number`, `store_id`, `cashier_id`, `customer_name`, `customer_phone`, `customer_address`, `drawer_id`, `invoice_date`, `total_amount`, `paid_amount`, `remaining_amount`, `payment_method`, `status`, `notes`, `created_at`, `updated_at`, `cash_amount`, `card_amount`) VALUES (17, 'INV-20260205083701', 2, 5, 'Cash Customer', '', '', 14, '2026-02-05 08:37:01', '295.00', NULL, NULL, 'Cash', 'Completed', NULL, '2026-02-05 08:37:01', '2026-02-05 08:37:02', '295.00', '0.00');
INSERT INTO `invoices` (`id`, `invoice_number`, `store_id`, `cashier_id`, `customer_name`, `customer_phone`, `customer_address`, `drawer_id`, `invoice_date`, `total_amount`, `paid_amount`, `remaining_amount`, `payment_method`, `status`, `notes`, `created_at`, `updated_at`, `cash_amount`, `card_amount`) VALUES (18, 'INV-20260205084739', 2, 5, 'Cash Customer', '', '', 14, '2026-02-05 08:47:39', '70.00', NULL, NULL, 'Cash', 'Completed', NULL, '2026-02-05 08:47:39', '2026-02-05 08:47:39', '70.00', '0.00');
INSERT INTO `invoices` (`id`, `invoice_number`, `store_id`, `cashier_id`, `customer_name`, `customer_phone`, `customer_address`, `drawer_id`, `invoice_date`, `total_amount`, `paid_amount`, `remaining_amount`, `payment_method`, `status`, `notes`, `created_at`, `updated_at`, `cash_amount`, `card_amount`) VALUES (19, 'INV-20260207210701', 2, 5, 'عبدالقادر طارق', '01070276578', 'المرج', 14, '2026-02-07 21:07:01', '267.00', NULL, NULL, 'Cash', 'Completed', NULL, '2026-02-07 21:07:01', '2026-02-07 21:07:01', '247.00', '0.00');

-- Structure for login_attempts
DROP TABLE IF EXISTS `login_attempts`;
CREATE TABLE `login_attempts` (
  `id` int NOT NULL AUTO_INCREMENT,
  `user_email` varchar(100) COLLATE utf8mb4_unicode_ci DEFAULT NULL,
  `user_id` int DEFAULT NULL,
  `device_id` varchar(255) COLLATE utf8mb4_unicode_ci DEFAULT NULL,
  `device_name` varchar(100) COLLATE utf8mb4_unicode_ci DEFAULT NULL,
  `ip_address` varchar(45) COLLATE utf8mb4_unicode_ci DEFAULT NULL,
  `attempt_time` timestamp NULL DEFAULT CURRENT_TIMESTAMP,
  `success` tinyint(1) DEFAULT NULL,
  `failure_reason` varchar(255) COLLATE utf8mb4_unicode_ci DEFAULT NULL,
  PRIMARY KEY (`id`),
  KEY `user_id` (`user_id`),
  KEY `idx_user_time` (`user_email`,`attempt_time`),
  KEY `idx_success` (`success`),
  KEY `idx_device` (`device_id`),
  CONSTRAINT `login_attempts_ibfk_1` FOREIGN KEY (`user_id`) REFERENCES `users` (`id`)
) ENGINE=InnoDB AUTO_INCREMENT=226 DEFAULT CHARSET=utf8mb4 COLLATE=utf8mb4_unicode_ci;

-- Data for login_attempts
INSERT INTO `login_attempts` (`id`, `user_email`, `user_id`, `device_id`, `device_name`, `ip_address`, `attempt_time`, `success`, `failure_reason`) VALUES (1, 'admin@posapp.com', 1, 'e0:80:03:0e:3a:e8_DESKTOP-3649MI1', 'DESKTOP-3649MI1', '192.168.1.5', '2026-01-31 19:13:28', 0, 'جهاز غير مصرح به');
INSERT INTO `login_attempts` (`id`, `user_email`, `user_id`, `device_id`, `device_name`, `ip_address`, `attempt_time`, `success`, `failure_reason`) VALUES (2, 'apdo@gmail.com', 2, 'e0:80:03:0e:3a:e8_DESKTOP-3649MI1', 'DESKTOP-3649MI1', '192.168.1.5', '2026-01-31 19:14:16', 0, 'جهاز غير مصرح به');
INSERT INTO `login_attempts` (`id`, `user_email`, `user_id`, `device_id`, `device_name`, `ip_address`, `attempt_time`, `success`, `failure_reason`) VALUES (3, 'admin@posapp.com', 1, 'e0:80:03:0e:3a:e8_DESKTOP-3649MI1', 'DESKTOP-3649MI1', '192.168.1.5', '2026-01-31 19:21:48', 0, 'جهاز غير مصرح به');
INSERT INTO `login_attempts` (`id`, `user_email`, `user_id`, `device_id`, `device_name`, `ip_address`, `attempt_time`, `success`, `failure_reason`) VALUES (4, 'admin@posapp.com', 1, 'e0:80:03:0e:3a:e8_DESKTOP-3649MI1', 'DESKTOP-3649MI1', '192.168.1.5', '2026-01-31 19:23:52', 1, NULL);
INSERT INTO `login_attempts` (`id`, `user_email`, `user_id`, `device_id`, `device_name`, `ip_address`, `attempt_time`, `success`, `failure_reason`) VALUES (5, 'mt@pos.com', 5, 'e0:80:03:0e:3a:e8_DESKTOP-3649MI1', 'DESKTOP-3649MI1', '192.168.1.5', '2026-01-31 19:28:26', 0, 'جهاز غير مصرح به');
INSERT INTO `login_attempts` (`id`, `user_email`, `user_id`, `device_id`, `device_name`, `ip_address`, `attempt_time`, `success`, `failure_reason`) VALUES (6, 'apdo@gmail.com', 2, 'e0:80:03:0e:3a:e8_DESKTOP-3649MI1', 'DESKTOP-3649MI1', '192.168.1.5', '2026-01-31 19:28:39', 0, 'جهاز غير مصرح به');
INSERT INTO `login_attempts` (`id`, `user_email`, `user_id`, `device_id`, `device_name`, `ip_address`, `attempt_time`, `success`, `failure_reason`) VALUES (7, 'admin@posapp.com', 1, 'e0:80:03:0e:3a:e8_DESKTOP-3649MI1', 'DESKTOP-3649MI1', '192.168.1.5', '2026-01-31 19:29:02', 1, NULL);
INSERT INTO `login_attempts` (`id`, `user_email`, `user_id`, `device_id`, `device_name`, `ip_address`, `attempt_time`, `success`, `failure_reason`) VALUES (8, 'apdo@gmail.com', 2, 'e0:80:03:0e:3a:e8_DESKTOP-3649MI1', 'DESKTOP-3649MI1', '192.168.1.5', '2026-01-31 19:31:31', 0, 'جهاز غير مصرح به');
INSERT INTO `login_attempts` (`id`, `user_email`, `user_id`, `device_id`, `device_name`, `ip_address`, `attempt_time`, `success`, `failure_reason`) VALUES (9, 'apdo@gmail.com', 2, 'e0:80:03:0e:3a:e8_DESKTOP-3649MI1', 'DESKTOP-3649MI1', '192.168.1.5', '2026-01-31 19:32:09', 0, 'جهاز غير مصرح به');
INSERT INTO `login_attempts` (`id`, `user_email`, `user_id`, `device_id`, `device_name`, `ip_address`, `attempt_time`, `success`, `failure_reason`) VALUES (10, 'admin@posapp.com', NULL, 'e0:80:03:0e:3a:e8_DESKTOP-3649MI1', 'DESKTOP-3649MI1', '192.168.1.5', '2026-01-31 19:32:23', 0, 'بيانات دخول غير صحيحة');
INSERT INTO `login_attempts` (`id`, `user_email`, `user_id`, `device_id`, `device_name`, `ip_address`, `attempt_time`, `success`, `failure_reason`) VALUES (11, 'admin@posapp.com', 1, 'e0:80:03:0e:3a:e8_DESKTOP-3649MI1', 'DESKTOP-3649MI1', '192.168.1.5', '2026-01-31 19:32:26', 1, NULL);
INSERT INTO `login_attempts` (`id`, `user_email`, `user_id`, `device_id`, `device_name`, `ip_address`, `attempt_time`, `success`, `failure_reason`) VALUES (12, 'admin@posapp.com', 1, 'e0:80:03:0e:3a:e8_DESKTOP-3649MI1', 'DESKTOP-3649MI1', '192.168.1.5', '2026-01-31 19:41:38', 1, NULL);
INSERT INTO `login_attempts` (`id`, `user_email`, `user_id`, `device_id`, `device_name`, `ip_address`, `attempt_time`, `success`, `failure_reason`) VALUES (13, 'apdo@gmail.com', 2, 'e0:80:03:0e:3a:e8_DESKTOP-3649MI1', 'DESKTOP-3649MI1', '192.168.1.5', '2026-01-31 19:42:41', 1, NULL);
INSERT INTO `login_attempts` (`id`, `user_email`, `user_id`, `device_id`, `device_name`, `ip_address`, `attempt_time`, `success`, `failure_reason`) VALUES (14, 'apdo@gmail.com', 2, 'e0:80:03:0e:3a:e8_DESKTOP-3649MI1', 'DESKTOP-3649MI1', '192.168.1.5', '2026-01-31 19:48:09', 1, NULL);
INSERT INTO `login_attempts` (`id`, `user_email`, `user_id`, `device_id`, `device_name`, `ip_address`, `attempt_time`, `success`, `failure_reason`) VALUES (15, 'apdo@gmail.com', NULL, 'e0:80:03:0e:3a:e8_DESKTOP-3649MI1', 'DESKTOP-3649MI1', '192.168.1.5', '2026-01-31 19:53:22', 0, 'بيانات دخول غير صحيحة');
INSERT INTO `login_attempts` (`id`, `user_email`, `user_id`, `device_id`, `device_name`, `ip_address`, `attempt_time`, `success`, `failure_reason`) VALUES (16, 'apdo@gmail.com', 2, 'e0:80:03:0e:3a:e8_DESKTOP-3649MI1', 'DESKTOP-3649MI1', '192.168.1.5', '2026-01-31 19:53:25', 1, NULL);
INSERT INTO `login_attempts` (`id`, `user_email`, `user_id`, `device_id`, `device_name`, `ip_address`, `attempt_time`, `success`, `failure_reason`) VALUES (17, 'apdo@gmail.com', 2, 'e0:80:03:0e:3a:e8_DESKTOP-3649MI1', 'DESKTOP-3649MI1', '192.168.1.5', '2026-01-31 19:53:52', 1, NULL);
INSERT INTO `login_attempts` (`id`, `user_email`, `user_id`, `device_id`, `device_name`, `ip_address`, `attempt_time`, `success`, `failure_reason`) VALUES (18, 'apdo@gmail.com', 2, 'e0:80:03:0e:3a:e8_DESKTOP-3649MI1', 'DESKTOP-3649MI1', '192.168.1.5', '2026-01-31 20:14:19', 1, NULL);
INSERT INTO `login_attempts` (`id`, `user_email`, `user_id`, `device_id`, `device_name`, `ip_address`, `attempt_time`, `success`, `failure_reason`) VALUES (19, 'apdo@gmail.com', 2, 'e0:80:03:0e:3a:e8_DESKTOP-3649MI1', 'DESKTOP-3649MI1', '192.168.1.5', '2026-01-31 20:14:40', 1, NULL);
INSERT INTO `login_attempts` (`id`, `user_email`, `user_id`, `device_id`, `device_name`, `ip_address`, `attempt_time`, `success`, `failure_reason`) VALUES (20, 'apdo@gmail.com', 2, 'e0:80:03:0e:3a:e8_DESKTOP-3649MI1', 'DESKTOP-3649MI1', '192.168.1.5', '2026-01-31 20:16:57', 1, NULL);
INSERT INTO `login_attempts` (`id`, `user_email`, `user_id`, `device_id`, `device_name`, `ip_address`, `attempt_time`, `success`, `failure_reason`) VALUES (21, 'apdo@gmail.com', 2, 'e0:80:03:0e:3a:e8_DESKTOP-3649MI1', 'DESKTOP-3649MI1', '192.168.1.5', '2026-01-31 20:26:49', 1, NULL);
INSERT INTO `login_attempts` (`id`, `user_email`, `user_id`, `device_id`, `device_name`, `ip_address`, `attempt_time`, `success`, `failure_reason`) VALUES (22, 'admin@posapp.com', 1, 'e0:80:03:0e:3a:e8_DESKTOP-3649MI1', 'DESKTOP-3649MI1', '192.168.1.5', '2026-01-31 20:29:32', 1, NULL);
INSERT INTO `login_attempts` (`id`, `user_email`, `user_id`, `device_id`, `device_name`, `ip_address`, `attempt_time`, `success`, `failure_reason`) VALUES (23, 'admin@posapp.com', 1, 'e0:80:03:0e:3a:e8_DESKTOP-3649MI1', 'DESKTOP-3649MI1', '192.168.1.5', '2026-01-31 21:03:29', 1, NULL);
INSERT INTO `login_attempts` (`id`, `user_email`, `user_id`, `device_id`, `device_name`, `ip_address`, `attempt_time`, `success`, `failure_reason`) VALUES (24, 'apdo@gmail.com', 2, 'e0:80:03:0e:3a:e8_DESKTOP-3649MI1', 'DESKTOP-3649MI1', '192.168.1.5', '2026-01-31 21:04:28', 1, NULL);
INSERT INTO `login_attempts` (`id`, `user_email`, `user_id`, `device_id`, `device_name`, `ip_address`, `attempt_time`, `success`, `failure_reason`) VALUES (25, 'admin@posapp.com', 1, 'e0:80:03:0e:3a:e8_DESKTOP-3649MI1', 'DESKTOP-3649MI1', '192.168.1.5', '2026-01-31 21:08:10', 1, NULL);
INSERT INTO `login_attempts` (`id`, `user_email`, `user_id`, `device_id`, `device_name`, `ip_address`, `attempt_time`, `success`, `failure_reason`) VALUES (26, 'admin@posapp.com', 1, 'e0:80:03:0e:3a:e8_DESKTOP-3649MI1', 'DESKTOP-3649MI1', '192.168.1.5', '2026-01-31 21:40:12', 1, NULL);
INSERT INTO `login_attempts` (`id`, `user_email`, `user_id`, `device_id`, `device_name`, `ip_address`, `attempt_time`, `success`, `failure_reason`) VALUES (27, 'admin@posapp.com', 1, 'e0:80:03:0e:3a:e8_DESKTOP-3649MI1', 'DESKTOP-3649MI1', '192.168.1.5', '2026-01-31 21:44:41', 1, NULL);
INSERT INTO `login_attempts` (`id`, `user_email`, `user_id`, `device_id`, `device_name`, `ip_address`, `attempt_time`, `success`, `failure_reason`) VALUES (28, 'apdo@gmail.com', 2, 'e0:80:03:0e:3a:e8_DESKTOP-3649MI1', 'DESKTOP-3649MI1', '192.168.1.5', '2026-01-31 21:52:30', 1, NULL);
INSERT INTO `login_attempts` (`id`, `user_email`, `user_id`, `device_id`, `device_name`, `ip_address`, `attempt_time`, `success`, `failure_reason`) VALUES (29, 'admin@posapp.com', 1, '7e:f8:e3:8d:35:d7_DESKTOP-3649MI1', 'DESKTOP-3649MI1', '192.168.1.5', '2026-02-01 18:20:03', 1, NULL);
INSERT INTO `login_attempts` (`id`, `user_email`, `user_id`, `device_id`, `device_name`, `ip_address`, `attempt_time`, `success`, `failure_reason`) VALUES (30, 'admin@posapp.com', 1, '7e:f8:e3:8d:35:d7_DESKTOP-3649MI1', 'DESKTOP-3649MI1', '192.168.1.5', '2026-02-01 18:27:22', 1, NULL);
INSERT INTO `login_attempts` (`id`, `user_email`, `user_id`, `device_id`, `device_name`, `ip_address`, `attempt_time`, `success`, `failure_reason`) VALUES (31, 'admin@posapp.com', 1, '7e:f8:e3:8d:35:d7_DESKTOP-3649MI1', 'DESKTOP-3649MI1', '192.168.1.5', '2026-02-01 18:28:37', 1, NULL);
INSERT INTO `login_attempts` (`id`, `user_email`, `user_id`, `device_id`, `device_name`, `ip_address`, `attempt_time`, `success`, `failure_reason`) VALUES (32, 'admin@posapp.com', 1, '7e:f8:e3:8d:35:d7_DESKTOP-3649MI1', 'DESKTOP-3649MI1', '192.168.1.5', '2026-02-01 18:32:02', 1, NULL);
INSERT INTO `login_attempts` (`id`, `user_email`, `user_id`, `device_id`, `device_name`, `ip_address`, `attempt_time`, `success`, `failure_reason`) VALUES (33, 'admin@posapp.com', 1, '7e:f8:e3:8d:35:d7_DESKTOP-3649MI1', 'DESKTOP-3649MI1', '192.168.1.5', '2026-02-01 18:38:02', 1, NULL);
INSERT INTO `login_attempts` (`id`, `user_email`, `user_id`, `device_id`, `device_name`, `ip_address`, `attempt_time`, `success`, `failure_reason`) VALUES (34, 'admin@posapp.com', 1, '7e:f8:e3:8d:35:d7_DESKTOP-3649MI1', 'DESKTOP-3649MI1', '192.168.1.5', '2026-02-01 18:53:54', 1, NULL);
INSERT INTO `login_attempts` (`id`, `user_email`, `user_id`, `device_id`, `device_name`, `ip_address`, `attempt_time`, `success`, `failure_reason`) VALUES (35, 'admin@posapp.com', 1, '7e:f8:e3:8d:35:d7_DESKTOP-3649MI1', 'DESKTOP-3649MI1', '192.168.1.5', '2026-02-01 18:58:03', 1, NULL);
INSERT INTO `login_attempts` (`id`, `user_email`, `user_id`, `device_id`, `device_name`, `ip_address`, `attempt_time`, `success`, `failure_reason`) VALUES (36, 'admin@posapp.com', 1, '7e:f8:e3:8d:35:d7_DESKTOP-3649MI1', 'DESKTOP-3649MI1', '192.168.1.5', '2026-02-01 19:02:28', 1, NULL);
INSERT INTO `login_attempts` (`id`, `user_email`, `user_id`, `device_id`, `device_name`, `ip_address`, `attempt_time`, `success`, `failure_reason`) VALUES (37, 'admin@posapp.com', 1, '7e:f8:e3:8d:35:d7_DESKTOP-3649MI1', 'DESKTOP-3649MI1', '192.168.1.5', '2026-02-01 19:09:37', 1, NULL);
INSERT INTO `login_attempts` (`id`, `user_email`, `user_id`, `device_id`, `device_name`, `ip_address`, `attempt_time`, `success`, `failure_reason`) VALUES (38, 'apdo@gmail.com', 2, '7e:f8:e3:8d:35:d7_DESKTOP-3649MI1', 'DESKTOP-3649MI1', '192.168.1.5', '2026-02-01 19:13:13', 0, 'جهاز غير مصرح به');
INSERT INTO `login_attempts` (`id`, `user_email`, `user_id`, `device_id`, `device_name`, `ip_address`, `attempt_time`, `success`, `failure_reason`) VALUES (39, 'apdo@gmail.com', 2, '7e:f8:e3:8d:35:d7_DESKTOP-3649MI1', 'DESKTOP-3649MI1', '192.168.1.5', '2026-02-01 19:13:18', 0, 'جهاز غير مصرح به');
INSERT INTO `login_attempts` (`id`, `user_email`, `user_id`, `device_id`, `device_name`, `ip_address`, `attempt_time`, `success`, `failure_reason`) VALUES (40, 'admin@posapp.com', 1, '7e:f8:e3:8d:35:d7_DESKTOP-3649MI1', 'DESKTOP-3649MI1', '192.168.1.5', '2026-02-01 19:13:30', 1, NULL);
INSERT INTO `login_attempts` (`id`, `user_email`, `user_id`, `device_id`, `device_name`, `ip_address`, `attempt_time`, `success`, `failure_reason`) VALUES (41, 'apdo@gmail.com', 2, '7e:f8:e3:8d:35:d7_DESKTOP-3649MI1', 'DESKTOP-3649MI1', '192.168.1.5', '2026-02-01 19:14:58', 0, 'جهاز غير مصرح به');
INSERT INTO `login_attempts` (`id`, `user_email`, `user_id`, `device_id`, `device_name`, `ip_address`, `attempt_time`, `success`, `failure_reason`) VALUES (42, 'mt@pos.com', 5, '7e:f8:e3:8d:35:d7_DESKTOP-3649MI1', 'DESKTOP-3649MI1', '192.168.1.5', '2026-02-01 19:15:18', 0, 'جهاز غير مصرح به');
INSERT INTO `login_attempts` (`id`, `user_email`, `user_id`, `device_id`, `device_name`, `ip_address`, `attempt_time`, `success`, `failure_reason`) VALUES (43, 'admin@posapp.com', 1, '7e:f8:e3:8d:35:d7_DESKTOP-3649MI1', 'DESKTOP-3649MI1', '192.168.1.5', '2026-02-01 19:15:38', 1, NULL);
INSERT INTO `login_attempts` (`id`, `user_email`, `user_id`, `device_id`, `device_name`, `ip_address`, `attempt_time`, `success`, `failure_reason`) VALUES (44, 'apdo@gmail.com', 2, '7e:f8:e3:8d:35:d7_DESKTOP-3649MI1', 'DESKTOP-3649MI1', '192.168.1.5', '2026-02-01 19:17:17', 1, NULL);
INSERT INTO `login_attempts` (`id`, `user_email`, `user_id`, `device_id`, `device_name`, `ip_address`, `attempt_time`, `success`, `failure_reason`) VALUES (45, 'apdo@gmail.com', 2, '7e:f8:e3:8d:35:d7_DESKTOP-3649MI1', 'DESKTOP-3649MI1', '192.168.1.5', '2026-02-01 19:19:41', 1, NULL);
INSERT INTO `login_attempts` (`id`, `user_email`, `user_id`, `device_id`, `device_name`, `ip_address`, `attempt_time`, `success`, `failure_reason`) VALUES (46, 'apdo@gmail.com', 2, '7e:f8:e3:8d:35:d7_DESKTOP-3649MI1', 'DESKTOP-3649MI1', '192.168.1.5', '2026-02-01 19:22:12', 1, NULL);
INSERT INTO `login_attempts` (`id`, `user_email`, `user_id`, `device_id`, `device_name`, `ip_address`, `attempt_time`, `success`, `failure_reason`) VALUES (47, 'apdo@gmail.com', 2, '7e:f8:e3:8d:35:d7_DESKTOP-3649MI1', 'DESKTOP-3649MI1', '192.168.1.5', '2026-02-01 19:23:08', 1, NULL);
INSERT INTO `login_attempts` (`id`, `user_email`, `user_id`, `device_id`, `device_name`, `ip_address`, `attempt_time`, `success`, `failure_reason`) VALUES (48, 'admin@posapp.com', 1, '7e:f8:e3:8d:35:d7_DESKTOP-3649MI1', 'DESKTOP-3649MI1', '192.168.1.5', '2026-02-01 19:28:59', 1, NULL);
INSERT INTO `login_attempts` (`id`, `user_email`, `user_id`, `device_id`, `device_name`, `ip_address`, `attempt_time`, `success`, `failure_reason`) VALUES (49, 'apdo@gmail.com', 2, '7e:f8:e3:8d:35:d7_DESKTOP-3649MI1', 'DESKTOP-3649MI1', '192.168.1.5', '2026-02-01 19:29:23', 1, NULL);
INSERT INTO `login_attempts` (`id`, `user_email`, `user_id`, `device_id`, `device_name`, `ip_address`, `attempt_time`, `success`, `failure_reason`) VALUES (50, 'admin@posapp.com', NULL, '7e:f8:e3:8d:35:d7_DESKTOP-3649MI1', 'DESKTOP-3649MI1', '192.168.1.4', '2026-02-02 18:58:08', 0, 'بيانات دخول غير صحيحة');
INSERT INTO `login_attempts` (`id`, `user_email`, `user_id`, `device_id`, `device_name`, `ip_address`, `attempt_time`, `success`, `failure_reason`) VALUES (51, 'admin@posapp.com', NULL, '7e:f8:e3:8d:35:d7_DESKTOP-3649MI1', 'DESKTOP-3649MI1', '192.168.1.4', '2026-02-02 18:58:10', 0, 'بيانات دخول غير صحيحة');
INSERT INTO `login_attempts` (`id`, `user_email`, `user_id`, `device_id`, `device_name`, `ip_address`, `attempt_time`, `success`, `failure_reason`) VALUES (52, 'admin@posapp.com', 1, '7e:f8:e3:8d:35:d7_DESKTOP-3649MI1', 'DESKTOP-3649MI1', '192.168.1.4', '2026-02-02 18:58:14', 1, NULL);
INSERT INTO `login_attempts` (`id`, `user_email`, `user_id`, `device_id`, `device_name`, `ip_address`, `attempt_time`, `success`, `failure_reason`) VALUES (53, 'mt@pos.com', NULL, '7e:f8:e3:8d:35:d7_DESKTOP-3649MI1', 'DESKTOP-3649MI1', '192.168.1.4', '2026-02-02 18:59:44', 0, 'بيانات دخول غير صحيحة');
INSERT INTO `login_attempts` (`id`, `user_email`, `user_id`, `device_id`, `device_name`, `ip_address`, `attempt_time`, `success`, `failure_reason`) VALUES (54, 'mt@pos.com', 5, '7e:f8:e3:8d:35:d7_DESKTOP-3649MI1', 'DESKTOP-3649MI1', '192.168.1.4', '2026-02-02 18:59:50', 1, NULL);
INSERT INTO `login_attempts` (`id`, `user_email`, `user_id`, `device_id`, `device_name`, `ip_address`, `attempt_time`, `success`, `failure_reason`) VALUES (55, 'apdo@gmail.com', 2, '7e:f8:e3:8d:35:d7_DESKTOP-3649MI1', 'DESKTOP-3649MI1', '192.168.1.4', '2026-02-02 19:01:14', 1, NULL);
INSERT INTO `login_attempts` (`id`, `user_email`, `user_id`, `device_id`, `device_name`, `ip_address`, `attempt_time`, `success`, `failure_reason`) VALUES (56, 'apdo@gmail.com', 2, '7e:f8:e3:8d:35:d7_DESKTOP-3649MI1', 'DESKTOP-3649MI1', '192.168.1.4', '2026-02-02 19:02:11', 1, NULL);
INSERT INTO `login_attempts` (`id`, `user_email`, `user_id`, `device_id`, `device_name`, `ip_address`, `attempt_time`, `success`, `failure_reason`) VALUES (57, 'mt@pos.com', 5, '7e:f8:e3:8d:35:d7_DESKTOP-3649MI1', 'DESKTOP-3649MI1', '192.168.1.4', '2026-02-02 19:03:33', 1, NULL);
INSERT INTO `login_attempts` (`id`, `user_email`, `user_id`, `device_id`, `device_name`, `ip_address`, `attempt_time`, `success`, `failure_reason`) VALUES (58, 'mt@pos.com', 5, '7e:f8:e3:8d:35:d7_DESKTOP-3649MI1', 'DESKTOP-3649MI1', '192.168.1.4', '2026-02-02 19:04:15', 1, NULL);
INSERT INTO `login_attempts` (`id`, `user_email`, `user_id`, `device_id`, `device_name`, `ip_address`, `attempt_time`, `success`, `failure_reason`) VALUES (59, 'apdo@gmail.com', 2, '7e:f8:e3:8d:35:d7_DESKTOP-3649MI1', 'DESKTOP-3649MI1', '192.168.1.4', '2026-02-02 19:04:52', 1, NULL);
INSERT INTO `login_attempts` (`id`, `user_email`, `user_id`, `device_id`, `device_name`, `ip_address`, `attempt_time`, `success`, `failure_reason`) VALUES (60, 'apdo@gmail.com', 2, '7e:f8:e3:8d:35:d7_DESKTOP-3649MI1', 'DESKTOP-3649MI1', '192.168.1.4', '2026-02-02 19:05:33', 1, NULL);
INSERT INTO `login_attempts` (`id`, `user_email`, `user_id`, `device_id`, `device_name`, `ip_address`, `attempt_time`, `success`, `failure_reason`) VALUES (61, 'apdo@gmail.com', 2, '7e:f8:e3:8d:35:d7_DESKTOP-3649MI1', 'DESKTOP-3649MI1', '192.168.1.4', '2026-02-02 19:10:33', 1, NULL);
INSERT INTO `login_attempts` (`id`, `user_email`, `user_id`, `device_id`, `device_name`, `ip_address`, `attempt_time`, `success`, `failure_reason`) VALUES (62, 'admin@posapp.com', 1, '7e:f8:e3:8d:35:d7_DESKTOP-3649MI1', 'DESKTOP-3649MI1', '192.168.1.4', '2026-02-02 19:10:50', 1, NULL);
INSERT INTO `login_attempts` (`id`, `user_email`, `user_id`, `device_id`, `device_name`, `ip_address`, `attempt_time`, `success`, `failure_reason`) VALUES (63, 'mt@pos.com', 5, '7e:f8:e3:8d:35:d7_DESKTOP-3649MI1', 'DESKTOP-3649MI1', '192.168.1.4', '2026-02-02 19:11:15', 1, NULL);
INSERT INTO `login_attempts` (`id`, `user_email`, `user_id`, `device_id`, `device_name`, `ip_address`, `attempt_time`, `success`, `failure_reason`) VALUES (64, 'mt@pos.com', 5, '7e:f8:e3:8d:35:d7_DESKTOP-3649MI1', 'DESKTOP-3649MI1', '192.168.1.4', '2026-02-02 19:12:00', 1, NULL);
INSERT INTO `login_attempts` (`id`, `user_email`, `user_id`, `device_id`, `device_name`, `ip_address`, `attempt_time`, `success`, `failure_reason`) VALUES (65, 'apdo@gmail.com', 2, '7e:f8:e3:8d:35:d7_DESKTOP-3649MI1', 'DESKTOP-3649MI1', '192.168.1.4', '2026-02-02 19:12:39', 1, NULL);
INSERT INTO `login_attempts` (`id`, `user_email`, `user_id`, `device_id`, `device_name`, `ip_address`, `attempt_time`, `success`, `failure_reason`) VALUES (66, 'mt@pos.com', 5, '7e:f8:e3:8d:35:d7_DESKTOP-3649MI1', 'DESKTOP-3649MI1', '192.168.1.4', '2026-02-02 19:18:30', 1, NULL);
INSERT INTO `login_attempts` (`id`, `user_email`, `user_id`, `device_id`, `device_name`, `ip_address`, `attempt_time`, `success`, `failure_reason`) VALUES (67, 'apdo@gmail.com', 2, '7e:f8:e3:8d:35:d7_DESKTOP-3649MI1', 'DESKTOP-3649MI1', '192.168.1.4', '2026-02-02 19:21:57', 1, NULL);
INSERT INTO `login_attempts` (`id`, `user_email`, `user_id`, `device_id`, `device_name`, `ip_address`, `attempt_time`, `success`, `failure_reason`) VALUES (68, 'mt@pos.com', 5, '7e:f8:e3:8d:35:d7_DESKTOP-3649MI1', 'DESKTOP-3649MI1', '192.168.1.4', '2026-02-02 19:22:43', 1, NULL);
INSERT INTO `login_attempts` (`id`, `user_email`, `user_id`, `device_id`, `device_name`, `ip_address`, `attempt_time`, `success`, `failure_reason`) VALUES (69, 'apdo@gmail.com', 2, '7e:f8:e3:8d:35:d7_DESKTOP-3649MI1', 'DESKTOP-3649MI1', '192.168.1.4', '2026-02-02 19:23:50', 1, NULL);
INSERT INTO `login_attempts` (`id`, `user_email`, `user_id`, `device_id`, `device_name`, `ip_address`, `attempt_time`, `success`, `failure_reason`) VALUES (70, 'admin@posapp.com', 1, '7e:f8:e3:8d:35:d7_DESKTOP-3649MI1', 'DESKTOP-3649MI1', '192.168.1.4', '2026-02-02 21:37:14', 1, NULL);
INSERT INTO `login_attempts` (`id`, `user_email`, `user_id`, `device_id`, `device_name`, `ip_address`, `attempt_time`, `success`, `failure_reason`) VALUES (71, 'admin@posapp.com', 1, '7e:f8:e3:8d:35:d7_DESKTOP-3649MI1', 'DESKTOP-3649MI1', '192.168.1.4', '2026-02-03 18:31:57', 1, NULL);
INSERT INTO `login_attempts` (`id`, `user_email`, `user_id`, `device_id`, `device_name`, `ip_address`, `attempt_time`, `success`, `failure_reason`) VALUES (72, 'admin@posapp.com', 1, '7e:f8:e3:8d:35:d7_DESKTOP-3649MI1', 'DESKTOP-3649MI1', '192.168.1.4', '2026-02-03 18:33:11', 1, NULL);
INSERT INTO `login_attempts` (`id`, `user_email`, `user_id`, `device_id`, `device_name`, `ip_address`, `attempt_time`, `success`, `failure_reason`) VALUES (73, 'admin@posapp.com', 1, '7e:f8:e3:8d:35:d7_DESKTOP-3649MI1', 'DESKTOP-3649MI1', '192.168.1.4', '2026-02-03 18:43:11', 1, NULL);
INSERT INTO `login_attempts` (`id`, `user_email`, `user_id`, `device_id`, `device_name`, `ip_address`, `attempt_time`, `success`, `failure_reason`) VALUES (74, 'admin@posapp.com', 1, 'fb:ef:be:f9:e7:9d_DESKTOP-3649MI1', 'DESKTOP-3649MI1', '192.168.1.6', '2026-02-03 18:50:51', 1, NULL);
INSERT INTO `login_attempts` (`id`, `user_email`, `user_id`, `device_id`, `device_name`, `ip_address`, `attempt_time`, `success`, `failure_reason`) VALUES (75, 'apdo@gmail.com', 2, 'fb:ef:be:f9:e7:9d_DESKTOP-3649MI1', 'DESKTOP-3649MI1', '192.168.1.6', '2026-02-03 18:52:03', 0, 'جهاز غير مصرح به');
INSERT INTO `login_attempts` (`id`, `user_email`, `user_id`, `device_id`, `device_name`, `ip_address`, `attempt_time`, `success`, `failure_reason`) VALUES (76, 'admin@posapp.com', 1, 'fb:ef:be:f9:e7:9d_DESKTOP-3649MI1', 'DESKTOP-3649MI1', '192.168.1.6', '2026-02-03 18:52:27', 1, NULL);
INSERT INTO `login_attempts` (`id`, `user_email`, `user_id`, `device_id`, `device_name`, `ip_address`, `attempt_time`, `success`, `failure_reason`) VALUES (77, 'apdo@gmail.com', 2, 'fb:ef:be:f9:e7:9d_DESKTOP-3649MI1', 'DESKTOP-3649MI1', '192.168.1.6', '2026-02-03 18:53:56', 1, NULL);
INSERT INTO `login_attempts` (`id`, `user_email`, `user_id`, `device_id`, `device_name`, `ip_address`, `attempt_time`, `success`, `failure_reason`) VALUES (78, 'apdo@gmail.com', 2, 'fb:ef:be:f9:e7:9d_DESKTOP-3649MI1', 'DESKTOP-3649MI1', '192.168.1.6', '2026-02-03 18:56:53', 1, NULL);
INSERT INTO `login_attempts` (`id`, `user_email`, `user_id`, `device_id`, `device_name`, `ip_address`, `attempt_time`, `success`, `failure_reason`) VALUES (79, 'mt@pos.com', 5, 'fb:ef:be:f9:e7:9d_DESKTOP-3649MI1', 'DESKTOP-3649MI1', '192.168.1.6', '2026-02-03 18:57:54', 1, NULL);
INSERT INTO `login_attempts` (`id`, `user_email`, `user_id`, `device_id`, `device_name`, `ip_address`, `attempt_time`, `success`, `failure_reason`) VALUES (80, 'apdo@gmai.com', NULL, 'fb:ef:be:f9:e7:9d_DESKTOP-3649MI1', 'DESKTOP-3649MI1', '192.168.1.6', '2026-02-03 18:59:02', 0, 'بيانات دخول غير صحيحة');
INSERT INTO `login_attempts` (`id`, `user_email`, `user_id`, `device_id`, `device_name`, `ip_address`, `attempt_time`, `success`, `failure_reason`) VALUES (81, 'apdo@gmai.com', NULL, 'fb:ef:be:f9:e7:9d_DESKTOP-3649MI1', 'DESKTOP-3649MI1', '192.168.1.6', '2026-02-03 18:59:04', 0, 'بيانات دخول غير صحيحة');
INSERT INTO `login_attempts` (`id`, `user_email`, `user_id`, `device_id`, `device_name`, `ip_address`, `attempt_time`, `success`, `failure_reason`) VALUES (82, 'apdo@gmail.com', 2, 'fb:ef:be:f9:e7:9d_DESKTOP-3649MI1', 'DESKTOP-3649MI1', '192.168.1.6', '2026-02-03 18:59:13', 1, NULL);
INSERT INTO `login_attempts` (`id`, `user_email`, `user_id`, `device_id`, `device_name`, `ip_address`, `attempt_time`, `success`, `failure_reason`) VALUES (83, 'admin@posapp.com', 1, 'fb:ef:be:f9:e7:9d_DESKTOP-3649MI1', 'DESKTOP-3649MI1', '192.168.1.6', '2026-02-03 19:15:08', 1, NULL);
INSERT INTO `login_attempts` (`id`, `user_email`, `user_id`, `device_id`, `device_name`, `ip_address`, `attempt_time`, `success`, `failure_reason`) VALUES (84, 'mt@pos.com', 5, 'fb:ef:be:f9:e7:9d_DESKTOP-3649MI1', 'DESKTOP-3649MI1', '192.168.1.6', '2026-02-03 19:17:33', 1, NULL);
INSERT INTO `login_attempts` (`id`, `user_email`, `user_id`, `device_id`, `device_name`, `ip_address`, `attempt_time`, `success`, `failure_reason`) VALUES (85, 'mt@pos.com', 5, 'fb:ef:be:f9:e7:9d_DESKTOP-3649MI1', 'DESKTOP-3649MI1', '192.168.1.6', '2026-02-03 19:20:13', 1, NULL);
INSERT INTO `login_attempts` (`id`, `user_email`, `user_id`, `device_id`, `device_name`, `ip_address`, `attempt_time`, `success`, `failure_reason`) VALUES (86, 'mt@pos.com', 5, 'fb:ef:be:f9:e7:9d_DESKTOP-3649MI1', 'DESKTOP-3649MI1', '192.168.1.6', '2026-02-03 19:25:37', 1, NULL);
INSERT INTO `login_attempts` (`id`, `user_email`, `user_id`, `device_id`, `device_name`, `ip_address`, `attempt_time`, `success`, `failure_reason`) VALUES (87, 'admin@posapp.com', 1, 'fb:ef:be:f9:e7:9d_DESKTOP-3649MI1', 'DESKTOP-3649MI1', '192.168.1.6', '2026-02-03 19:37:34', 1, NULL);
INSERT INTO `login_attempts` (`id`, `user_email`, `user_id`, `device_id`, `device_name`, `ip_address`, `attempt_time`, `success`, `failure_reason`) VALUES (88, 'admin@posapp.com', 1, 'fb:ef:be:f9:e7:9d_DESKTOP-3649MI1', 'DESKTOP-3649MI1', '192.168.1.6', '2026-02-03 19:38:30', 1, NULL);
INSERT INTO `login_attempts` (`id`, `user_email`, `user_id`, `device_id`, `device_name`, `ip_address`, `attempt_time`, `success`, `failure_reason`) VALUES (89, 'admin@posapp.com', 1, 'fb:ef:be:f9:e7:9d_DESKTOP-3649MI1', 'DESKTOP-3649MI1', '192.168.1.6', '2026-02-03 19:40:02', 1, NULL);
INSERT INTO `login_attempts` (`id`, `user_email`, `user_id`, `device_id`, `device_name`, `ip_address`, `attempt_time`, `success`, `failure_reason`) VALUES (90, 'admin@posapp.com', 1, 'fb:ef:be:f9:e7:9d_DESKTOP-3649MI1', 'DESKTOP-3649MI1', '192.168.1.6', '2026-02-03 19:41:27', 1, NULL);
INSERT INTO `login_attempts` (`id`, `user_email`, `user_id`, `device_id`, `device_name`, `ip_address`, `attempt_time`, `success`, `failure_reason`) VALUES (91, 'admin@posapp.com', 1, 'fb:ef:be:f9:e7:9d_DESKTOP-3649MI1', 'DESKTOP-3649MI1', '192.168.1.6', '2026-02-03 19:46:34', 1, NULL);
INSERT INTO `login_attempts` (`id`, `user_email`, `user_id`, `device_id`, `device_name`, `ip_address`, `attempt_time`, `success`, `failure_reason`) VALUES (92, 'admin@posapp.com', 1, 'fb:ef:be:f9:e7:9d_DESKTOP-3649MI1', 'DESKTOP-3649MI1', '192.168.1.6', '2026-02-03 19:51:10', 1, NULL);
INSERT INTO `login_attempts` (`id`, `user_email`, `user_id`, `device_id`, `device_name`, `ip_address`, `attempt_time`, `success`, `failure_reason`) VALUES (93, 'admin@posapp.com', 1, 'fb:ef:be:f9:e7:9d_DESKTOP-3649MI1', 'DESKTOP-3649MI1', '192.168.1.6', '2026-02-04 11:05:35', 1, NULL);
INSERT INTO `login_attempts` (`id`, `user_email`, `user_id`, `device_id`, `device_name`, `ip_address`, `attempt_time`, `success`, `failure_reason`) VALUES (94, 'admin@posapp.com', 1, 'fb:ef:be:f9:e7:9d_DESKTOP-3649MI1', 'DESKTOP-3649MI1', '192.168.1.6', '2026-02-04 11:13:34', 1, NULL);
INSERT INTO `login_attempts` (`id`, `user_email`, `user_id`, `device_id`, `device_name`, `ip_address`, `attempt_time`, `success`, `failure_reason`) VALUES (95, 'admin@posapp.com', 1, 'fb:ef:be:f9:e7:9d_DESKTOP-3649MI1', 'DESKTOP-3649MI1', '192.168.1.6', '2026-02-04 11:22:44', 1, NULL);
INSERT INTO `login_attempts` (`id`, `user_email`, `user_id`, `device_id`, `device_name`, `ip_address`, `attempt_time`, `success`, `failure_reason`) VALUES (96, 'admin@posapp.com', 1, 'fb:ef:be:f9:e7:9d_DESKTOP-3649MI1', 'DESKTOP-3649MI1', '192.168.1.6', '2026-02-04 11:25:52', 1, NULL);
INSERT INTO `login_attempts` (`id`, `user_email`, `user_id`, `device_id`, `device_name`, `ip_address`, `attempt_time`, `success`, `failure_reason`) VALUES (97, 'admin@posapp.com', 1, 'fb:ef:be:f9:e7:9d_DESKTOP-3649MI1', 'DESKTOP-3649MI1', '192.168.1.6', '2026-02-04 11:26:03', 1, NULL);
INSERT INTO `login_attempts` (`id`, `user_email`, `user_id`, `device_id`, `device_name`, `ip_address`, `attempt_time`, `success`, `failure_reason`) VALUES (98, 'admin@posapp.com', 1, 'fb:ef:be:f9:e7:9d_DESKTOP-3649MI1', 'DESKTOP-3649MI1', '192.168.1.6', '2026-02-04 11:28:29', 1, NULL);
INSERT INTO `login_attempts` (`id`, `user_email`, `user_id`, `device_id`, `device_name`, `ip_address`, `attempt_time`, `success`, `failure_reason`) VALUES (99, 'admin@posapp.com', 1, 'fb:ef:be:f9:e7:9d_DESKTOP-3649MI1', 'DESKTOP-3649MI1', '192.168.1.6', '2026-02-04 11:35:06', 1, NULL);
INSERT INTO `login_attempts` (`id`, `user_email`, `user_id`, `device_id`, `device_name`, `ip_address`, `attempt_time`, `success`, `failure_reason`) VALUES (100, 'admin@posapp.com', 1, 'fb:ef:be:f9:e7:9d_DESKTOP-3649MI1', 'DESKTOP-3649MI1', '192.168.1.6', '2026-02-04 11:38:56', 1, NULL);
INSERT INTO `login_attempts` (`id`, `user_email`, `user_id`, `device_id`, `device_name`, `ip_address`, `attempt_time`, `success`, `failure_reason`) VALUES (101, 'admin@posapp.com', 1, 'fb:ef:be:f9:e7:9d_DESKTOP-3649MI1', 'DESKTOP-3649MI1', '192.168.1.6', '2026-02-04 11:47:00', 1, NULL);
INSERT INTO `login_attempts` (`id`, `user_email`, `user_id`, `device_id`, `device_name`, `ip_address`, `attempt_time`, `success`, `failure_reason`) VALUES (102, 'admin@posapp.com', 1, 'fb:ef:be:f9:e7:9d_DESKTOP-3649MI1', 'DESKTOP-3649MI1', '192.168.1.6', '2026-02-04 11:48:42', 1, NULL);
INSERT INTO `login_attempts` (`id`, `user_email`, `user_id`, `device_id`, `device_name`, `ip_address`, `attempt_time`, `success`, `failure_reason`) VALUES (103, 'admin@posapp.com', 1, 'fb:ef:be:f9:e7:9d_DESKTOP-3649MI1', 'DESKTOP-3649MI1', '192.168.1.6', '2026-02-04 11:51:52', 1, NULL);
INSERT INTO `login_attempts` (`id`, `user_email`, `user_id`, `device_id`, `device_name`, `ip_address`, `attempt_time`, `success`, `failure_reason`) VALUES (104, 'admin@posapp.com', 1, 'fb:ef:be:f9:e7:9d_DESKTOP-3649MI1', 'DESKTOP-3649MI1', '192.168.1.6', '2026-02-04 11:53:51', 1, NULL);
INSERT INTO `login_attempts` (`id`, `user_email`, `user_id`, `device_id`, `device_name`, `ip_address`, `attempt_time`, `success`, `failure_reason`) VALUES (105, 'admin@posapp.com', 1, 'fb:ef:be:f9:e7:9d_DESKTOP-3649MI1', 'DESKTOP-3649MI1', '192.168.1.6', '2026-02-04 11:54:30', 1, NULL);
INSERT INTO `login_attempts` (`id`, `user_email`, `user_id`, `device_id`, `device_name`, `ip_address`, `attempt_time`, `success`, `failure_reason`) VALUES (106, 'admin@posapp.com', 1, 'fb:ef:be:f9:e7:9d_DESKTOP-3649MI1', 'DESKTOP-3649MI1', '192.168.1.6', '2026-02-04 11:56:45', 1, NULL);
INSERT INTO `login_attempts` (`id`, `user_email`, `user_id`, `device_id`, `device_name`, `ip_address`, `attempt_time`, `success`, `failure_reason`) VALUES (107, 'admin@posapp.com', 1, 'fb:ef:be:f9:e7:9d_DESKTOP-3649MI1', 'DESKTOP-3649MI1', '192.168.1.6', '2026-02-04 11:58:21', 1, NULL);
INSERT INTO `login_attempts` (`id`, `user_email`, `user_id`, `device_id`, `device_name`, `ip_address`, `attempt_time`, `success`, `failure_reason`) VALUES (108, 'admin@posapp.com', 1, 'fb:ef:be:f9:e7:9d_DESKTOP-3649MI1', 'DESKTOP-3649MI1', '192.168.1.6', '2026-02-04 12:00:05', 1, NULL);
INSERT INTO `login_attempts` (`id`, `user_email`, `user_id`, `device_id`, `device_name`, `ip_address`, `attempt_time`, `success`, `failure_reason`) VALUES (109, 'mt@pos.com', 5, 'fb:ef:be:f9:e7:9d_DESKTOP-3649MI1', 'DESKTOP-3649MI1', '192.168.1.6', '2026-02-04 12:00:26', 1, NULL);
INSERT INTO `login_attempts` (`id`, `user_email`, `user_id`, `device_id`, `device_name`, `ip_address`, `attempt_time`, `success`, `failure_reason`) VALUES (110, 'apdo@gmail.com', 2, 'fb:ef:be:f9:e7:9d_DESKTOP-3649MI1', 'DESKTOP-3649MI1', '192.168.1.6', '2026-02-05 07:44:40', 1, NULL);
INSERT INTO `login_attempts` (`id`, `user_email`, `user_id`, `device_id`, `device_name`, `ip_address`, `attempt_time`, `success`, `failure_reason`) VALUES (111, 'mt@poscom', NULL, 'fb:ef:be:f9:e7:9d_DESKTOP-3649MI1', 'DESKTOP-3649MI1', '192.168.1.6', '2026-02-05 08:02:09', 0, 'بيانات دخول غير صحيحة');
INSERT INTO `login_attempts` (`id`, `user_email`, `user_id`, `device_id`, `device_name`, `ip_address`, `attempt_time`, `success`, `failure_reason`) VALUES (112, 'mt@poscom', NULL, 'fb:ef:be:f9:e7:9d_DESKTOP-3649MI1', 'DESKTOP-3649MI1', '192.168.1.6', '2026-02-05 08:02:11', 0, 'بيانات دخول غير صحيحة');
INSERT INTO `login_attempts` (`id`, `user_email`, `user_id`, `device_id`, `device_name`, `ip_address`, `attempt_time`, `success`, `failure_reason`) VALUES (113, 'mt@poscom', NULL, 'fb:ef:be:f9:e7:9d_DESKTOP-3649MI1', 'DESKTOP-3649MI1', '192.168.1.6', '2026-02-05 08:02:14', 0, 'بيانات دخول غير صحيحة');
INSERT INTO `login_attempts` (`id`, `user_email`, `user_id`, `device_id`, `device_name`, `ip_address`, `attempt_time`, `success`, `failure_reason`) VALUES (114, 'mt@poscom', NULL, 'fb:ef:be:f9:e7:9d_DESKTOP-3649MI1', 'DESKTOP-3649MI1', '192.168.1.6', '2026-02-05 08:02:17', 0, 'بيانات دخول غير صحيحة');
INSERT INTO `login_attempts` (`id`, `user_email`, `user_id`, `device_id`, `device_name`, `ip_address`, `attempt_time`, `success`, `failure_reason`) VALUES (115, 'mt@pos.com', 5, 'fb:ef:be:f9:e7:9d_DESKTOP-3649MI1', 'DESKTOP-3649MI1', '192.168.1.6', '2026-02-05 08:02:23', 1, NULL);
INSERT INTO `login_attempts` (`id`, `user_email`, `user_id`, `device_id`, `device_name`, `ip_address`, `attempt_time`, `success`, `failure_reason`) VALUES (116, 'mt@pos.com', 5, 'fb:ef:be:f9:e7:9d_DESKTOP-3649MI1', 'DESKTOP-3649MI1', '192.168.1.6', '2026-02-05 08:17:47', 1, NULL);
INSERT INTO `login_attempts` (`id`, `user_email`, `user_id`, `device_id`, `device_name`, `ip_address`, `attempt_time`, `success`, `failure_reason`) VALUES (117, 'mt@pos.com', 5, 'fb:ef:be:f9:e7:9d_DESKTOP-3649MI1', 'DESKTOP-3649MI1', '192.168.1.6', '2026-02-05 08:26:31', 1, NULL);
INSERT INTO `login_attempts` (`id`, `user_email`, `user_id`, `device_id`, `device_name`, `ip_address`, `attempt_time`, `success`, `failure_reason`) VALUES (118, 'mt@pos.com', 5, 'fb:ef:be:f9:e7:9d_DESKTOP-3649MI1', 'DESKTOP-3649MI1', '192.168.1.6', '2026-02-05 08:35:15', 1, NULL);
INSERT INTO `login_attempts` (`id`, `user_email`, `user_id`, `device_id`, `device_name`, `ip_address`, `attempt_time`, `success`, `failure_reason`) VALUES (119, 'mt@pos.com', 5, 'fb:ef:be:f9:e7:9d_DESKTOP-3649MI1', 'DESKTOP-3649MI1', '192.168.1.6', '2026-02-05 08:44:55', 1, NULL);
INSERT INTO `login_attempts` (`id`, `user_email`, `user_id`, `device_id`, `device_name`, `ip_address`, `attempt_time`, `success`, `failure_reason`) VALUES (120, 'mt@pos.com', 5, 'fb:ef:be:f9:e7:9d_DESKTOP-3649MI1', 'DESKTOP-3649MI1', '192.168.1.6', '2026-02-05 08:49:25', 1, NULL);
INSERT INTO `login_attempts` (`id`, `user_email`, `user_id`, `device_id`, `device_name`, `ip_address`, `attempt_time`, `success`, `failure_reason`) VALUES (121, 'mt@pos.com', 5, 'fb:ef:be:f9:e7:9d_DESKTOP-3649MI1', 'DESKTOP-3649MI1', '192.168.1.6', '2026-02-05 08:57:05', 1, NULL);
INSERT INTO `login_attempts` (`id`, `user_email`, `user_id`, `device_id`, `device_name`, `ip_address`, `attempt_time`, `success`, `failure_reason`) VALUES (122, 'mt@pos.com', 5, 'fb:ef:be:f9:e7:9d_DESKTOP-3649MI1', 'DESKTOP-3649MI1', '192.168.1.6', '2026-02-05 08:59:30', 1, NULL);
INSERT INTO `login_attempts` (`id`, `user_email`, `user_id`, `device_id`, `device_name`, `ip_address`, `attempt_time`, `success`, `failure_reason`) VALUES (123, 'mt@pos.com', 5, 'fb:ef:be:f9:e7:9d_DESKTOP-3649MI1', 'DESKTOP-3649MI1', '192.168.1.6', '2026-02-05 09:02:11', 1, NULL);
INSERT INTO `login_attempts` (`id`, `user_email`, `user_id`, `device_id`, `device_name`, `ip_address`, `attempt_time`, `success`, `failure_reason`) VALUES (124, 'mt@pos.com', 5, 'fb:ef:be:f9:e7:9d_DESKTOP-3649MI1', 'DESKTOP-3649MI1', '192.168.1.6', '2026-02-05 09:05:36', 1, NULL);
INSERT INTO `login_attempts` (`id`, `user_email`, `user_id`, `device_id`, `device_name`, `ip_address`, `attempt_time`, `success`, `failure_reason`) VALUES (125, 'mt@pos.com', 5, 'fb:ef:be:f9:e7:9d_DESKTOP-3649MI1', 'DESKTOP-3649MI1', '192.168.1.6', '2026-02-05 09:10:07', 1, NULL);
INSERT INTO `login_attempts` (`id`, `user_email`, `user_id`, `device_id`, `device_name`, `ip_address`, `attempt_time`, `success`, `failure_reason`) VALUES (126, 'mt@pos.com', 5, 'fb:ef:be:f9:e7:9d_DESKTOP-3649MI1', 'DESKTOP-3649MI1', '192.168.1.6', '2026-02-05 09:12:03', 1, NULL);
INSERT INTO `login_attempts` (`id`, `user_email`, `user_id`, `device_id`, `device_name`, `ip_address`, `attempt_time`, `success`, `failure_reason`) VALUES (127, 'mt@pos.com', 5, 'fb:ef:be:f9:e7:9d_DESKTOP-3649MI1', 'DESKTOP-3649MI1', '192.168.1.6', '2026-02-05 09:15:45', 1, NULL);
INSERT INTO `login_attempts` (`id`, `user_email`, `user_id`, `device_id`, `device_name`, `ip_address`, `attempt_time`, `success`, `failure_reason`) VALUES (128, 'mt@pos.com', 5, 'fb:ef:be:f9:e7:9d_DESKTOP-3649MI1', 'DESKTOP-3649MI1', '192.168.1.6', '2026-02-05 18:57:12', 1, NULL);
INSERT INTO `login_attempts` (`id`, `user_email`, `user_id`, `device_id`, `device_name`, `ip_address`, `attempt_time`, `success`, `failure_reason`) VALUES (129, 'mt@pos.com', 5, 'fb:ef:be:f9:e7:9d_DESKTOP-3649MI1', 'DESKTOP-3649MI1', '192.168.1.6', '2026-02-06 11:40:41', 1, NULL);
INSERT INTO `login_attempts` (`id`, `user_email`, `user_id`, `device_id`, `device_name`, `ip_address`, `attempt_time`, `success`, `failure_reason`) VALUES (130, 'mt@pos.com', 5, 'fb:ef:be:f9:e7:9d_DESKTOP-3649MI1', 'DESKTOP-3649MI1', '192.168.1.6', '2026-02-06 11:53:19', 1, NULL);
INSERT INTO `login_attempts` (`id`, `user_email`, `user_id`, `device_id`, `device_name`, `ip_address`, `attempt_time`, `success`, `failure_reason`) VALUES (131, 'mt@pos.com', 5, 'fb:ef:be:f9:e7:9d_DESKTOP-3649MI1', 'DESKTOP-3649MI1', '192.168.1.6', '2026-02-06 11:56:06', 1, NULL);
INSERT INTO `login_attempts` (`id`, `user_email`, `user_id`, `device_id`, `device_name`, `ip_address`, `attempt_time`, `success`, `failure_reason`) VALUES (132, 'mt@pos.com', 5, 'fb:ef:be:f9:e7:9d_DESKTOP-3649MI1', 'DESKTOP-3649MI1', '192.168.1.6', '2026-02-06 12:00:03', 1, NULL);
INSERT INTO `login_attempts` (`id`, `user_email`, `user_id`, `device_id`, `device_name`, `ip_address`, `attempt_time`, `success`, `failure_reason`) VALUES (133, 'mt@pos.com', 5, 'fb:ef:be:f9:e7:9d_DESKTOP-3649MI1', 'DESKTOP-3649MI1', '192.168.1.6', '2026-02-07 20:22:06', 1, NULL);
INSERT INTO `login_attempts` (`id`, `user_email`, `user_id`, `device_id`, `device_name`, `ip_address`, `attempt_time`, `success`, `failure_reason`) VALUES (134, 'mt@pos.com', 5, 'fb:ef:be:f9:e7:9d_DESKTOP-3649MI1', 'DESKTOP-3649MI1', '192.168.1.6', '2026-02-07 20:44:53', 1, NULL);
INSERT INTO `login_attempts` (`id`, `user_email`, `user_id`, `device_id`, `device_name`, `ip_address`, `attempt_time`, `success`, `failure_reason`) VALUES (135, 'admin@posapp.com', 1, 'fb:ef:be:f9:e7:9d_DESKTOP-3649MI1', 'DESKTOP-3649MI1', '192.168.1.6', '2026-02-07 20:46:12', 1, NULL);
INSERT INTO `login_attempts` (`id`, `user_email`, `user_id`, `device_id`, `device_name`, `ip_address`, `attempt_time`, `success`, `failure_reason`) VALUES (136, 'mt@pos.com', 5, 'fb:ef:be:f9:e7:9d_DESKTOP-3649MI1', 'DESKTOP-3649MI1', '192.168.1.6', '2026-02-07 20:59:19', 1, NULL);
INSERT INTO `login_attempts` (`id`, `user_email`, `user_id`, `device_id`, `device_name`, `ip_address`, `attempt_time`, `success`, `failure_reason`) VALUES (137, 'th@pos.com', 8, 'fb:ef:be:f9:e7:9d_DESKTOP-3649MI1', 'DESKTOP-3649MI1', '192.168.1.6', '2026-02-07 21:09:31', 1, NULL);
INSERT INTO `login_attempts` (`id`, `user_email`, `user_id`, `device_id`, `device_name`, `ip_address`, `attempt_time`, `success`, `failure_reason`) VALUES (138, 'apdo@gmail.com', 2, 'fb:ef:be:f9:e7:9d_DESKTOP-3649MI1', 'DESKTOP-3649MI1', '192.168.1.6', '2026-02-07 21:14:13', 1, NULL);
INSERT INTO `login_attempts` (`id`, `user_email`, `user_id`, `device_id`, `device_name`, `ip_address`, `attempt_time`, `success`, `failure_reason`) VALUES (139, 'admin@pos.com', NULL, 'fb:ef:be:f9:e7:9d_DESKTOP-3649MI1', 'DESKTOP-3649MI1', '192.168.1.6', '2026-02-08 10:33:11', 0, 'بيانات دخول غير صحيحة');
INSERT INTO `login_attempts` (`id`, `user_email`, `user_id`, `device_id`, `device_name`, `ip_address`, `attempt_time`, `success`, `failure_reason`) VALUES (140, 'admin@posapp.com', 1, 'fb:ef:be:f9:e7:9d_DESKTOP-3649MI1', 'DESKTOP-3649MI1', '192.168.1.6', '2026-02-08 10:33:27', 1, NULL);
INSERT INTO `login_attempts` (`id`, `user_email`, `user_id`, `device_id`, `device_name`, `ip_address`, `attempt_time`, `success`, `failure_reason`) VALUES (141, 'mt@pos.com', 5, 'fb:ef:be:f9:e7:9d_DESKTOP-3649MI1', 'DESKTOP-3649MI1', '192.168.1.6', '2026-02-08 10:34:03', 1, NULL);
INSERT INTO `login_attempts` (`id`, `user_email`, `user_id`, `device_id`, `device_name`, `ip_address`, `attempt_time`, `success`, `failure_reason`) VALUES (142, 'admin@posapp.com', 1, 'fb:ef:be:f9:e7:9d_DESKTOP-3649MI1', 'DESKTOP-3649MI1', '192.168.1.6', '2026-02-08 10:57:19', 1, NULL);
INSERT INTO `login_attempts` (`id`, `user_email`, `user_id`, `device_id`, `device_name`, `ip_address`, `attempt_time`, `success`, `failure_reason`) VALUES (143, 'mt@pos.com', 5, 'fb:ef:be:f9:e7:9d_DESKTOP-3649MI1', 'DESKTOP-3649MI1', '192.168.1.6', '2026-02-08 10:58:43', 1, NULL);
INSERT INTO `login_attempts` (`id`, `user_email`, `user_id`, `device_id`, `device_name`, `ip_address`, `attempt_time`, `success`, `failure_reason`) VALUES (144, 'mt@pos.com', 5, 'fb:ef:be:f9:e7:9d_DESKTOP-3649MI1', 'DESKTOP-3649MI1', '192.168.1.6', '2026-02-08 11:03:16', 1, NULL);
INSERT INTO `login_attempts` (`id`, `user_email`, `user_id`, `device_id`, `device_name`, `ip_address`, `attempt_time`, `success`, `failure_reason`) VALUES (145, 'mt@pos.com', 5, 'fb:ef:be:f9:e7:9d_DESKTOP-3649MI1', 'DESKTOP-3649MI1', '192.168.1.6', '2026-02-08 11:11:32', 1, NULL);
INSERT INTO `login_attempts` (`id`, `user_email`, `user_id`, `device_id`, `device_name`, `ip_address`, `attempt_time`, `success`, `failure_reason`) VALUES (146, 'mt@pos.com', 5, 'fb:ef:be:f9:e7:9d_DESKTOP-3649MI1', 'DESKTOP-3649MI1', '192.168.1.6', '2026-02-08 11:13:26', 1, NULL);
INSERT INTO `login_attempts` (`id`, `user_email`, `user_id`, `device_id`, `device_name`, `ip_address`, `attempt_time`, `success`, `failure_reason`) VALUES (147, 'mt@pos.com', 5, 'fb:ef:be:f9:e7:9d_DESKTOP-3649MI1', 'DESKTOP-3649MI1', '192.168.1.6', '2026-02-08 11:16:10', 1, NULL);
INSERT INTO `login_attempts` (`id`, `user_email`, `user_id`, `device_id`, `device_name`, `ip_address`, `attempt_time`, `success`, `failure_reason`) VALUES (148, 'mt@pos.com', 5, 'fb:ef:be:f9:e7:9d_DESKTOP-3649MI1', 'DESKTOP-3649MI1', '192.168.1.6', '2026-02-08 11:18:24', 1, NULL);
INSERT INTO `login_attempts` (`id`, `user_email`, `user_id`, `device_id`, `device_name`, `ip_address`, `attempt_time`, `success`, `failure_reason`) VALUES (149, 'mt@pos.com', 5, 'fb:ef:be:f9:e7:9d_DESKTOP-3649MI1', 'DESKTOP-3649MI1', '192.168.1.6', '2026-02-08 11:20:28', 1, NULL);
INSERT INTO `login_attempts` (`id`, `user_email`, `user_id`, `device_id`, `device_name`, `ip_address`, `attempt_time`, `success`, `failure_reason`) VALUES (150, 'mt@pos.com', 5, 'fb:ef:be:f9:e7:9d_DESKTOP-3649MI1', 'DESKTOP-3649MI1', '192.168.1.6', '2026-02-08 11:23:31', 1, NULL);
INSERT INTO `login_attempts` (`id`, `user_email`, `user_id`, `device_id`, `device_name`, `ip_address`, `attempt_time`, `success`, `failure_reason`) VALUES (151, 'mt@pos.com', 5, 'fb:ef:be:f9:e7:9d_DESKTOP-3649MI1', 'DESKTOP-3649MI1', '192.168.1.6', '2026-02-08 11:48:39', 1, NULL);
INSERT INTO `login_attempts` (`id`, `user_email`, `user_id`, `device_id`, `device_name`, `ip_address`, `attempt_time`, `success`, `failure_reason`) VALUES (152, 'apdo@gmail.com', 2, 'fb:ef:be:f9:e7:9d_DESKTOP-3649MI1', 'DESKTOP-3649MI1', '192.168.1.6', '2026-02-08 11:49:57', 1, NULL);
INSERT INTO `login_attempts` (`id`, `user_email`, `user_id`, `device_id`, `device_name`, `ip_address`, `attempt_time`, `success`, `failure_reason`) VALUES (153, 'mt@pos.com', 5, 'fb:ef:be:f9:e7:9d_DESKTOP-3649MI1', 'DESKTOP-3649MI1', '192.168.1.6', '2026-02-08 11:54:56', 1, NULL);
INSERT INTO `login_attempts` (`id`, `user_email`, `user_id`, `device_id`, `device_name`, `ip_address`, `attempt_time`, `success`, `failure_reason`) VALUES (154, 'apdo@gmail.com', 2, 'fb:ef:be:f9:e7:9d_DESKTOP-3649MI1', 'DESKTOP-3649MI1', '192.168.1.6', '2026-02-08 11:56:28', 1, NULL);
INSERT INTO `login_attempts` (`id`, `user_email`, `user_id`, `device_id`, `device_name`, `ip_address`, `attempt_time`, `success`, `failure_reason`) VALUES (155, 'mt@pos.com', 5, 'fb:ef:be:f9:e7:9d_DESKTOP-3649MI1', 'DESKTOP-3649MI1', '192.168.1.6', '2026-02-08 11:57:15', 1, NULL);
INSERT INTO `login_attempts` (`id`, `user_email`, `user_id`, `device_id`, `device_name`, `ip_address`, `attempt_time`, `success`, `failure_reason`) VALUES (156, 'mt@pos.com', 5, 'fb:ef:be:f9:e7:9d_DESKTOP-3649MI1', 'DESKTOP-3649MI1', '192.168.1.6', '2026-02-08 12:00:32', 1, NULL);
INSERT INTO `login_attempts` (`id`, `user_email`, `user_id`, `device_id`, `device_name`, `ip_address`, `attempt_time`, `success`, `failure_reason`) VALUES (157, 'apdo@gmail.com', 2, 'fb:ef:be:f9:e7:9d_DESKTOP-3649MI1', 'DESKTOP-3649MI1', '192.168.1.6', '2026-02-08 12:01:21', 1, NULL);
INSERT INTO `login_attempts` (`id`, `user_email`, `user_id`, `device_id`, `device_name`, `ip_address`, `attempt_time`, `success`, `failure_reason`) VALUES (158, 'mt@pos.com', 5, 'fb:ef:be:f9:e7:9d_DESKTOP-3649MI1', 'DESKTOP-3649MI1', '192.168.1.6', '2026-02-08 12:03:03', 1, NULL);
INSERT INTO `login_attempts` (`id`, `user_email`, `user_id`, `device_id`, `device_name`, `ip_address`, `attempt_time`, `success`, `failure_reason`) VALUES (159, 'apdo@gmail.com', 2, 'fb:ef:be:f9:e7:9d_DESKTOP-3649MI1', 'DESKTOP-3649MI1', '192.168.1.6', '2026-02-08 12:04:34', 1, NULL);
INSERT INTO `login_attempts` (`id`, `user_email`, `user_id`, `device_id`, `device_name`, `ip_address`, `attempt_time`, `success`, `failure_reason`) VALUES (160, 'mt@pos.com', 5, 'fb:ef:be:f9:e7:9d_DESKTOP-3649MI1', 'DESKTOP-3649MI1', '192.168.1.6', '2026-02-08 12:05:43', 1, NULL);
INSERT INTO `login_attempts` (`id`, `user_email`, `user_id`, `device_id`, `device_name`, `ip_address`, `attempt_time`, `success`, `failure_reason`) VALUES (161, 'apdo@gmail.com', 2, 'fb:ef:be:f9:e7:9d_DESKTOP-3649MI1', 'DESKTOP-3649MI1', '192.168.1.6', '2026-02-08 12:07:18', 1, NULL);
INSERT INTO `login_attempts` (`id`, `user_email`, `user_id`, `device_id`, `device_name`, `ip_address`, `attempt_time`, `success`, `failure_reason`) VALUES (162, 'mt@pos.com', 5, 'fb:ef:be:f9:e7:9d_DESKTOP-3649MI1', 'DESKTOP-3649MI1', '192.168.1.6', '2026-02-08 12:08:54', 1, NULL);
INSERT INTO `login_attempts` (`id`, `user_email`, `user_id`, `device_id`, `device_name`, `ip_address`, `attempt_time`, `success`, `failure_reason`) VALUES (163, 'mt@pos.com', 5, 'fb:ef:be:f9:e7:9d_DESKTOP-3649MI1', 'DESKTOP-3649MI1', '192.168.1.6', '2026-02-08 12:13:23', 1, NULL);
INSERT INTO `login_attempts` (`id`, `user_email`, `user_id`, `device_id`, `device_name`, `ip_address`, `attempt_time`, `success`, `failure_reason`) VALUES (164, 'mt@pos.com', 5, 'fb:ef:be:f9:e7:9d_DESKTOP-3649MI1', 'DESKTOP-3649MI1', '192.168.1.6', '2026-02-08 12:20:25', 1, NULL);
INSERT INTO `login_attempts` (`id`, `user_email`, `user_id`, `device_id`, `device_name`, `ip_address`, `attempt_time`, `success`, `failure_reason`) VALUES (165, 'admin@posapp.com', NULL, 'fb:ef:be:f9:e7:9d_DESKTOP-3649MI1', 'DESKTOP-3649MI1', '192.168.1.6', '2026-02-08 12:30:44', 0, 'بيانات دخول غير صحيحة');
INSERT INTO `login_attempts` (`id`, `user_email`, `user_id`, `device_id`, `device_name`, `ip_address`, `attempt_time`, `success`, `failure_reason`) VALUES (166, 'admin@posapp.com', NULL, 'fb:ef:be:f9:e7:9d_DESKTOP-3649MI1', 'DESKTOP-3649MI1', '192.168.1.6', '2026-02-08 12:30:46', 0, 'بيانات دخول غير صحيحة');
INSERT INTO `login_attempts` (`id`, `user_email`, `user_id`, `device_id`, `device_name`, `ip_address`, `attempt_time`, `success`, `failure_reason`) VALUES (167, 'admin@posapp.com', NULL, 'fb:ef:be:f9:e7:9d_DESKTOP-3649MI1', 'DESKTOP-3649MI1', '192.168.1.6', '2026-02-08 12:30:56', 0, 'بيانات دخول غير صحيحة');
INSERT INTO `login_attempts` (`id`, `user_email`, `user_id`, `device_id`, `device_name`, `ip_address`, `attempt_time`, `success`, `failure_reason`) VALUES (168, 'admin@posapp.com', NULL, 'fb:ef:be:f9:e7:9d_DESKTOP-3649MI1', 'DESKTOP-3649MI1', '192.168.1.6', '2026-02-08 12:31:10', 0, 'بيانات دخول غير صحيحة');
INSERT INTO `login_attempts` (`id`, `user_email`, `user_id`, `device_id`, `device_name`, `ip_address`, `attempt_time`, `success`, `failure_reason`) VALUES (169, 'admin@posapp.com', NULL, 'fb:ef:be:f9:e7:9d_DESKTOP-3649MI1', 'DESKTOP-3649MI1', '192.168.1.6', '2026-02-08 12:31:38', 0, 'بيانات دخول غير صحيحة');
INSERT INTO `login_attempts` (`id`, `user_email`, `user_id`, `device_id`, `device_name`, `ip_address`, `attempt_time`, `success`, `failure_reason`) VALUES (170, 'admin@posapp.com', NULL, 'fb:ef:be:f9:e7:9d_DESKTOP-3649MI1', 'DESKTOP-3649MI1', '192.168.1.6', '2026-02-08 12:31:41', 0, 'بيانات دخول غير صحيحة');
INSERT INTO `login_attempts` (`id`, `user_email`, `user_id`, `device_id`, `device_name`, `ip_address`, `attempt_time`, `success`, `failure_reason`) VALUES (171, 'admin@posapp.com', NULL, 'fb:ef:be:f9:e7:9d_DESKTOP-3649MI1', 'DESKTOP-3649MI1', '192.168.1.6', '2026-02-08 12:31:43', 0, 'بيانات دخول غير صحيحة');
INSERT INTO `login_attempts` (`id`, `user_email`, `user_id`, `device_id`, `device_name`, `ip_address`, `attempt_time`, `success`, `failure_reason`) VALUES (172, 'admin@admin.com', NULL, 'fb:ef:be:f9:e7:9d_DESKTOP-3649MI1', 'DESKTOP-3649MI1', '192.168.1.6', '2026-02-08 12:33:35', 0, 'بيانات دخول غير صحيحة');
INSERT INTO `login_attempts` (`id`, `user_email`, `user_id`, `device_id`, `device_name`, `ip_address`, `attempt_time`, `success`, `failure_reason`) VALUES (173, 'admin@admin.com', NULL, 'fb:ef:be:f9:e7:9d_DESKTOP-3649MI1', 'DESKTOP-3649MI1', '192.168.1.6', '2026-02-08 12:33:56', 0, 'بيانات دخول غير صحيحة');
INSERT INTO `login_attempts` (`id`, `user_email`, `user_id`, `device_id`, `device_name`, `ip_address`, `attempt_time`, `success`, `failure_reason`) VALUES (174, 'admin@admin.com', NULL, 'fb:ef:be:f9:e7:9d_DESKTOP-3649MI1', 'DESKTOP-3649MI1', '192.168.1.6', '2026-02-08 12:34:02', 0, 'بيانات دخول غير صحيحة');
INSERT INTO `login_attempts` (`id`, `user_email`, `user_id`, `device_id`, `device_name`, `ip_address`, `attempt_time`, `success`, `failure_reason`) VALUES (175, 'admin@admin.com', NULL, 'fb:ef:be:f9:e7:9d_DESKTOP-3649MI1', 'DESKTOP-3649MI1', '192.168.1.6', '2026-02-08 12:34:41', 0, 'بيانات دخول غير صحيحة');
INSERT INTO `login_attempts` (`id`, `user_email`, `user_id`, `device_id`, `device_name`, `ip_address`, `attempt_time`, `success`, `failure_reason`) VALUES (176, 'admin@admin.com', NULL, 'fb:ef:be:f9:e7:9d_DESKTOP-3649MI1', 'DESKTOP-3649MI1', '192.168.1.6', '2026-02-08 12:35:26', 0, 'بيانات دخول غير صحيحة');
INSERT INTO `login_attempts` (`id`, `user_email`, `user_id`, `device_id`, `device_name`, `ip_address`, `attempt_time`, `success`, `failure_reason`) VALUES (177, 'admin@posapp.com', NULL, 'fb:ef:be:f9:e7:9d_DESKTOP-3649MI1', 'DESKTOP-3649MI1', '192.168.1.6', '2026-02-08 12:39:17', 0, 'بيانات دخول غير صحيحة');
INSERT INTO `login_attempts` (`id`, `user_email`, `user_id`, `device_id`, `device_name`, `ip_address`, `attempt_time`, `success`, `failure_reason`) VALUES (178, 'admin@posapp.com', NULL, 'fb:ef:be:f9:e7:9d_DESKTOP-3649MI1', 'DESKTOP-3649MI1', '192.168.1.6', '2026-02-08 12:39:41', 0, 'بيانات دخول غير صحيحة');
INSERT INTO `login_attempts` (`id`, `user_email`, `user_id`, `device_id`, `device_name`, `ip_address`, `attempt_time`, `success`, `failure_reason`) VALUES (179, 'admin@posapp.com', NULL, 'fb:ef:be:f9:e7:9d_DESKTOP-3649MI1', 'DESKTOP-3649MI1', '192.168.1.6', '2026-02-08 12:44:32', 0, 'بيانات دخول غير صحيحة');
INSERT INTO `login_attempts` (`id`, `user_email`, `user_id`, `device_id`, `device_name`, `ip_address`, `attempt_time`, `success`, `failure_reason`) VALUES (180, 'admin@posapp.com', 1, 'fb:ef:be:f9:e7:9d_DESKTOP-3649MI1', 'DESKTOP-3649MI1', '192.168.1.6', '2026-02-08 12:44:38', 1, NULL);
INSERT INTO `login_attempts` (`id`, `user_email`, `user_id`, `device_id`, `device_name`, `ip_address`, `attempt_time`, `success`, `failure_reason`) VALUES (181, 'admin@posapp.com', 1, 'fb:ef:be:f9:e7:9d_DESKTOP-3649MI1', 'DESKTOP-3649MI1', '192.168.1.6', '2026-02-08 22:32:34', 1, NULL);
INSERT INTO `login_attempts` (`id`, `user_email`, `user_id`, `device_id`, `device_name`, `ip_address`, `attempt_time`, `success`, `failure_reason`) VALUES (182, 'apdo@gmail.com', 2, 'fb:ef:be:f9:e7:9d_DESKTOP-3649MI1', 'DESKTOP-3649MI1', '192.168.1.6', '2026-02-08 22:33:44', 1, NULL);
INSERT INTO `login_attempts` (`id`, `user_email`, `user_id`, `device_id`, `device_name`, `ip_address`, `attempt_time`, `success`, `failure_reason`) VALUES (183, 'mt@pos.com', 5, 'fb:ef:be:f9:e7:9d_DESKTOP-3649MI1', 'DESKTOP-3649MI1', '192.168.1.6', '2026-02-08 22:34:39', 1, NULL);
INSERT INTO `login_attempts` (`id`, `user_email`, `user_id`, `device_id`, `device_name`, `ip_address`, `attempt_time`, `success`, `failure_reason`) VALUES (184, 'mt@pos.com', NULL, 'fb:ef:be:f9:e7:9d_DESKTOP-3649MI1', 'DESKTOP-3649MI1', '192.168.1.6', '2026-02-08 22:40:32', 0, 'بيانات دخول غير صحيحة');
INSERT INTO `login_attempts` (`id`, `user_email`, `user_id`, `device_id`, `device_name`, `ip_address`, `attempt_time`, `success`, `failure_reason`) VALUES (185, 'mt@pos.com', 5, 'fb:ef:be:f9:e7:9d_DESKTOP-3649MI1', 'DESKTOP-3649MI1', '192.168.1.6', '2026-02-08 22:40:36', 1, NULL);
INSERT INTO `login_attempts` (`id`, `user_email`, `user_id`, `device_id`, `device_name`, `ip_address`, `attempt_time`, `success`, `failure_reason`) VALUES (186, 'mt@pos.com', 5, 'fb:ef:be:f9:e7:9d_DESKTOP-3649MI1', 'DESKTOP-3649MI1', '192.168.1.6', '2026-02-08 22:57:31', 1, NULL);
INSERT INTO `login_attempts` (`id`, `user_email`, `user_id`, `device_id`, `device_name`, `ip_address`, `attempt_time`, `success`, `failure_reason`) VALUES (187, 'mt@pos.com', 5, 'fb:ef:be:f9:e7:9d_DESKTOP-3649MI1', 'DESKTOP-3649MI1', '192.168.1.6', '2026-02-08 22:59:03', 1, NULL);
INSERT INTO `login_attempts` (`id`, `user_email`, `user_id`, `device_id`, `device_name`, `ip_address`, `attempt_time`, `success`, `failure_reason`) VALUES (188, 'mt@pos.com', 5, 'fb:ef:be:f9:e7:9d_DESKTOP-3649MI1', 'DESKTOP-3649MI1', '192.168.1.6', '2026-02-08 23:14:02', 1, NULL);
INSERT INTO `login_attempts` (`id`, `user_email`, `user_id`, `device_id`, `device_name`, `ip_address`, `attempt_time`, `success`, `failure_reason`) VALUES (189, 'mt@pos.com', 5, 'fb:ef:be:f9:e7:9d_DESKTOP-3649MI1', 'DESKTOP-3649MI1', '192.168.1.6', '2026-02-08 23:18:58', 1, NULL);
INSERT INTO `login_attempts` (`id`, `user_email`, `user_id`, `device_id`, `device_name`, `ip_address`, `attempt_time`, `success`, `failure_reason`) VALUES (190, 'mt@pos.com', 5, 'fb:ef:be:f9:e7:9d_DESKTOP-3649MI1', 'DESKTOP-3649MI1', '192.168.1.6', '2026-02-08 23:24:04', 1, NULL);
INSERT INTO `login_attempts` (`id`, `user_email`, `user_id`, `device_id`, `device_name`, `ip_address`, `attempt_time`, `success`, `failure_reason`) VALUES (191, 'mt@pos.com', 5, 'fb:ef:be:f9:e7:9d_DESKTOP-3649MI1', 'DESKTOP-3649MI1', '192.168.1.6', '2026-02-08 23:24:29', 1, NULL);
INSERT INTO `login_attempts` (`id`, `user_email`, `user_id`, `device_id`, `device_name`, `ip_address`, `attempt_time`, `success`, `failure_reason`) VALUES (192, 'mt@pos.com', 5, 'fb:ef:be:f9:e7:9d_DESKTOP-3649MI1', 'DESKTOP-3649MI1', '192.168.1.6', '2026-02-08 23:28:03', 1, NULL);
INSERT INTO `login_attempts` (`id`, `user_email`, `user_id`, `device_id`, `device_name`, `ip_address`, `attempt_time`, `success`, `failure_reason`) VALUES (193, 'mt@pos.com', 5, 'fb:ef:be:f9:e7:9d_DESKTOP-3649MI1', 'DESKTOP-3649MI1', '192.168.1.6', '2026-02-08 23:32:52', 1, NULL);
INSERT INTO `login_attempts` (`id`, `user_email`, `user_id`, `device_id`, `device_name`, `ip_address`, `attempt_time`, `success`, `failure_reason`) VALUES (194, 'admin@posapp.com', 1, 'fb:ef:be:f9:e7:9d_DESKTOP-3649MI1', 'DESKTOP-3649MI1', '192.168.1.6', '2026-02-09 06:28:33', 1, NULL);
INSERT INTO `login_attempts` (`id`, `user_email`, `user_id`, `device_id`, `device_name`, `ip_address`, `attempt_time`, `success`, `failure_reason`) VALUES (195, 'admin@posapp.com', 1, 'fb:ef:be:f9:e7:9d_DESKTOP-3649MI1', 'DESKTOP-3649MI1', '192.168.1.6', '2026-02-09 06:40:18', 1, NULL);
INSERT INTO `login_attempts` (`id`, `user_email`, `user_id`, `device_id`, `device_name`, `ip_address`, `attempt_time`, `success`, `failure_reason`) VALUES (196, 'admin@posapp.com', 1, 'fb:ef:be:f9:e7:9d_DESKTOP-3649MI1', 'DESKTOP-3649MI1', '192.168.1.6', '2026-02-09 06:50:23', 1, NULL);
INSERT INTO `login_attempts` (`id`, `user_email`, `user_id`, `device_id`, `device_name`, `ip_address`, `attempt_time`, `success`, `failure_reason`) VALUES (197, 'admin@posapp.com', 1, 'fb:ef:be:f9:e7:9d_DESKTOP-3649MI1', 'DESKTOP-3649MI1', '192.168.1.6', '2026-02-09 06:51:01', 1, NULL);
INSERT INTO `login_attempts` (`id`, `user_email`, `user_id`, `device_id`, `device_name`, `ip_address`, `attempt_time`, `success`, `failure_reason`) VALUES (198, 'admin@posapp.com', 1, 'fb:ef:be:f9:e7:9d_DESKTOP-3649MI1', 'DESKTOP-3649MI1', '192.168.1.6', '2026-02-09 06:57:24', 1, NULL);
INSERT INTO `login_attempts` (`id`, `user_email`, `user_id`, `device_id`, `device_name`, `ip_address`, `attempt_time`, `success`, `failure_reason`) VALUES (199, 'admin@posapp.com', 1, 'fb:ef:be:f9:e7:9d_DESKTOP-3649MI1', 'DESKTOP-3649MI1', '192.168.1.6', '2026-02-09 07:01:41', 1, NULL);
INSERT INTO `login_attempts` (`id`, `user_email`, `user_id`, `device_id`, `device_name`, `ip_address`, `attempt_time`, `success`, `failure_reason`) VALUES (200, 'admin@posapp.com', 1, 'fb:ef:be:f9:e7:9d_DESKTOP-3649MI1', 'DESKTOP-3649MI1', '192.168.1.6', '2026-02-09 07:04:52', 1, NULL);
INSERT INTO `login_attempts` (`id`, `user_email`, `user_id`, `device_id`, `device_name`, `ip_address`, `attempt_time`, `success`, `failure_reason`) VALUES (201, 'admin@posapp.com', 1, 'fb:ef:be:f9:e7:9d_DESKTOP-3649MI1', 'DESKTOP-3649MI1', '192.168.1.6', '2026-02-09 07:14:32', 1, NULL);
INSERT INTO `login_attempts` (`id`, `user_email`, `user_id`, `device_id`, `device_name`, `ip_address`, `attempt_time`, `success`, `failure_reason`) VALUES (202, 'admin@posapp.com', 1, 'f9:e7:9c:72:c9:25_DESKTOP-3649MI1', 'DESKTOP-3649MI1', '192.168.1.6', '2026-02-09 07:58:55', 1, NULL);
INSERT INTO `login_attempts` (`id`, `user_email`, `user_id`, `device_id`, `device_name`, `ip_address`, `attempt_time`, `success`, `failure_reason`) VALUES (203, 'admin@posapp.com', 1, 'f9:e7:9c:72:c9:25_DESKTOP-3649MI1', 'DESKTOP-3649MI1', '192.168.1.6', '2026-02-09 08:14:23', 1, NULL);
INSERT INTO `login_attempts` (`id`, `user_email`, `user_id`, `device_id`, `device_name`, `ip_address`, `attempt_time`, `success`, `failure_reason`) VALUES (204, 'admin@posapp.com', 1, 'f9:e7:9c:72:c9:25_DESKTOP-3649MI1', 'DESKTOP-3649MI1', '192.168.1.6', '2026-02-09 08:31:24', 1, NULL);
INSERT INTO `login_attempts` (`id`, `user_email`, `user_id`, `device_id`, `device_name`, `ip_address`, `attempt_time`, `success`, `failure_reason`) VALUES (205, 'admin@posapp.com', 1, 'f9:e7:9c:72:c9:25_DESKTOP-3649MI1', 'DESKTOP-3649MI1', '192.168.1.6', '2026-02-09 08:34:46', 1, NULL);
INSERT INTO `login_attempts` (`id`, `user_email`, `user_id`, `device_id`, `device_name`, `ip_address`, `attempt_time`, `success`, `failure_reason`) VALUES (206, 'admin@posapp.com', 1, 'f9:e7:9c:72:c9:25_DESKTOP-3649MI1', 'DESKTOP-3649MI1', '192.168.1.6', '2026-02-09 08:42:12', 1, NULL);
INSERT INTO `login_attempts` (`id`, `user_email`, `user_id`, `device_id`, `device_name`, `ip_address`, `attempt_time`, `success`, `failure_reason`) VALUES (207, 'admin@posapp.com', 1, 'f9:e7:9c:72:c9:25_DESKTOP-3649MI1', 'DESKTOP-3649MI1', '192.168.1.6', '2026-02-09 08:55:25', 1, NULL);
INSERT INTO `login_attempts` (`id`, `user_email`, `user_id`, `device_id`, `device_name`, `ip_address`, `attempt_time`, `success`, `failure_reason`) VALUES (208, 'mt@pos.com', 5, 'f9:e7:9c:72:c9:25_DESKTOP-3649MI1', 'DESKTOP-3649MI1', '192.168.1.6', '2026-02-09 09:03:03', 0, 'جهاز غير مصرح به');
INSERT INTO `login_attempts` (`id`, `user_email`, `user_id`, `device_id`, `device_name`, `ip_address`, `attempt_time`, `success`, `failure_reason`) VALUES (209, 'admin@posapp.com', 1, 'f9:e7:9c:72:c9:25_DESKTOP-3649MI1', 'DESKTOP-3649MI1', '192.168.1.6', '2026-02-09 09:03:23', 1, NULL);
INSERT INTO `login_attempts` (`id`, `user_email`, `user_id`, `device_id`, `device_name`, `ip_address`, `attempt_time`, `success`, `failure_reason`) VALUES (210, 'mt@pos.com', 5, 'f9:e7:9c:72:c9:25_DESKTOP-3649MI1', 'DESKTOP-3649MI1', '192.168.1.6', '2026-02-09 09:06:10', 0, 'جهاز غير مصرح به');
INSERT INTO `login_attempts` (`id`, `user_email`, `user_id`, `device_id`, `device_name`, `ip_address`, `attempt_time`, `success`, `failure_reason`) VALUES (211, 'mt@pos.com', 5, 'HW_5CD1416BYS_DESKTOP-3649MI1', 'DESKTOP-3649MI1', '192.168.1.6', '2026-02-09 09:14:03', 0, 'جهاز غير مصرح به');
INSERT INTO `login_attempts` (`id`, `user_email`, `user_id`, `device_id`, `device_name`, `ip_address`, `attempt_time`, `success`, `failure_reason`) VALUES (212, 'admin@posapp.com', 1, 'HW_5CD1416BYS_DESKTOP-3649MI1', 'DESKTOP-3649MI1', '192.168.1.6', '2026-02-09 09:14:14', 1, NULL);
INSERT INTO `login_attempts` (`id`, `user_email`, `user_id`, `device_id`, `device_name`, `ip_address`, `attempt_time`, `success`, `failure_reason`) VALUES (213, 'admin@posapp.com', 1, 'HW_5CD1416BYS_DESKTOP-3649MI1', 'DESKTOP-3649MI1', '192.168.1.6', '2026-02-09 09:16:03', 1, NULL);
INSERT INTO `login_attempts` (`id`, `user_email`, `user_id`, `device_id`, `device_name`, `ip_address`, `attempt_time`, `success`, `failure_reason`) VALUES (214, 'mt@pos.com', 5, 'HW_5CD1416BYS_DESKTOP-3649MI1', 'DESKTOP-3649MI1', '192.168.1.6', '2026-02-09 09:17:28', 1, NULL);
INSERT INTO `login_attempts` (`id`, `user_email`, `user_id`, `device_id`, `device_name`, `ip_address`, `attempt_time`, `success`, `failure_reason`) VALUES (215, 'mt@pos.com', 5, 'HW_5CD1416BYS_DESKTOP-3649MI1', 'DESKTOP-3649MI1', '192.168.1.6', '2026-02-09 09:18:34', 1, NULL);
INSERT INTO `login_attempts` (`id`, `user_email`, `user_id`, `device_id`, `device_name`, `ip_address`, `attempt_time`, `success`, `failure_reason`) VALUES (216, 'admin@posapp.com', 1, 'HW_5CD1416BYS_DESKTOP-3649MI1', 'DESKTOP-3649MI1', '192.168.1.6', '2026-02-09 09:23:51', 1, NULL);
INSERT INTO `login_attempts` (`id`, `user_email`, `user_id`, `device_id`, `device_name`, `ip_address`, `attempt_time`, `success`, `failure_reason`) VALUES (217, 'mt@pos.com', 5, 'HW_5CD1416BYS_DESKTOP-3649MI1', 'DESKTOP-3649MI1', '192.168.1.6', '2026-02-09 09:25:12', 1, NULL);
INSERT INTO `login_attempts` (`id`, `user_email`, `user_id`, `device_id`, `device_name`, `ip_address`, `attempt_time`, `success`, `failure_reason`) VALUES (218, 'admin@posapp.com', 1, 'HW_5CD1416BYS_DESKTOP-3649MI1', 'DESKTOP-3649MI1', '192.168.1.6', '2026-02-09 09:29:50', 1, NULL);
INSERT INTO `login_attempts` (`id`, `user_email`, `user_id`, `device_id`, `device_name`, `ip_address`, `attempt_time`, `success`, `failure_reason`) VALUES (219, 'mt@pos.com', 5, 'HW_5CD1416BYS_DESKTOP-3649MI1', 'DESKTOP-3649MI1', '192.168.1.6', '2026-02-09 09:30:25', 1, NULL);
INSERT INTO `login_attempts` (`id`, `user_email`, `user_id`, `device_id`, `device_name`, `ip_address`, `attempt_time`, `success`, `failure_reason`) VALUES (220, 'admin@posapp.com', 1, 'HW_5CD1416BYS_DESKTOP-3649MI1', 'DESKTOP-3649MI1', '192.168.1.6', '2026-02-09 09:39:53', 1, NULL);
INSERT INTO `login_attempts` (`id`, `user_email`, `user_id`, `device_id`, `device_name`, `ip_address`, `attempt_time`, `success`, `failure_reason`) VALUES (221, 'dev@admin.com', NULL, 'HW_5CD1416BYS_DESKTOP-3649MI1', 'DESKTOP-3649MI1', '192.168.1.6', '2026-02-09 10:09:33', 0, 'بيانات دخول غير صحيحة');
INSERT INTO `login_attempts` (`id`, `user_email`, `user_id`, `device_id`, `device_name`, `ip_address`, `attempt_time`, `success`, `failure_reason`) VALUES (222, 'dev@admin.com', NULL, 'HW_5CD1416BYS_DESKTOP-3649MI1', 'DESKTOP-3649MI1', '192.168.1.6', '2026-02-09 10:09:35', 0, 'بيانات دخول غير صحيحة');
INSERT INTO `login_attempts` (`id`, `user_email`, `user_id`, `device_id`, `device_name`, `ip_address`, `attempt_time`, `success`, `failure_reason`) VALUES (223, 'dev@admin.com', NULL, 'HW_5CD1416BYS_DESKTOP-3649MI1', 'DESKTOP-3649MI1', '192.168.1.6', '2026-02-09 10:09:53', 0, 'بيانات دخول غير صحيحة');
INSERT INTO `login_attempts` (`id`, `user_email`, `user_id`, `device_id`, `device_name`, `ip_address`, `attempt_time`, `success`, `failure_reason`) VALUES (224, 'admin@posapp.com', 1, 'HW_5CD1416BYS_DESKTOP-3649MI1', 'DESKTOP-3649MI1', '192.168.1.6', '2026-02-09 10:10:12', 1, NULL);
INSERT INTO `login_attempts` (`id`, `user_email`, `user_id`, `device_id`, `device_name`, `ip_address`, `attempt_time`, `success`, `failure_reason`) VALUES (225, 'dev@admin.com', 13, 'HW_5CD1416BYS_DESKTOP-3649MI1', 'DESKTOP-3649MI1', '192.168.1.6', '2026-02-09 10:29:22', 1, NULL);

-- Structure for order_items
DROP TABLE IF EXISTS `order_items`;
CREATE TABLE `order_items` (
  `id` int NOT NULL AUTO_INCREMENT,
  `order_id` int NOT NULL,
  `product_id` int NOT NULL,
  `quantity` int NOT NULL,
  `unit_price` decimal(10,2) DEFAULT NULL,
  `total_price` decimal(12,2) DEFAULT NULL,
  `notes` varchar(255) COLLATE utf8mb4_unicode_ci DEFAULT NULL,
  `created_at` timestamp NULL DEFAULT CURRENT_TIMESTAMP,
  PRIMARY KEY (`id`),
  KEY `order_id` (`order_id`),
  KEY `product_id` (`product_id`),
  CONSTRAINT `order_items_ibfk_1` FOREIGN KEY (`order_id`) REFERENCES `orders` (`id`) ON DELETE CASCADE,
  CONSTRAINT `order_items_ibfk_2` FOREIGN KEY (`product_id`) REFERENCES `products` (`id`)
) ENGINE=InnoDB AUTO_INCREMENT=35 DEFAULT CHARSET=utf8mb4 COLLATE=utf8mb4_unicode_ci;

-- Data for order_items
INSERT INTO `order_items` (`id`, `order_id`, `product_id`, `quantity`, `unit_price`, `total_price`, `notes`, `created_at`) VALUES (1, 1, 4, 1, '68.00', '68.00', NULL, '2026-01-21 13:42:40');
INSERT INTO `order_items` (`id`, `order_id`, `product_id`, `quantity`, `unit_price`, `total_price`, `notes`, `created_at`) VALUES (2, 1, 5, 1, '58.00', '58.00', NULL, '2026-01-21 13:42:40');
INSERT INTO `order_items` (`id`, `order_id`, `product_id`, `quantity`, `unit_price`, `total_price`, `notes`, `created_at`) VALUES (3, 1, 8, 1, '52.00', '52.00', NULL, '2026-01-21 13:42:40');
INSERT INTO `order_items` (`id`, `order_id`, `product_id`, `quantity`, `unit_price`, `total_price`, `notes`, `created_at`) VALUES (4, 2, 9, 1, '30.00', '30.00', NULL, '2026-01-21 13:48:49');
INSERT INTO `order_items` (`id`, `order_id`, `product_id`, `quantity`, `unit_price`, `total_price`, `notes`, `created_at`) VALUES (5, 2, 22, 1, '18.00', '18.00', NULL, '2026-01-21 13:48:49');
INSERT INTO `order_items` (`id`, `order_id`, `product_id`, `quantity`, `unit_price`, `total_price`, `notes`, `created_at`) VALUES (6, 3, 1, 1, '32.00', '32.00', NULL, '2026-01-21 13:53:57');
INSERT INTO `order_items` (`id`, `order_id`, `product_id`, `quantity`, `unit_price`, `total_price`, `notes`, `created_at`) VALUES (7, 3, 2, 1, '28.00', '28.00', NULL, '2026-01-21 13:53:57');
INSERT INTO `order_items` (`id`, `order_id`, `product_id`, `quantity`, `unit_price`, `total_price`, `notes`, `created_at`) VALUES (8, 3, 3, 1, '11.00', '11.00', NULL, '2026-01-21 13:53:57');
INSERT INTO `order_items` (`id`, `order_id`, `product_id`, `quantity`, `unit_price`, `total_price`, `notes`, `created_at`) VALUES (9, 3, 5, 2, '58.00', '116.00', NULL, '2026-01-21 13:53:57');
INSERT INTO `order_items` (`id`, `order_id`, `product_id`, `quantity`, `unit_price`, `total_price`, `notes`, `created_at`) VALUES (10, 4, 3, 1, '11.00', '11.00', NULL, '2026-01-21 14:28:55');
INSERT INTO `order_items` (`id`, `order_id`, `product_id`, `quantity`, `unit_price`, `total_price`, `notes`, `created_at`) VALUES (11, 4, 2, 1, '28.00', '28.00', NULL, '2026-01-21 14:28:55');
INSERT INTO `order_items` (`id`, `order_id`, `product_id`, `quantity`, `unit_price`, `total_price`, `notes`, `created_at`) VALUES (12, 4, 7, 1, '22.00', '22.00', NULL, '2026-01-21 14:28:55');
INSERT INTO `order_items` (`id`, `order_id`, `product_id`, `quantity`, `unit_price`, `total_price`, `notes`, `created_at`) VALUES (13, 4, 5, 1, '58.00', '58.00', NULL, '2026-01-21 14:28:55');
INSERT INTO `order_items` (`id`, `order_id`, `product_id`, `quantity`, `unit_price`, `total_price`, `notes`, `created_at`) VALUES (14, 5, 1, 2, '32.00', '64.00', NULL, '2026-01-21 15:21:41');
INSERT INTO `order_items` (`id`, `order_id`, `product_id`, `quantity`, `unit_price`, `total_price`, `notes`, `created_at`) VALUES (15, 5, 6, 1, '24.00', '24.00', NULL, '2026-01-21 15:21:41');
INSERT INTO `order_items` (`id`, `order_id`, `product_id`, `quantity`, `unit_price`, `total_price`, `notes`, `created_at`) VALUES (16, 5, 20, 1, '48.00', '48.00', NULL, '2026-01-21 15:21:41');
INSERT INTO `order_items` (`id`, `order_id`, `product_id`, `quantity`, `unit_price`, `total_price`, `notes`, `created_at`) VALUES (17, 5, 17, 1, '35.00', '35.00', NULL, '2026-01-21 15:21:41');
INSERT INTO `order_items` (`id`, `order_id`, `product_id`, `quantity`, `unit_price`, `total_price`, `notes`, `created_at`) VALUES (18, 5, 22, 1, '18.00', '18.00', NULL, '2026-01-21 15:21:41');
INSERT INTO `order_items` (`id`, `order_id`, `product_id`, `quantity`, `unit_price`, `total_price`, `notes`, `created_at`) VALUES (19, 5, 21, 1, '38.00', '38.00', NULL, '2026-01-21 15:21:41');
INSERT INTO `order_items` (`id`, `order_id`, `product_id`, `quantity`, `unit_price`, `total_price`, `notes`, `created_at`) VALUES (20, 5, 35, 1, '25.00', '25.00', NULL, '2026-01-21 15:21:41');
INSERT INTO `order_items` (`id`, `order_id`, `product_id`, `quantity`, `unit_price`, `total_price`, `notes`, `created_at`) VALUES (21, 6, 3, 1, '11.00', '11.00', NULL, '2026-01-21 15:38:22');
INSERT INTO `order_items` (`id`, `order_id`, `product_id`, `quantity`, `unit_price`, `total_price`, `notes`, `created_at`) VALUES (22, 7, 6, 1, '24.00', '24.00', NULL, '2026-01-22 00:07:31');
INSERT INTO `order_items` (`id`, `order_id`, `product_id`, `quantity`, `unit_price`, `total_price`, `notes`, `created_at`) VALUES (23, 7, 1, 1, '32.00', '32.00', NULL, '2026-01-22 00:07:31');
INSERT INTO `order_items` (`id`, `order_id`, `product_id`, `quantity`, `unit_price`, `total_price`, `notes`, `created_at`) VALUES (24, 7, 20, 1, '48.00', '48.00', NULL, '2026-01-22 00:07:31');
INSERT INTO `order_items` (`id`, `order_id`, `product_id`, `quantity`, `unit_price`, `total_price`, `notes`, `created_at`) VALUES (25, 7, 17, 1, '35.00', '35.00', NULL, '2026-01-22 00:07:31');
INSERT INTO `order_items` (`id`, `order_id`, `product_id`, `quantity`, `unit_price`, `total_price`, `notes`, `created_at`) VALUES (26, 7, 22, 1, '18.00', '18.00', NULL, '2026-01-22 00:07:31');
INSERT INTO `order_items` (`id`, `order_id`, `product_id`, `quantity`, `unit_price`, `total_price`, `notes`, `created_at`) VALUES (27, 7, 21, 1, '38.00', '38.00', NULL, '2026-01-22 00:07:31');
INSERT INTO `order_items` (`id`, `order_id`, `product_id`, `quantity`, `unit_price`, `total_price`, `notes`, `created_at`) VALUES (28, 7, 31, 1, '65.00', '65.00', NULL, '2026-01-22 00:07:31');
INSERT INTO `order_items` (`id`, `order_id`, `product_id`, `quantity`, `unit_price`, `total_price`, `notes`, `created_at`) VALUES (29, 7, 26, 1, '5.00', '5.00', NULL, '2026-01-22 00:07:31');
INSERT INTO `order_items` (`id`, `order_id`, `product_id`, `quantity`, `unit_price`, `total_price`, `notes`, `created_at`) VALUES (30, 7, 35, 1, '25.00', '25.00', NULL, '2026-01-22 00:07:31');
INSERT INTO `order_items` (`id`, `order_id`, `product_id`, `quantity`, `unit_price`, `total_price`, `notes`, `created_at`) VALUES (31, 8, 1, 1, '32.00', '32.00', NULL, '2026-01-22 00:23:58');
INSERT INTO `order_items` (`id`, `order_id`, `product_id`, `quantity`, `unit_price`, `total_price`, `notes`, `created_at`) VALUES (32, 8, 17, 1, '35.00', '35.00', NULL, '2026-01-22 00:23:58');
INSERT INTO `order_items` (`id`, `order_id`, `product_id`, `quantity`, `unit_price`, `total_price`, `notes`, `created_at`) VALUES (33, 8, 6, 1, '24.00', '24.00', NULL, '2026-01-22 00:23:58');
INSERT INTO `order_items` (`id`, `order_id`, `product_id`, `quantity`, `unit_price`, `total_price`, `notes`, `created_at`) VALUES (34, 8, 20, 1, '48.00', '48.00', NULL, '2026-01-22 00:23:58');

-- Structure for orders
DROP TABLE IF EXISTS `orders`;
CREATE TABLE `orders` (
  `id` int NOT NULL AUTO_INCREMENT,
  `order_number` varchar(50) COLLATE utf8mb4_unicode_ci NOT NULL,
  `customer_name` varchar(100) COLLATE utf8mb4_unicode_ci NOT NULL,
  `customer_phone` varchar(20) COLLATE utf8mb4_unicode_ci NOT NULL,
  `customer_address` text COLLATE utf8mb4_unicode_ci,
  `customer_city` varchar(50) COLLATE utf8mb4_unicode_ci DEFAULT NULL,
  `source_store_id` int NOT NULL,
  `destination_store_id` int DEFAULT NULL,
  `call_center_user_id` int NOT NULL,
  `order_date` timestamp NULL DEFAULT CURRENT_TIMESTAMP,
  `expected_delivery_date` datetime DEFAULT NULL,
  `total_amount` decimal(12,2) DEFAULT NULL,
  `status` enum('Pending','Confirmed','Prepared','Delivered','Cancelled') COLLATE utf8mb4_unicode_ci DEFAULT 'Pending',
  `notes` text COLLATE utf8mb4_unicode_ci,
  `created_at` timestamp NULL DEFAULT CURRENT_TIMESTAMP,
  `updated_at` timestamp NULL DEFAULT CURRENT_TIMESTAMP ON UPDATE CURRENT_TIMESTAMP,
  PRIMARY KEY (`id`),
  UNIQUE KEY `order_number` (`order_number`),
  KEY `source_store_id` (`source_store_id`),
  KEY `destination_store_id` (`destination_store_id`),
  KEY `call_center_user_id` (`call_center_user_id`),
  KEY `idx_order_number` (`order_number`),
  KEY `idx_order_status` (`status`),
  CONSTRAINT `orders_ibfk_1` FOREIGN KEY (`source_store_id`) REFERENCES `stores` (`id`),
  CONSTRAINT `orders_ibfk_2` FOREIGN KEY (`destination_store_id`) REFERENCES `stores` (`id`),
  CONSTRAINT `orders_ibfk_3` FOREIGN KEY (`call_center_user_id`) REFERENCES `users` (`id`)
) ENGINE=InnoDB AUTO_INCREMENT=9 DEFAULT CHARSET=utf8mb4 COLLATE=utf8mb4_unicode_ci;

-- Data for orders
INSERT INTO `orders` (`id`, `order_number`, `customer_name`, `customer_phone`, `customer_address`, `customer_city`, `source_store_id`, `destination_store_id`, `call_center_user_id`, `order_date`, `expected_delivery_date`, `total_amount`, `status`, `notes`, `created_at`, `updated_at`) VALUES (1, 'ORD-20260121134240', 'طارق عبدالقادر', '01229525691', 'القلج', NULL, 1, NULL, 1, '2026-01-21 13:42:40', NULL, '178.00', 'Pending', NULL, '2026-01-21 13:42:40', '2026-01-21 13:42:40');
INSERT INTO `orders` (`id`, `order_number`, `customer_name`, `customer_phone`, `customer_address`, `customer_city`, `source_store_id`, `destination_store_id`, `call_center_user_id`, `order_date`, `expected_delivery_date`, `total_amount`, `status`, `notes`, `created_at`, `updated_at`) VALUES (2, 'ORD-20260121134849', 'طارق', '01229525691', 'القلج', NULL, 1, 2, 4, '2026-01-21 13:48:49', NULL, '48.00', 'Delivered', NULL, '2026-01-21 13:48:49', '2026-01-21 15:23:46');
INSERT INTO `orders` (`id`, `order_number`, `customer_name`, `customer_phone`, `customer_address`, `customer_city`, `source_store_id`, `destination_store_id`, `call_center_user_id`, `order_date`, `expected_delivery_date`, `total_amount`, `status`, `notes`, `created_at`, `updated_at`) VALUES (3, 'ORD-20260121135357', 'عبده', '01070276578', 'القلج', NULL, 1, 2, 4, '2026-01-21 13:53:57', NULL, '187.00', 'Delivered', NULL, '2026-01-21 13:53:57', '2026-01-21 15:22:41');
INSERT INTO `orders` (`id`, `order_number`, `customer_name`, `customer_phone`, `customer_address`, `customer_city`, `source_store_id`, `destination_store_id`, `call_center_user_id`, `order_date`, `expected_delivery_date`, `total_amount`, `status`, `notes`, `created_at`, `updated_at`) VALUES (4, 'ORD-20260121142855', 'محمد طارق', '01010101010', 'القلج', NULL, 1, 2, 1, '2026-01-21 14:28:55', NULL, '119.00', 'Delivered', NULL, '2026-01-21 14:28:55', '2026-01-21 14:30:41');
INSERT INTO `orders` (`id`, `order_number`, `customer_name`, `customer_phone`, `customer_address`, `customer_city`, `source_store_id`, `destination_store_id`, `call_center_user_id`, `order_date`, `expected_delivery_date`, `total_amount`, `status`, `notes`, `created_at`, `updated_at`) VALUES (5, 'ORD-20260121152141', 'خالد شوقي', '01234567890', 'المرج', NULL, 1, 2, 4, '2026-01-21 15:21:41', NULL, '252.00', 'Delivered', NULL, '2026-01-21 15:21:41', '2026-01-21 15:23:08');
INSERT INTO `orders` (`id`, `order_number`, `customer_name`, `customer_phone`, `customer_address`, `customer_city`, `source_store_id`, `destination_store_id`, `call_center_user_id`, `order_date`, `expected_delivery_date`, `total_amount`, `status`, `notes`, `created_at`, `updated_at`) VALUES (6, 'ORD-20260121153822', 'ا', '1', '1', NULL, 1, 2, 4, '2026-01-21 15:38:22', NULL, '11.00', 'Delivered', NULL, '2026-01-21 15:38:22', '2026-01-22 12:25:49');
INSERT INTO `orders` (`id`, `order_number`, `customer_name`, `customer_phone`, `customer_address`, `customer_city`, `source_store_id`, `destination_store_id`, `call_center_user_id`, `order_date`, `expected_delivery_date`, `total_amount`, `status`, `notes`, `created_at`, `updated_at`) VALUES (7, 'ORD-20260122000731', 'خالد شوقي', '01108261455', 'القلج', NULL, 1, 2, 1, '2026-01-22 00:07:31', NULL, '290.00', 'Delivered', NULL, '2026-01-22 00:07:31', '2026-01-22 00:09:02');
INSERT INTO `orders` (`id`, `order_number`, `customer_name`, `customer_phone`, `customer_address`, `customer_city`, `source_store_id`, `destination_store_id`, `call_center_user_id`, `order_date`, `expected_delivery_date`, `total_amount`, `status`, `notes`, `created_at`, `updated_at`) VALUES (8, 'ORD-20260122002358', 'محمد شوقي', '01070276578', 'القلج', NULL, 1, 2, 1, '2026-01-22 00:23:58', NULL, '139.00', 'Delivered', NULL, '2026-01-22 00:23:58', '2026-01-22 00:26:13');

-- Structure for price_history
DROP TABLE IF EXISTS `price_history`;
CREATE TABLE `price_history` (
  `id` int NOT NULL AUTO_INCREMENT,
  `product_id` int NOT NULL,
  `old_buy_price` decimal(10,2) DEFAULT NULL,
  `new_buy_price` decimal(10,2) DEFAULT NULL,
  `old_sell_price` decimal(10,2) DEFAULT NULL,
  `new_sell_price` decimal(10,2) DEFAULT NULL,
  `changed_by` int NOT NULL,
  `change_date` timestamp NULL DEFAULT CURRENT_TIMESTAMP,
  `notes` varchar(255) COLLATE utf8mb4_unicode_ci DEFAULT NULL,
  PRIMARY KEY (`id`),
  KEY `product_id` (`product_id`),
  KEY `changed_by` (`changed_by`),
  CONSTRAINT `price_history_ibfk_1` FOREIGN KEY (`product_id`) REFERENCES `products` (`id`),
  CONSTRAINT `price_history_ibfk_2` FOREIGN KEY (`changed_by`) REFERENCES `users` (`id`)
) ENGINE=InnoDB DEFAULT CHARSET=utf8mb4 COLLATE=utf8mb4_unicode_ci;

-- Structure for product_inventory
DROP TABLE IF EXISTS `product_inventory`;
CREATE TABLE `product_inventory` (
  `id` int NOT NULL AUTO_INCREMENT,
  `product_id` int NOT NULL,
  `store_id` int NOT NULL,
  `quantity_in_stock` int NOT NULL DEFAULT '0',
  `minimum_quantity` int DEFAULT '10',
  `last_count_date` datetime DEFAULT NULL,
  `last_counted_by` int DEFAULT NULL,
  `notes` text COLLATE utf8mb4_unicode_ci,
  `created_at` timestamp NULL DEFAULT CURRENT_TIMESTAMP,
  `updated_at` timestamp NULL DEFAULT CURRENT_TIMESTAMP ON UPDATE CURRENT_TIMESTAMP,
  PRIMARY KEY (`id`),
  UNIQUE KEY `unique_product_store` (`product_id`,`store_id`),
  KEY `last_counted_by` (`last_counted_by`),
  KEY `idx_store_quantity` (`store_id`,`quantity_in_stock`),
  CONSTRAINT `product_inventory_ibfk_1` FOREIGN KEY (`product_id`) REFERENCES `products` (`id`),
  CONSTRAINT `product_inventory_ibfk_2` FOREIGN KEY (`store_id`) REFERENCES `stores` (`id`),
  CONSTRAINT `product_inventory_ibfk_3` FOREIGN KEY (`last_counted_by`) REFERENCES `users` (`id`)
) ENGINE=InnoDB AUTO_INCREMENT=599 DEFAULT CHARSET=utf8mb4 COLLATE=utf8mb4_unicode_ci;

-- Data for product_inventory
INSERT INTO `product_inventory` (`id`, `product_id`, `store_id`, `quantity_in_stock`, `minimum_quantity`, `last_count_date`, `last_counted_by`, `notes`, `created_at`, `updated_at`) VALUES (1, 1, 1, 51, 10, NULL, NULL, NULL, '2026-01-21 13:22:02', '2026-02-07 21:13:37');
INSERT INTO `product_inventory` (`id`, `product_id`, `store_id`, `quantity_in_stock`, `minimum_quantity`, `last_count_date`, `last_counted_by`, `notes`, `created_at`, `updated_at`) VALUES (2, 1, 2, 58, 10, NULL, NULL, NULL, '2026-01-21 13:22:02', '2026-02-07 21:10:47');
INSERT INTO `product_inventory` (`id`, `product_id`, `store_id`, `quantity_in_stock`, `minimum_quantity`, `last_count_date`, `last_counted_by`, `notes`, `created_at`, `updated_at`) VALUES (3, 1, 3, 73, 10, NULL, NULL, NULL, '2026-01-21 13:22:02', '2026-02-07 21:13:41');
INSERT INTO `product_inventory` (`id`, `product_id`, `store_id`, `quantity_in_stock`, `minimum_quantity`, `last_count_date`, `last_counted_by`, `notes`, `created_at`, `updated_at`) VALUES (4, 2, 1, 19, 10, NULL, NULL, NULL, '2026-01-21 13:22:02', '2026-01-22 02:14:40');
INSERT INTO `product_inventory` (`id`, `product_id`, `store_id`, `quantity_in_stock`, `minimum_quantity`, `last_count_date`, `last_counted_by`, `notes`, `created_at`, `updated_at`) VALUES (5, 2, 2, 68, 10, NULL, NULL, NULL, '2026-01-21 13:22:02', '2026-02-07 21:07:01');
INSERT INTO `product_inventory` (`id`, `product_id`, `store_id`, `quantity_in_stock`, `minimum_quantity`, `last_count_date`, `last_counted_by`, `notes`, `created_at`, `updated_at`) VALUES (6, 2, 3, 87, 10, NULL, NULL, NULL, '2026-01-21 13:22:02', '2026-01-31 18:22:16');
INSERT INTO `product_inventory` (`id`, `product_id`, `store_id`, `quantity_in_stock`, `minimum_quantity`, `last_count_date`, `last_counted_by`, `notes`, `created_at`, `updated_at`) VALUES (7, 3, 1, 57, 10, NULL, NULL, NULL, '2026-01-21 13:22:02', '2026-01-21 13:22:02');
INSERT INTO `product_inventory` (`id`, `product_id`, `store_id`, `quantity_in_stock`, `minimum_quantity`, `last_count_date`, `last_counted_by`, `notes`, `created_at`, `updated_at`) VALUES (8, 3, 2, 33, 10, NULL, NULL, NULL, '2026-01-21 13:22:02', '2026-02-07 21:07:01');
INSERT INTO `product_inventory` (`id`, `product_id`, `store_id`, `quantity_in_stock`, `minimum_quantity`, `last_count_date`, `last_counted_by`, `notes`, `created_at`, `updated_at`) VALUES (9, 3, 3, 65, 10, NULL, NULL, NULL, '2026-01-21 13:22:02', '2026-01-21 13:22:02');
INSERT INTO `product_inventory` (`id`, `product_id`, `store_id`, `quantity_in_stock`, `minimum_quantity`, `last_count_date`, `last_counted_by`, `notes`, `created_at`, `updated_at`) VALUES (10, 4, 1, 70, 10, NULL, NULL, NULL, '2026-01-21 13:22:02', '2026-01-21 13:22:02');
INSERT INTO `product_inventory` (`id`, `product_id`, `store_id`, `quantity_in_stock`, `minimum_quantity`, `last_count_date`, `last_counted_by`, `notes`, `created_at`, `updated_at`) VALUES (11, 4, 2, 34, 10, NULL, NULL, NULL, '2026-01-21 13:22:02', '2026-02-07 21:07:01');
INSERT INTO `product_inventory` (`id`, `product_id`, `store_id`, `quantity_in_stock`, `minimum_quantity`, `last_count_date`, `last_counted_by`, `notes`, `created_at`, `updated_at`) VALUES (12, 4, 3, 60, 10, NULL, NULL, NULL, '2026-01-21 13:22:02', '2026-01-21 13:22:02');
INSERT INTO `product_inventory` (`id`, `product_id`, `store_id`, `quantity_in_stock`, `minimum_quantity`, `last_count_date`, `last_counted_by`, `notes`, `created_at`, `updated_at`) VALUES (13, 5, 1, 51, 10, NULL, NULL, NULL, '2026-01-21 13:22:02', '2026-01-21 13:22:02');
INSERT INTO `product_inventory` (`id`, `product_id`, `store_id`, `quantity_in_stock`, `minimum_quantity`, `last_count_date`, `last_counted_by`, `notes`, `created_at`, `updated_at`) VALUES (14, 5, 2, 77, 10, NULL, NULL, NULL, '2026-01-21 13:22:02', '2026-02-05 08:37:02');
INSERT INTO `product_inventory` (`id`, `product_id`, `store_id`, `quantity_in_stock`, `minimum_quantity`, `last_count_date`, `last_counted_by`, `notes`, `created_at`, `updated_at`) VALUES (15, 5, 3, 86, 10, NULL, NULL, NULL, '2026-01-21 13:22:02', '2026-01-21 13:22:02');
INSERT INTO `product_inventory` (`id`, `product_id`, `store_id`, `quantity_in_stock`, `minimum_quantity`, `last_count_date`, `last_counted_by`, `notes`, `created_at`, `updated_at`) VALUES (16, 6, 1, 36, 10, NULL, NULL, NULL, '2026-01-21 13:22:02', '2026-01-21 13:22:02');
INSERT INTO `product_inventory` (`id`, `product_id`, `store_id`, `quantity_in_stock`, `minimum_quantity`, `last_count_date`, `last_counted_by`, `notes`, `created_at`, `updated_at`) VALUES (17, 6, 2, 59, 10, NULL, NULL, NULL, '2026-01-21 13:22:02', '2026-02-05 08:37:02');
INSERT INTO `product_inventory` (`id`, `product_id`, `store_id`, `quantity_in_stock`, `minimum_quantity`, `last_count_date`, `last_counted_by`, `notes`, `created_at`, `updated_at`) VALUES (18, 6, 3, 26, 10, NULL, NULL, NULL, '2026-01-21 13:22:02', '2026-01-21 13:22:02');
INSERT INTO `product_inventory` (`id`, `product_id`, `store_id`, `quantity_in_stock`, `minimum_quantity`, `last_count_date`, `last_counted_by`, `notes`, `created_at`, `updated_at`) VALUES (19, 7, 1, 65, 10, NULL, NULL, NULL, '2026-01-21 13:22:02', '2026-01-21 13:22:02');
INSERT INTO `product_inventory` (`id`, `product_id`, `store_id`, `quantity_in_stock`, `minimum_quantity`, `last_count_date`, `last_counted_by`, `notes`, `created_at`, `updated_at`) VALUES (20, 7, 2, 49, 10, NULL, NULL, NULL, '2026-01-21 13:22:02', '2026-02-05 08:37:02');
INSERT INTO `product_inventory` (`id`, `product_id`, `store_id`, `quantity_in_stock`, `minimum_quantity`, `last_count_date`, `last_counted_by`, `notes`, `created_at`, `updated_at`) VALUES (21, 7, 3, 31, 10, NULL, NULL, NULL, '2026-01-21 13:22:02', '2026-01-21 13:22:02');
INSERT INTO `product_inventory` (`id`, `product_id`, `store_id`, `quantity_in_stock`, `minimum_quantity`, `last_count_date`, `last_counted_by`, `notes`, `created_at`, `updated_at`) VALUES (22, 8, 1, 25, 10, NULL, NULL, NULL, '2026-01-21 13:22:02', '2026-01-21 13:22:02');
INSERT INTO `product_inventory` (`id`, `product_id`, `store_id`, `quantity_in_stock`, `minimum_quantity`, `last_count_date`, `last_counted_by`, `notes`, `created_at`, `updated_at`) VALUES (23, 8, 2, 75, 10, NULL, NULL, NULL, '2026-01-21 13:22:02', '2026-02-05 08:37:02');
INSERT INTO `product_inventory` (`id`, `product_id`, `store_id`, `quantity_in_stock`, `minimum_quantity`, `last_count_date`, `last_counted_by`, `notes`, `created_at`, `updated_at`) VALUES (24, 8, 3, 93, 10, NULL, NULL, NULL, '2026-01-21 13:22:02', '2026-01-21 13:22:02');
INSERT INTO `product_inventory` (`id`, `product_id`, `store_id`, `quantity_in_stock`, `minimum_quantity`, `last_count_date`, `last_counted_by`, `notes`, `created_at`, `updated_at`) VALUES (25, 9, 1, 87, 10, NULL, NULL, NULL, '2026-01-21 13:22:02', '2026-01-21 13:22:02');
INSERT INTO `product_inventory` (`id`, `product_id`, `store_id`, `quantity_in_stock`, `minimum_quantity`, `last_count_date`, `last_counted_by`, `notes`, `created_at`, `updated_at`) VALUES (26, 9, 2, 30, 10, NULL, NULL, NULL, '2026-01-21 13:22:02', '2026-02-05 07:50:18');
INSERT INTO `product_inventory` (`id`, `product_id`, `store_id`, `quantity_in_stock`, `minimum_quantity`, `last_count_date`, `last_counted_by`, `notes`, `created_at`, `updated_at`) VALUES (27, 9, 3, 46, 10, NULL, NULL, NULL, '2026-01-21 13:22:02', '2026-01-21 13:22:02');
INSERT INTO `product_inventory` (`id`, `product_id`, `store_id`, `quantity_in_stock`, `minimum_quantity`, `last_count_date`, `last_counted_by`, `notes`, `created_at`, `updated_at`) VALUES (28, 10, 1, 73, 10, NULL, NULL, NULL, '2026-01-21 13:22:02', '2026-01-21 13:22:02');
INSERT INTO `product_inventory` (`id`, `product_id`, `store_id`, `quantity_in_stock`, `minimum_quantity`, `last_count_date`, `last_counted_by`, `notes`, `created_at`, `updated_at`) VALUES (29, 10, 2, 23, 10, NULL, NULL, NULL, '2026-01-21 13:22:02', '2026-02-05 07:50:18');
INSERT INTO `product_inventory` (`id`, `product_id`, `store_id`, `quantity_in_stock`, `minimum_quantity`, `last_count_date`, `last_counted_by`, `notes`, `created_at`, `updated_at`) VALUES (30, 10, 3, 50, 10, NULL, NULL, NULL, '2026-01-21 13:22:02', '2026-01-21 13:22:02');
INSERT INTO `product_inventory` (`id`, `product_id`, `store_id`, `quantity_in_stock`, `minimum_quantity`, `last_count_date`, `last_counted_by`, `notes`, `created_at`, `updated_at`) VALUES (31, 11, 1, 95, 10, NULL, NULL, NULL, '2026-01-21 13:22:02', '2026-01-21 13:22:02');
INSERT INTO `product_inventory` (`id`, `product_id`, `store_id`, `quantity_in_stock`, `minimum_quantity`, `last_count_date`, `last_counted_by`, `notes`, `created_at`, `updated_at`) VALUES (32, 11, 2, 88, 10, NULL, NULL, NULL, '2026-01-21 13:22:02', '2026-02-05 07:50:18');
INSERT INTO `product_inventory` (`id`, `product_id`, `store_id`, `quantity_in_stock`, `minimum_quantity`, `last_count_date`, `last_counted_by`, `notes`, `created_at`, `updated_at`) VALUES (33, 11, 3, 50, 10, NULL, NULL, NULL, '2026-01-21 13:22:02', '2026-01-21 13:22:02');
INSERT INTO `product_inventory` (`id`, `product_id`, `store_id`, `quantity_in_stock`, `minimum_quantity`, `last_count_date`, `last_counted_by`, `notes`, `created_at`, `updated_at`) VALUES (34, 12, 1, 32, 10, NULL, NULL, NULL, '2026-01-21 13:22:02', '2026-01-21 13:22:02');
INSERT INTO `product_inventory` (`id`, `product_id`, `store_id`, `quantity_in_stock`, `minimum_quantity`, `last_count_date`, `last_counted_by`, `notes`, `created_at`, `updated_at`) VALUES (35, 12, 2, 90, 10, NULL, NULL, NULL, '2026-01-21 13:22:02', '2026-02-05 07:50:18');
INSERT INTO `product_inventory` (`id`, `product_id`, `store_id`, `quantity_in_stock`, `minimum_quantity`, `last_count_date`, `last_counted_by`, `notes`, `created_at`, `updated_at`) VALUES (36, 12, 3, 33, 10, NULL, NULL, NULL, '2026-01-21 13:22:02', '2026-01-21 13:22:02');
INSERT INTO `product_inventory` (`id`, `product_id`, `store_id`, `quantity_in_stock`, `minimum_quantity`, `last_count_date`, `last_counted_by`, `notes`, `created_at`, `updated_at`) VALUES (37, 13, 1, 60, 10, NULL, NULL, NULL, '2026-01-21 13:22:02', '2026-01-21 13:22:02');
INSERT INTO `product_inventory` (`id`, `product_id`, `store_id`, `quantity_in_stock`, `minimum_quantity`, `last_count_date`, `last_counted_by`, `notes`, `created_at`, `updated_at`) VALUES (38, 13, 2, 79, 10, NULL, NULL, NULL, '2026-01-21 13:22:02', '2026-02-05 07:50:18');
INSERT INTO `product_inventory` (`id`, `product_id`, `store_id`, `quantity_in_stock`, `minimum_quantity`, `last_count_date`, `last_counted_by`, `notes`, `created_at`, `updated_at`) VALUES (39, 13, 3, 76, 10, NULL, NULL, NULL, '2026-01-21 13:22:02', '2026-01-21 13:22:02');
INSERT INTO `product_inventory` (`id`, `product_id`, `store_id`, `quantity_in_stock`, `minimum_quantity`, `last_count_date`, `last_counted_by`, `notes`, `created_at`, `updated_at`) VALUES (40, 14, 1, 50, 10, NULL, NULL, NULL, '2026-01-21 13:22:02', '2026-01-21 13:22:02');
INSERT INTO `product_inventory` (`id`, `product_id`, `store_id`, `quantity_in_stock`, `minimum_quantity`, `last_count_date`, `last_counted_by`, `notes`, `created_at`, `updated_at`) VALUES (41, 14, 2, 90, 10, NULL, NULL, NULL, '2026-01-21 13:22:02', '2026-02-05 07:50:18');
INSERT INTO `product_inventory` (`id`, `product_id`, `store_id`, `quantity_in_stock`, `minimum_quantity`, `last_count_date`, `last_counted_by`, `notes`, `created_at`, `updated_at`) VALUES (42, 14, 3, 45, 10, NULL, NULL, NULL, '2026-01-21 13:22:02', '2026-01-21 13:22:02');
INSERT INTO `product_inventory` (`id`, `product_id`, `store_id`, `quantity_in_stock`, `minimum_quantity`, `last_count_date`, `last_counted_by`, `notes`, `created_at`, `updated_at`) VALUES (43, 15, 1, 81, 10, NULL, NULL, NULL, '2026-01-21 13:22:02', '2026-01-21 13:22:02');
INSERT INTO `product_inventory` (`id`, `product_id`, `store_id`, `quantity_in_stock`, `minimum_quantity`, `last_count_date`, `last_counted_by`, `notes`, `created_at`, `updated_at`) VALUES (44, 15, 2, 97, 10, NULL, NULL, NULL, '2026-01-21 13:22:02', '2026-01-21 13:22:02');
INSERT INTO `product_inventory` (`id`, `product_id`, `store_id`, `quantity_in_stock`, `minimum_quantity`, `last_count_date`, `last_counted_by`, `notes`, `created_at`, `updated_at`) VALUES (45, 15, 3, 38, 10, NULL, NULL, NULL, '2026-01-21 13:22:02', '2026-01-21 13:22:02');
INSERT INTO `product_inventory` (`id`, `product_id`, `store_id`, `quantity_in_stock`, `minimum_quantity`, `last_count_date`, `last_counted_by`, `notes`, `created_at`, `updated_at`) VALUES (46, 16, 1, 86, 10, NULL, NULL, NULL, '2026-01-21 13:22:02', '2026-01-21 13:22:02');
INSERT INTO `product_inventory` (`id`, `product_id`, `store_id`, `quantity_in_stock`, `minimum_quantity`, `last_count_date`, `last_counted_by`, `notes`, `created_at`, `updated_at`) VALUES (47, 16, 2, 92, 10, NULL, NULL, NULL, '2026-01-21 13:22:02', '2026-01-21 13:22:02');
INSERT INTO `product_inventory` (`id`, `product_id`, `store_id`, `quantity_in_stock`, `minimum_quantity`, `last_count_date`, `last_counted_by`, `notes`, `created_at`, `updated_at`) VALUES (48, 16, 3, 61, 10, NULL, NULL, NULL, '2026-01-21 13:22:02', '2026-01-21 13:22:02');
INSERT INTO `product_inventory` (`id`, `product_id`, `store_id`, `quantity_in_stock`, `minimum_quantity`, `last_count_date`, `last_counted_by`, `notes`, `created_at`, `updated_at`) VALUES (49, 17, 1, 40, 10, NULL, NULL, NULL, '2026-01-21 13:22:02', '2026-01-21 13:22:02');
INSERT INTO `product_inventory` (`id`, `product_id`, `store_id`, `quantity_in_stock`, `minimum_quantity`, `last_count_date`, `last_counted_by`, `notes`, `created_at`, `updated_at`) VALUES (50, 17, 2, 96, 10, NULL, NULL, NULL, '2026-01-21 13:22:02', '2026-01-22 00:26:13');
INSERT INTO `product_inventory` (`id`, `product_id`, `store_id`, `quantity_in_stock`, `minimum_quantity`, `last_count_date`, `last_counted_by`, `notes`, `created_at`, `updated_at`) VALUES (51, 17, 3, 33, 10, NULL, NULL, NULL, '2026-01-21 13:22:02', '2026-01-21 13:22:02');
INSERT INTO `product_inventory` (`id`, `product_id`, `store_id`, `quantity_in_stock`, `minimum_quantity`, `last_count_date`, `last_counted_by`, `notes`, `created_at`, `updated_at`) VALUES (52, 18, 1, 29, 10, NULL, NULL, NULL, '2026-01-21 13:22:02', '2026-01-21 13:22:02');
INSERT INTO `product_inventory` (`id`, `product_id`, `store_id`, `quantity_in_stock`, `minimum_quantity`, `last_count_date`, `last_counted_by`, `notes`, `created_at`, `updated_at`) VALUES (53, 18, 2, 81, 10, NULL, NULL, NULL, '2026-01-21 13:22:02', '2026-01-21 13:22:02');
INSERT INTO `product_inventory` (`id`, `product_id`, `store_id`, `quantity_in_stock`, `minimum_quantity`, `last_count_date`, `last_counted_by`, `notes`, `created_at`, `updated_at`) VALUES (54, 18, 3, 84, 10, NULL, NULL, NULL, '2026-01-21 13:22:02', '2026-01-21 13:22:02');
INSERT INTO `product_inventory` (`id`, `product_id`, `store_id`, `quantity_in_stock`, `minimum_quantity`, `last_count_date`, `last_counted_by`, `notes`, `created_at`, `updated_at`) VALUES (55, 19, 1, 32, 10, NULL, NULL, NULL, '2026-01-21 13:22:02', '2026-01-21 13:22:02');
INSERT INTO `product_inventory` (`id`, `product_id`, `store_id`, `quantity_in_stock`, `minimum_quantity`, `last_count_date`, `last_counted_by`, `notes`, `created_at`, `updated_at`) VALUES (56, 19, 2, 30, 10, NULL, NULL, NULL, '2026-01-21 13:22:02', '2026-01-21 13:22:02');
INSERT INTO `product_inventory` (`id`, `product_id`, `store_id`, `quantity_in_stock`, `minimum_quantity`, `last_count_date`, `last_counted_by`, `notes`, `created_at`, `updated_at`) VALUES (57, 19, 3, 59, 10, NULL, NULL, NULL, '2026-01-21 13:22:02', '2026-01-21 13:22:02');
INSERT INTO `product_inventory` (`id`, `product_id`, `store_id`, `quantity_in_stock`, `minimum_quantity`, `last_count_date`, `last_counted_by`, `notes`, `created_at`, `updated_at`) VALUES (58, 20, 1, 94, 10, NULL, NULL, NULL, '2026-01-21 13:22:02', '2026-01-21 13:22:02');
INSERT INTO `product_inventory` (`id`, `product_id`, `store_id`, `quantity_in_stock`, `minimum_quantity`, `last_count_date`, `last_counted_by`, `notes`, `created_at`, `updated_at`) VALUES (59, 20, 2, 5, 10, NULL, NULL, NULL, '2026-01-21 13:22:02', '2026-02-05 07:50:18');
INSERT INTO `product_inventory` (`id`, `product_id`, `store_id`, `quantity_in_stock`, `minimum_quantity`, `last_count_date`, `last_counted_by`, `notes`, `created_at`, `updated_at`) VALUES (60, 20, 3, 49, 10, NULL, NULL, NULL, '2026-01-21 13:22:02', '2026-01-21 13:22:02');
INSERT INTO `product_inventory` (`id`, `product_id`, `store_id`, `quantity_in_stock`, `minimum_quantity`, `last_count_date`, `last_counted_by`, `notes`, `created_at`, `updated_at`) VALUES (61, 21, 1, 78, 10, NULL, NULL, NULL, '2026-01-21 13:22:02', '2026-01-21 13:22:02');
INSERT INTO `product_inventory` (`id`, `product_id`, `store_id`, `quantity_in_stock`, `minimum_quantity`, `last_count_date`, `last_counted_by`, `notes`, `created_at`, `updated_at`) VALUES (62, 21, 2, 65, 10, NULL, NULL, NULL, '2026-01-21 13:22:02', '2026-02-05 07:50:18');
INSERT INTO `product_inventory` (`id`, `product_id`, `store_id`, `quantity_in_stock`, `minimum_quantity`, `last_count_date`, `last_counted_by`, `notes`, `created_at`, `updated_at`) VALUES (63, 21, 3, 86, 10, NULL, NULL, NULL, '2026-01-21 13:22:02', '2026-01-21 13:22:02');
INSERT INTO `product_inventory` (`id`, `product_id`, `store_id`, `quantity_in_stock`, `minimum_quantity`, `last_count_date`, `last_counted_by`, `notes`, `created_at`, `updated_at`) VALUES (64, 22, 1, 49, 10, NULL, NULL, NULL, '2026-01-21 13:22:02', '2026-01-21 13:22:02');
INSERT INTO `product_inventory` (`id`, `product_id`, `store_id`, `quantity_in_stock`, `minimum_quantity`, `last_count_date`, `last_counted_by`, `notes`, `created_at`, `updated_at`) VALUES (65, 22, 2, 9, 10, NULL, NULL, NULL, '2026-01-21 13:22:02', '2026-02-05 07:50:18');
INSERT INTO `product_inventory` (`id`, `product_id`, `store_id`, `quantity_in_stock`, `minimum_quantity`, `last_count_date`, `last_counted_by`, `notes`, `created_at`, `updated_at`) VALUES (66, 22, 3, 43, 10, NULL, NULL, NULL, '2026-01-21 13:22:02', '2026-01-21 13:22:02');
INSERT INTO `product_inventory` (`id`, `product_id`, `store_id`, `quantity_in_stock`, `minimum_quantity`, `last_count_date`, `last_counted_by`, `notes`, `created_at`, `updated_at`) VALUES (67, 23, 1, 36, 10, NULL, NULL, NULL, '2026-01-21 13:22:02', '2026-01-21 13:22:02');
INSERT INTO `product_inventory` (`id`, `product_id`, `store_id`, `quantity_in_stock`, `minimum_quantity`, `last_count_date`, `last_counted_by`, `notes`, `created_at`, `updated_at`) VALUES (68, 23, 2, 69, 10, NULL, NULL, NULL, '2026-01-21 13:22:02', '2026-02-05 07:50:18');
INSERT INTO `product_inventory` (`id`, `product_id`, `store_id`, `quantity_in_stock`, `minimum_quantity`, `last_count_date`, `last_counted_by`, `notes`, `created_at`, `updated_at`) VALUES (69, 23, 3, 79, 10, NULL, NULL, NULL, '2026-01-21 13:22:02', '2026-01-21 13:22:02');
INSERT INTO `product_inventory` (`id`, `product_id`, `store_id`, `quantity_in_stock`, `minimum_quantity`, `last_count_date`, `last_counted_by`, `notes`, `created_at`, `updated_at`) VALUES (70, 24, 1, 24, 10, NULL, NULL, NULL, '2026-01-21 13:22:02', '2026-01-21 13:22:02');
INSERT INTO `product_inventory` (`id`, `product_id`, `store_id`, `quantity_in_stock`, `minimum_quantity`, `last_count_date`, `last_counted_by`, `notes`, `created_at`, `updated_at`) VALUES (71, 24, 2, 48, 10, NULL, NULL, NULL, '2026-01-21 13:22:02', '2026-02-05 07:50:18');
INSERT INTO `product_inventory` (`id`, `product_id`, `store_id`, `quantity_in_stock`, `minimum_quantity`, `last_count_date`, `last_counted_by`, `notes`, `created_at`, `updated_at`) VALUES (72, 24, 3, 77, 10, NULL, NULL, NULL, '2026-01-21 13:22:02', '2026-01-21 13:22:02');
INSERT INTO `product_inventory` (`id`, `product_id`, `store_id`, `quantity_in_stock`, `minimum_quantity`, `last_count_date`, `last_counted_by`, `notes`, `created_at`, `updated_at`) VALUES (73, 25, 1, 86, 10, NULL, NULL, NULL, '2026-01-21 13:22:02', '2026-01-21 13:22:02');
INSERT INTO `product_inventory` (`id`, `product_id`, `store_id`, `quantity_in_stock`, `minimum_quantity`, `last_count_date`, `last_counted_by`, `notes`, `created_at`, `updated_at`) VALUES (74, 25, 2, 74, 10, NULL, NULL, NULL, '2026-01-21 13:22:02', '2026-01-21 13:22:02');
INSERT INTO `product_inventory` (`id`, `product_id`, `store_id`, `quantity_in_stock`, `minimum_quantity`, `last_count_date`, `last_counted_by`, `notes`, `created_at`, `updated_at`) VALUES (75, 25, 3, 50, 10, NULL, NULL, NULL, '2026-01-21 13:22:02', '2026-01-21 13:22:02');
INSERT INTO `product_inventory` (`id`, `product_id`, `store_id`, `quantity_in_stock`, `minimum_quantity`, `last_count_date`, `last_counted_by`, `notes`, `created_at`, `updated_at`) VALUES (76, 26, 1, 96, 10, NULL, NULL, NULL, '2026-01-21 13:22:02', '2026-01-21 13:22:02');
INSERT INTO `product_inventory` (`id`, `product_id`, `store_id`, `quantity_in_stock`, `minimum_quantity`, `last_count_date`, `last_counted_by`, `notes`, `created_at`, `updated_at`) VALUES (77, 26, 2, 72, 10, NULL, NULL, NULL, '2026-01-21 13:22:02', '2026-01-22 00:09:02');
INSERT INTO `product_inventory` (`id`, `product_id`, `store_id`, `quantity_in_stock`, `minimum_quantity`, `last_count_date`, `last_counted_by`, `notes`, `created_at`, `updated_at`) VALUES (78, 26, 3, 68, 10, NULL, NULL, NULL, '2026-01-21 13:22:02', '2026-01-21 13:22:02');
INSERT INTO `product_inventory` (`id`, `product_id`, `store_id`, `quantity_in_stock`, `minimum_quantity`, `last_count_date`, `last_counted_by`, `notes`, `created_at`, `updated_at`) VALUES (79, 27, 1, 46, 10, NULL, NULL, NULL, '2026-01-21 13:22:02', '2026-01-21 13:22:02');
INSERT INTO `product_inventory` (`id`, `product_id`, `store_id`, `quantity_in_stock`, `minimum_quantity`, `last_count_date`, `last_counted_by`, `notes`, `created_at`, `updated_at`) VALUES (80, 27, 2, 87, 10, NULL, NULL, NULL, '2026-01-21 13:22:02', '2026-01-21 13:22:02');
INSERT INTO `product_inventory` (`id`, `product_id`, `store_id`, `quantity_in_stock`, `minimum_quantity`, `last_count_date`, `last_counted_by`, `notes`, `created_at`, `updated_at`) VALUES (81, 27, 3, 87, 10, NULL, NULL, NULL, '2026-01-21 13:22:02', '2026-01-21 13:22:02');
INSERT INTO `product_inventory` (`id`, `product_id`, `store_id`, `quantity_in_stock`, `minimum_quantity`, `last_count_date`, `last_counted_by`, `notes`, `created_at`, `updated_at`) VALUES (82, 28, 1, 33, 10, NULL, NULL, NULL, '2026-01-21 13:22:02', '2026-01-21 13:22:02');
INSERT INTO `product_inventory` (`id`, `product_id`, `store_id`, `quantity_in_stock`, `minimum_quantity`, `last_count_date`, `last_counted_by`, `notes`, `created_at`, `updated_at`) VALUES (83, 28, 2, 38, 10, NULL, NULL, NULL, '2026-01-21 13:22:02', '2026-01-21 13:22:02');
INSERT INTO `product_inventory` (`id`, `product_id`, `store_id`, `quantity_in_stock`, `minimum_quantity`, `last_count_date`, `last_counted_by`, `notes`, `created_at`, `updated_at`) VALUES (84, 28, 3, 72, 10, NULL, NULL, NULL, '2026-01-21 13:22:02', '2026-01-21 13:22:02');
INSERT INTO `product_inventory` (`id`, `product_id`, `store_id`, `quantity_in_stock`, `minimum_quantity`, `last_count_date`, `last_counted_by`, `notes`, `created_at`, `updated_at`) VALUES (85, 29, 1, 76, 10, NULL, NULL, NULL, '2026-01-21 13:22:02', '2026-01-21 13:22:02');
INSERT INTO `product_inventory` (`id`, `product_id`, `store_id`, `quantity_in_stock`, `minimum_quantity`, `last_count_date`, `last_counted_by`, `notes`, `created_at`, `updated_at`) VALUES (86, 29, 2, 65, 10, NULL, NULL, NULL, '2026-01-21 13:22:02', '2026-01-21 13:22:02');
INSERT INTO `product_inventory` (`id`, `product_id`, `store_id`, `quantity_in_stock`, `minimum_quantity`, `last_count_date`, `last_counted_by`, `notes`, `created_at`, `updated_at`) VALUES (87, 29, 3, 52, 10, NULL, NULL, NULL, '2026-01-21 13:22:02', '2026-01-21 13:22:02');
INSERT INTO `product_inventory` (`id`, `product_id`, `store_id`, `quantity_in_stock`, `minimum_quantity`, `last_count_date`, `last_counted_by`, `notes`, `created_at`, `updated_at`) VALUES (88, 30, 1, 39, 10, NULL, NULL, NULL, '2026-01-21 13:22:02', '2026-01-21 13:22:02');
INSERT INTO `product_inventory` (`id`, `product_id`, `store_id`, `quantity_in_stock`, `minimum_quantity`, `last_count_date`, `last_counted_by`, `notes`, `created_at`, `updated_at`) VALUES (89, 30, 2, 13, 10, NULL, NULL, NULL, '2026-01-21 13:22:02', '2026-02-05 07:50:18');
INSERT INTO `product_inventory` (`id`, `product_id`, `store_id`, `quantity_in_stock`, `minimum_quantity`, `last_count_date`, `last_counted_by`, `notes`, `created_at`, `updated_at`) VALUES (90, 30, 3, 75, 10, NULL, NULL, NULL, '2026-01-21 13:22:02', '2026-01-21 13:22:02');
INSERT INTO `product_inventory` (`id`, `product_id`, `store_id`, `quantity_in_stock`, `minimum_quantity`, `last_count_date`, `last_counted_by`, `notes`, `created_at`, `updated_at`) VALUES (91, 31, 1, 94, 10, NULL, NULL, NULL, '2026-01-21 13:22:02', '2026-01-21 13:22:02');
INSERT INTO `product_inventory` (`id`, `product_id`, `store_id`, `quantity_in_stock`, `minimum_quantity`, `last_count_date`, `last_counted_by`, `notes`, `created_at`, `updated_at`) VALUES (92, 31, 2, 89, 10, NULL, NULL, NULL, '2026-01-21 13:22:02', '2026-02-05 07:50:18');
INSERT INTO `product_inventory` (`id`, `product_id`, `store_id`, `quantity_in_stock`, `minimum_quantity`, `last_count_date`, `last_counted_by`, `notes`, `created_at`, `updated_at`) VALUES (93, 31, 3, 26, 10, NULL, NULL, NULL, '2026-01-21 13:22:02', '2026-01-21 13:22:02');
INSERT INTO `product_inventory` (`id`, `product_id`, `store_id`, `quantity_in_stock`, `minimum_quantity`, `last_count_date`, `last_counted_by`, `notes`, `created_at`, `updated_at`) VALUES (94, 32, 1, 29, 10, NULL, NULL, NULL, '2026-01-21 13:22:02', '2026-01-21 13:22:02');
INSERT INTO `product_inventory` (`id`, `product_id`, `store_id`, `quantity_in_stock`, `minimum_quantity`, `last_count_date`, `last_counted_by`, `notes`, `created_at`, `updated_at`) VALUES (95, 32, 2, 40, 10, NULL, NULL, NULL, '2026-01-21 13:22:02', '2026-02-05 07:50:18');
INSERT INTO `product_inventory` (`id`, `product_id`, `store_id`, `quantity_in_stock`, `minimum_quantity`, `last_count_date`, `last_counted_by`, `notes`, `created_at`, `updated_at`) VALUES (96, 32, 3, 78, 10, NULL, NULL, NULL, '2026-01-21 13:22:02', '2026-01-21 13:22:02');
INSERT INTO `product_inventory` (`id`, `product_id`, `store_id`, `quantity_in_stock`, `minimum_quantity`, `last_count_date`, `last_counted_by`, `notes`, `created_at`, `updated_at`) VALUES (97, 33, 1, 66, 10, NULL, NULL, NULL, '2026-01-21 13:22:02', '2026-01-21 13:22:02');
INSERT INTO `product_inventory` (`id`, `product_id`, `store_id`, `quantity_in_stock`, `minimum_quantity`, `last_count_date`, `last_counted_by`, `notes`, `created_at`, `updated_at`) VALUES (98, 33, 2, 26, 10, NULL, NULL, NULL, '2026-01-21 13:22:02', '2026-01-21 13:22:02');
INSERT INTO `product_inventory` (`id`, `product_id`, `store_id`, `quantity_in_stock`, `minimum_quantity`, `last_count_date`, `last_counted_by`, `notes`, `created_at`, `updated_at`) VALUES (99, 33, 3, 75, 10, NULL, NULL, NULL, '2026-01-21 13:22:02', '2026-01-21 13:22:02');
INSERT INTO `product_inventory` (`id`, `product_id`, `store_id`, `quantity_in_stock`, `minimum_quantity`, `last_count_date`, `last_counted_by`, `notes`, `created_at`, `updated_at`) VALUES (100, 34, 1, 57, 10, NULL, NULL, NULL, '2026-01-21 13:22:02', '2026-01-21 13:22:02');
INSERT INTO `product_inventory` (`id`, `product_id`, `store_id`, `quantity_in_stock`, `minimum_quantity`, `last_count_date`, `last_counted_by`, `notes`, `created_at`, `updated_at`) VALUES (101, 34, 2, 74, 10, NULL, NULL, NULL, '2026-01-21 13:22:02', '2026-01-21 13:22:02');
INSERT INTO `product_inventory` (`id`, `product_id`, `store_id`, `quantity_in_stock`, `minimum_quantity`, `last_count_date`, `last_counted_by`, `notes`, `created_at`, `updated_at`) VALUES (102, 34, 3, 62, 10, NULL, NULL, NULL, '2026-01-21 13:22:02', '2026-01-21 13:22:02');
INSERT INTO `product_inventory` (`id`, `product_id`, `store_id`, `quantity_in_stock`, `minimum_quantity`, `last_count_date`, `last_counted_by`, `notes`, `created_at`, `updated_at`) VALUES (103, 35, 1, 79, 10, NULL, NULL, NULL, '2026-01-21 13:22:02', '2026-01-21 13:22:02');
INSERT INTO `product_inventory` (`id`, `product_id`, `store_id`, `quantity_in_stock`, `minimum_quantity`, `last_count_date`, `last_counted_by`, `notes`, `created_at`, `updated_at`) VALUES (104, 35, 2, 85, 10, NULL, NULL, NULL, '2026-01-21 13:22:02', '2026-01-22 00:09:02');
INSERT INTO `product_inventory` (`id`, `product_id`, `store_id`, `quantity_in_stock`, `minimum_quantity`, `last_count_date`, `last_counted_by`, `notes`, `created_at`, `updated_at`) VALUES (105, 35, 3, 96, 10, NULL, NULL, NULL, '2026-01-21 13:22:02', '2026-01-21 13:22:02');
INSERT INTO `product_inventory` (`id`, `product_id`, `store_id`, `quantity_in_stock`, `minimum_quantity`, `last_count_date`, `last_counted_by`, `notes`, `created_at`, `updated_at`) VALUES (106, 36, 1, 31, 10, NULL, NULL, NULL, '2026-01-21 13:22:02', '2026-01-21 13:22:02');
INSERT INTO `product_inventory` (`id`, `product_id`, `store_id`, `quantity_in_stock`, `minimum_quantity`, `last_count_date`, `last_counted_by`, `notes`, `created_at`, `updated_at`) VALUES (107, 36, 2, 50, 10, NULL, NULL, NULL, '2026-01-21 13:22:02', '2026-01-21 13:22:02');
INSERT INTO `product_inventory` (`id`, `product_id`, `store_id`, `quantity_in_stock`, `minimum_quantity`, `last_count_date`, `last_counted_by`, `notes`, `created_at`, `updated_at`) VALUES (108, 36, 3, 61, 10, NULL, NULL, NULL, '2026-01-21 13:22:02', '2026-01-21 13:22:02');
INSERT INTO `product_inventory` (`id`, `product_id`, `store_id`, `quantity_in_stock`, `minimum_quantity`, `last_count_date`, `last_counted_by`, `notes`, `created_at`, `updated_at`) VALUES (159, 1, 4, -1, 10, NULL, NULL, NULL, '2026-01-31 18:32:29', '2026-01-31 18:32:29');
INSERT INTO `product_inventory` (`id`, `product_id`, `store_id`, `quantity_in_stock`, `minimum_quantity`, `last_count_date`, `last_counted_by`, `notes`, `created_at`, `updated_at`) VALUES (174, 37, 1, 0, 10, NULL, NULL, NULL, '2026-01-31 21:06:59', '2026-01-31 21:06:59');
INSERT INTO `product_inventory` (`id`, `product_id`, `store_id`, `quantity_in_stock`, `minimum_quantity`, `last_count_date`, `last_counted_by`, `notes`, `created_at`, `updated_at`) VALUES (175, 37, 2, 0, 10, NULL, NULL, NULL, '2026-01-31 21:06:59', '2026-01-31 21:06:59');
INSERT INTO `product_inventory` (`id`, `product_id`, `store_id`, `quantity_in_stock`, `minimum_quantity`, `last_count_date`, `last_counted_by`, `notes`, `created_at`, `updated_at`) VALUES (176, 37, 3, 0, 10, NULL, NULL, NULL, '2026-01-31 21:06:59', '2026-01-31 21:06:59');
INSERT INTO `product_inventory` (`id`, `product_id`, `store_id`, `quantity_in_stock`, `minimum_quantity`, `last_count_date`, `last_counted_by`, `notes`, `created_at`, `updated_at`) VALUES (177, 37, 4, 0, 10, NULL, NULL, NULL, '2026-01-31 21:06:59', '2026-01-31 21:06:59');
INSERT INTO `product_inventory` (`id`, `product_id`, `store_id`, `quantity_in_stock`, `minimum_quantity`, `last_count_date`, `last_counted_by`, `notes`, `created_at`, `updated_at`) VALUES (178, 38, 1, 0, 10, NULL, NULL, NULL, '2026-01-31 21:08:23', '2026-01-31 21:08:23');
INSERT INTO `product_inventory` (`id`, `product_id`, `store_id`, `quantity_in_stock`, `minimum_quantity`, `last_count_date`, `last_counted_by`, `notes`, `created_at`, `updated_at`) VALUES (179, 38, 2, 0, 10, NULL, NULL, NULL, '2026-01-31 21:08:23', '2026-01-31 21:08:23');
INSERT INTO `product_inventory` (`id`, `product_id`, `store_id`, `quantity_in_stock`, `minimum_quantity`, `last_count_date`, `last_counted_by`, `notes`, `created_at`, `updated_at`) VALUES (180, 38, 3, 0, 10, NULL, NULL, NULL, '2026-01-31 21:08:23', '2026-01-31 21:08:23');
INSERT INTO `product_inventory` (`id`, `product_id`, `store_id`, `quantity_in_stock`, `minimum_quantity`, `last_count_date`, `last_counted_by`, `notes`, `created_at`, `updated_at`) VALUES (181, 38, 4, 0, 10, NULL, NULL, NULL, '2026-01-31 21:08:23', '2026-01-31 21:08:23');
INSERT INTO `product_inventory` (`id`, `product_id`, `store_id`, `quantity_in_stock`, `minimum_quantity`, `last_count_date`, `last_counted_by`, `notes`, `created_at`, `updated_at`) VALUES (182, 39, 1, 0, 10, NULL, NULL, NULL, '2026-01-31 21:08:23', '2026-01-31 21:08:23');
INSERT INTO `product_inventory` (`id`, `product_id`, `store_id`, `quantity_in_stock`, `minimum_quantity`, `last_count_date`, `last_counted_by`, `notes`, `created_at`, `updated_at`) VALUES (183, 39, 2, 0, 10, NULL, NULL, NULL, '2026-01-31 21:08:23', '2026-01-31 21:08:23');
INSERT INTO `product_inventory` (`id`, `product_id`, `store_id`, `quantity_in_stock`, `minimum_quantity`, `last_count_date`, `last_counted_by`, `notes`, `created_at`, `updated_at`) VALUES (184, 39, 3, 0, 10, NULL, NULL, NULL, '2026-01-31 21:08:23', '2026-01-31 21:08:23');
INSERT INTO `product_inventory` (`id`, `product_id`, `store_id`, `quantity_in_stock`, `minimum_quantity`, `last_count_date`, `last_counted_by`, `notes`, `created_at`, `updated_at`) VALUES (185, 39, 4, 0, 10, NULL, NULL, NULL, '2026-01-31 21:08:23', '2026-01-31 21:08:23');
INSERT INTO `product_inventory` (`id`, `product_id`, `store_id`, `quantity_in_stock`, `minimum_quantity`, `last_count_date`, `last_counted_by`, `notes`, `created_at`, `updated_at`) VALUES (186, 40, 1, 0, 10, NULL, NULL, NULL, '2026-01-31 21:08:23', '2026-01-31 21:08:23');
INSERT INTO `product_inventory` (`id`, `product_id`, `store_id`, `quantity_in_stock`, `minimum_quantity`, `last_count_date`, `last_counted_by`, `notes`, `created_at`, `updated_at`) VALUES (187, 40, 2, 0, 10, NULL, NULL, NULL, '2026-01-31 21:08:23', '2026-01-31 21:08:23');
INSERT INTO `product_inventory` (`id`, `product_id`, `store_id`, `quantity_in_stock`, `minimum_quantity`, `last_count_date`, `last_counted_by`, `notes`, `created_at`, `updated_at`) VALUES (188, 40, 3, 0, 10, NULL, NULL, NULL, '2026-01-31 21:08:23', '2026-01-31 21:08:23');
INSERT INTO `product_inventory` (`id`, `product_id`, `store_id`, `quantity_in_stock`, `minimum_quantity`, `last_count_date`, `last_counted_by`, `notes`, `created_at`, `updated_at`) VALUES (189, 40, 4, 0, 10, NULL, NULL, NULL, '2026-01-31 21:08:23', '2026-01-31 21:08:23');
INSERT INTO `product_inventory` (`id`, `product_id`, `store_id`, `quantity_in_stock`, `minimum_quantity`, `last_count_date`, `last_counted_by`, `notes`, `created_at`, `updated_at`) VALUES (190, 41, 1, 0, 10, NULL, NULL, NULL, '2026-01-31 21:08:23', '2026-01-31 21:08:23');
INSERT INTO `product_inventory` (`id`, `product_id`, `store_id`, `quantity_in_stock`, `minimum_quantity`, `last_count_date`, `last_counted_by`, `notes`, `created_at`, `updated_at`) VALUES (191, 41, 2, 0, 10, NULL, NULL, NULL, '2026-01-31 21:08:23', '2026-01-31 21:08:23');
INSERT INTO `product_inventory` (`id`, `product_id`, `store_id`, `quantity_in_stock`, `minimum_quantity`, `last_count_date`, `last_counted_by`, `notes`, `created_at`, `updated_at`) VALUES (192, 41, 3, 0, 10, NULL, NULL, NULL, '2026-01-31 21:08:23', '2026-01-31 21:08:23');
INSERT INTO `product_inventory` (`id`, `product_id`, `store_id`, `quantity_in_stock`, `minimum_quantity`, `last_count_date`, `last_counted_by`, `notes`, `created_at`, `updated_at`) VALUES (193, 41, 4, 0, 10, NULL, NULL, NULL, '2026-01-31 21:08:23', '2026-01-31 21:08:23');
INSERT INTO `product_inventory` (`id`, `product_id`, `store_id`, `quantity_in_stock`, `minimum_quantity`, `last_count_date`, `last_counted_by`, `notes`, `created_at`, `updated_at`) VALUES (194, 42, 1, 0, 10, NULL, NULL, NULL, '2026-01-31 21:08:23', '2026-01-31 21:08:23');
INSERT INTO `product_inventory` (`id`, `product_id`, `store_id`, `quantity_in_stock`, `minimum_quantity`, `last_count_date`, `last_counted_by`, `notes`, `created_at`, `updated_at`) VALUES (195, 42, 2, 0, 10, NULL, NULL, NULL, '2026-01-31 21:08:23', '2026-01-31 21:08:23');
INSERT INTO `product_inventory` (`id`, `product_id`, `store_id`, `quantity_in_stock`, `minimum_quantity`, `last_count_date`, `last_counted_by`, `notes`, `created_at`, `updated_at`) VALUES (196, 42, 3, 0, 10, NULL, NULL, NULL, '2026-01-31 21:08:23', '2026-01-31 21:08:23');
INSERT INTO `product_inventory` (`id`, `product_id`, `store_id`, `quantity_in_stock`, `minimum_quantity`, `last_count_date`, `last_counted_by`, `notes`, `created_at`, `updated_at`) VALUES (197, 42, 4, 0, 10, NULL, NULL, NULL, '2026-01-31 21:08:23', '2026-01-31 21:08:23');
INSERT INTO `product_inventory` (`id`, `product_id`, `store_id`, `quantity_in_stock`, `minimum_quantity`, `last_count_date`, `last_counted_by`, `notes`, `created_at`, `updated_at`) VALUES (198, 43, 1, 0, 10, NULL, NULL, NULL, '2026-01-31 21:08:23', '2026-01-31 21:08:23');
INSERT INTO `product_inventory` (`id`, `product_id`, `store_id`, `quantity_in_stock`, `minimum_quantity`, `last_count_date`, `last_counted_by`, `notes`, `created_at`, `updated_at`) VALUES (199, 43, 2, 0, 10, NULL, NULL, NULL, '2026-01-31 21:08:23', '2026-01-31 21:08:23');
INSERT INTO `product_inventory` (`id`, `product_id`, `store_id`, `quantity_in_stock`, `minimum_quantity`, `last_count_date`, `last_counted_by`, `notes`, `created_at`, `updated_at`) VALUES (200, 43, 3, 0, 10, NULL, NULL, NULL, '2026-01-31 21:08:23', '2026-01-31 21:08:23');
INSERT INTO `product_inventory` (`id`, `product_id`, `store_id`, `quantity_in_stock`, `minimum_quantity`, `last_count_date`, `last_counted_by`, `notes`, `created_at`, `updated_at`) VALUES (201, 43, 4, 0, 10, NULL, NULL, NULL, '2026-01-31 21:08:23', '2026-01-31 21:08:23');
INSERT INTO `product_inventory` (`id`, `product_id`, `store_id`, `quantity_in_stock`, `minimum_quantity`, `last_count_date`, `last_counted_by`, `notes`, `created_at`, `updated_at`) VALUES (202, 44, 1, 0, 10, NULL, NULL, NULL, '2026-01-31 21:08:23', '2026-01-31 21:08:23');
INSERT INTO `product_inventory` (`id`, `product_id`, `store_id`, `quantity_in_stock`, `minimum_quantity`, `last_count_date`, `last_counted_by`, `notes`, `created_at`, `updated_at`) VALUES (203, 44, 2, 0, 10, NULL, NULL, NULL, '2026-01-31 21:08:23', '2026-01-31 21:08:23');
INSERT INTO `product_inventory` (`id`, `product_id`, `store_id`, `quantity_in_stock`, `minimum_quantity`, `last_count_date`, `last_counted_by`, `notes`, `created_at`, `updated_at`) VALUES (204, 44, 3, 0, 10, NULL, NULL, NULL, '2026-01-31 21:08:23', '2026-01-31 21:08:23');
INSERT INTO `product_inventory` (`id`, `product_id`, `store_id`, `quantity_in_stock`, `minimum_quantity`, `last_count_date`, `last_counted_by`, `notes`, `created_at`, `updated_at`) VALUES (205, 44, 4, 0, 10, NULL, NULL, NULL, '2026-01-31 21:08:23', '2026-01-31 21:08:23');
INSERT INTO `product_inventory` (`id`, `product_id`, `store_id`, `quantity_in_stock`, `minimum_quantity`, `last_count_date`, `last_counted_by`, `notes`, `created_at`, `updated_at`) VALUES (206, 45, 1, 0, 10, NULL, NULL, NULL, '2026-01-31 21:08:23', '2026-01-31 21:08:23');
INSERT INTO `product_inventory` (`id`, `product_id`, `store_id`, `quantity_in_stock`, `minimum_quantity`, `last_count_date`, `last_counted_by`, `notes`, `created_at`, `updated_at`) VALUES (207, 45, 2, 0, 10, NULL, NULL, NULL, '2026-01-31 21:08:23', '2026-01-31 21:08:23');
INSERT INTO `product_inventory` (`id`, `product_id`, `store_id`, `quantity_in_stock`, `minimum_quantity`, `last_count_date`, `last_counted_by`, `notes`, `created_at`, `updated_at`) VALUES (208, 45, 3, 0, 10, NULL, NULL, NULL, '2026-01-31 21:08:23', '2026-01-31 21:08:23');
INSERT INTO `product_inventory` (`id`, `product_id`, `store_id`, `quantity_in_stock`, `minimum_quantity`, `last_count_date`, `last_counted_by`, `notes`, `created_at`, `updated_at`) VALUES (209, 45, 4, 0, 10, NULL, NULL, NULL, '2026-01-31 21:08:23', '2026-01-31 21:08:23');
INSERT INTO `product_inventory` (`id`, `product_id`, `store_id`, `quantity_in_stock`, `minimum_quantity`, `last_count_date`, `last_counted_by`, `notes`, `created_at`, `updated_at`) VALUES (210, 46, 1, 0, 10, NULL, NULL, NULL, '2026-01-31 21:08:23', '2026-01-31 21:08:23');
INSERT INTO `product_inventory` (`id`, `product_id`, `store_id`, `quantity_in_stock`, `minimum_quantity`, `last_count_date`, `last_counted_by`, `notes`, `created_at`, `updated_at`) VALUES (211, 46, 2, 0, 10, NULL, NULL, NULL, '2026-01-31 21:08:23', '2026-01-31 21:08:23');
INSERT INTO `product_inventory` (`id`, `product_id`, `store_id`, `quantity_in_stock`, `minimum_quantity`, `last_count_date`, `last_counted_by`, `notes`, `created_at`, `updated_at`) VALUES (212, 46, 3, 0, 10, NULL, NULL, NULL, '2026-01-31 21:08:23', '2026-01-31 21:08:23');
INSERT INTO `product_inventory` (`id`, `product_id`, `store_id`, `quantity_in_stock`, `minimum_quantity`, `last_count_date`, `last_counted_by`, `notes`, `created_at`, `updated_at`) VALUES (213, 46, 4, 0, 10, NULL, NULL, NULL, '2026-01-31 21:08:23', '2026-01-31 21:08:23');
INSERT INTO `product_inventory` (`id`, `product_id`, `store_id`, `quantity_in_stock`, `minimum_quantity`, `last_count_date`, `last_counted_by`, `notes`, `created_at`, `updated_at`) VALUES (214, 47, 1, 0, 10, NULL, NULL, NULL, '2026-01-31 21:08:23', '2026-01-31 21:08:23');
INSERT INTO `product_inventory` (`id`, `product_id`, `store_id`, `quantity_in_stock`, `minimum_quantity`, `last_count_date`, `last_counted_by`, `notes`, `created_at`, `updated_at`) VALUES (215, 47, 2, 0, 10, NULL, NULL, NULL, '2026-01-31 21:08:23', '2026-01-31 21:08:23');
INSERT INTO `product_inventory` (`id`, `product_id`, `store_id`, `quantity_in_stock`, `minimum_quantity`, `last_count_date`, `last_counted_by`, `notes`, `created_at`, `updated_at`) VALUES (216, 47, 3, 0, 10, NULL, NULL, NULL, '2026-01-31 21:08:23', '2026-01-31 21:08:23');
INSERT INTO `product_inventory` (`id`, `product_id`, `store_id`, `quantity_in_stock`, `minimum_quantity`, `last_count_date`, `last_counted_by`, `notes`, `created_at`, `updated_at`) VALUES (217, 47, 4, 0, 10, NULL, NULL, NULL, '2026-01-31 21:08:23', '2026-01-31 21:08:23');
INSERT INTO `product_inventory` (`id`, `product_id`, `store_id`, `quantity_in_stock`, `minimum_quantity`, `last_count_date`, `last_counted_by`, `notes`, `created_at`, `updated_at`) VALUES (218, 48, 1, 0, 10, NULL, NULL, NULL, '2026-01-31 21:08:23', '2026-01-31 21:08:23');
INSERT INTO `product_inventory` (`id`, `product_id`, `store_id`, `quantity_in_stock`, `minimum_quantity`, `last_count_date`, `last_counted_by`, `notes`, `created_at`, `updated_at`) VALUES (219, 48, 2, 0, 10, NULL, NULL, NULL, '2026-01-31 21:08:23', '2026-01-31 21:08:23');
INSERT INTO `product_inventory` (`id`, `product_id`, `store_id`, `quantity_in_stock`, `minimum_quantity`, `last_count_date`, `last_counted_by`, `notes`, `created_at`, `updated_at`) VALUES (220, 48, 3, 0, 10, NULL, NULL, NULL, '2026-01-31 21:08:23', '2026-01-31 21:08:23');
INSERT INTO `product_inventory` (`id`, `product_id`, `store_id`, `quantity_in_stock`, `minimum_quantity`, `last_count_date`, `last_counted_by`, `notes`, `created_at`, `updated_at`) VALUES (221, 48, 4, 0, 10, NULL, NULL, NULL, '2026-01-31 21:08:23', '2026-01-31 21:08:23');
INSERT INTO `product_inventory` (`id`, `product_id`, `store_id`, `quantity_in_stock`, `minimum_quantity`, `last_count_date`, `last_counted_by`, `notes`, `created_at`, `updated_at`) VALUES (222, 49, 1, 0, 10, NULL, NULL, NULL, '2026-01-31 21:08:23', '2026-01-31 21:08:23');
INSERT INTO `product_inventory` (`id`, `product_id`, `store_id`, `quantity_in_stock`, `minimum_quantity`, `last_count_date`, `last_counted_by`, `notes`, `created_at`, `updated_at`) VALUES (223, 49, 2, 0, 10, NULL, NULL, NULL, '2026-01-31 21:08:23', '2026-01-31 21:08:23');
INSERT INTO `product_inventory` (`id`, `product_id`, `store_id`, `quantity_in_stock`, `minimum_quantity`, `last_count_date`, `last_counted_by`, `notes`, `created_at`, `updated_at`) VALUES (224, 49, 3, 0, 10, NULL, NULL, NULL, '2026-01-31 21:08:23', '2026-01-31 21:08:23');
INSERT INTO `product_inventory` (`id`, `product_id`, `store_id`, `quantity_in_stock`, `minimum_quantity`, `last_count_date`, `last_counted_by`, `notes`, `created_at`, `updated_at`) VALUES (225, 49, 4, 0, 10, NULL, NULL, NULL, '2026-01-31 21:08:23', '2026-01-31 21:08:23');
INSERT INTO `product_inventory` (`id`, `product_id`, `store_id`, `quantity_in_stock`, `minimum_quantity`, `last_count_date`, `last_counted_by`, `notes`, `created_at`, `updated_at`) VALUES (226, 50, 1, 0, 10, NULL, NULL, NULL, '2026-01-31 21:08:23', '2026-01-31 21:08:23');
INSERT INTO `product_inventory` (`id`, `product_id`, `store_id`, `quantity_in_stock`, `minimum_quantity`, `last_count_date`, `last_counted_by`, `notes`, `created_at`, `updated_at`) VALUES (227, 50, 2, 0, 10, NULL, NULL, NULL, '2026-01-31 21:08:23', '2026-01-31 21:08:23');
INSERT INTO `product_inventory` (`id`, `product_id`, `store_id`, `quantity_in_stock`, `minimum_quantity`, `last_count_date`, `last_counted_by`, `notes`, `created_at`, `updated_at`) VALUES (228, 50, 3, 0, 10, NULL, NULL, NULL, '2026-01-31 21:08:23', '2026-01-31 21:08:23');
INSERT INTO `product_inventory` (`id`, `product_id`, `store_id`, `quantity_in_stock`, `minimum_quantity`, `last_count_date`, `last_counted_by`, `notes`, `created_at`, `updated_at`) VALUES (229, 50, 4, 0, 10, NULL, NULL, NULL, '2026-01-31 21:08:23', '2026-01-31 21:08:23');
INSERT INTO `product_inventory` (`id`, `product_id`, `store_id`, `quantity_in_stock`, `minimum_quantity`, `last_count_date`, `last_counted_by`, `notes`, `created_at`, `updated_at`) VALUES (230, 51, 1, 0, 10, NULL, NULL, NULL, '2026-01-31 21:08:23', '2026-01-31 21:08:23');
INSERT INTO `product_inventory` (`id`, `product_id`, `store_id`, `quantity_in_stock`, `minimum_quantity`, `last_count_date`, `last_counted_by`, `notes`, `created_at`, `updated_at`) VALUES (231, 51, 2, 0, 10, NULL, NULL, NULL, '2026-01-31 21:08:23', '2026-01-31 21:08:23');
INSERT INTO `product_inventory` (`id`, `product_id`, `store_id`, `quantity_in_stock`, `minimum_quantity`, `last_count_date`, `last_counted_by`, `notes`, `created_at`, `updated_at`) VALUES (232, 51, 3, 0, 10, NULL, NULL, NULL, '2026-01-31 21:08:23', '2026-01-31 21:08:23');
INSERT INTO `product_inventory` (`id`, `product_id`, `store_id`, `quantity_in_stock`, `minimum_quantity`, `last_count_date`, `last_counted_by`, `notes`, `created_at`, `updated_at`) VALUES (233, 51, 4, 0, 10, NULL, NULL, NULL, '2026-01-31 21:08:23', '2026-01-31 21:08:23');
INSERT INTO `product_inventory` (`id`, `product_id`, `store_id`, `quantity_in_stock`, `minimum_quantity`, `last_count_date`, `last_counted_by`, `notes`, `created_at`, `updated_at`) VALUES (234, 52, 1, 0, 10, NULL, NULL, NULL, '2026-01-31 21:08:23', '2026-01-31 21:08:23');
INSERT INTO `product_inventory` (`id`, `product_id`, `store_id`, `quantity_in_stock`, `minimum_quantity`, `last_count_date`, `last_counted_by`, `notes`, `created_at`, `updated_at`) VALUES (235, 52, 2, 0, 10, NULL, NULL, NULL, '2026-01-31 21:08:23', '2026-01-31 21:08:23');
INSERT INTO `product_inventory` (`id`, `product_id`, `store_id`, `quantity_in_stock`, `minimum_quantity`, `last_count_date`, `last_counted_by`, `notes`, `created_at`, `updated_at`) VALUES (236, 52, 3, 0, 10, NULL, NULL, NULL, '2026-01-31 21:08:23', '2026-01-31 21:08:23');
INSERT INTO `product_inventory` (`id`, `product_id`, `store_id`, `quantity_in_stock`, `minimum_quantity`, `last_count_date`, `last_counted_by`, `notes`, `created_at`, `updated_at`) VALUES (237, 52, 4, 0, 10, NULL, NULL, NULL, '2026-01-31 21:08:23', '2026-01-31 21:08:23');
INSERT INTO `product_inventory` (`id`, `product_id`, `store_id`, `quantity_in_stock`, `minimum_quantity`, `last_count_date`, `last_counted_by`, `notes`, `created_at`, `updated_at`) VALUES (238, 53, 1, 0, 10, NULL, NULL, NULL, '2026-01-31 21:08:23', '2026-01-31 21:08:23');
INSERT INTO `product_inventory` (`id`, `product_id`, `store_id`, `quantity_in_stock`, `minimum_quantity`, `last_count_date`, `last_counted_by`, `notes`, `created_at`, `updated_at`) VALUES (239, 53, 2, 0, 10, NULL, NULL, NULL, '2026-01-31 21:08:23', '2026-01-31 21:08:23');
INSERT INTO `product_inventory` (`id`, `product_id`, `store_id`, `quantity_in_stock`, `minimum_quantity`, `last_count_date`, `last_counted_by`, `notes`, `created_at`, `updated_at`) VALUES (240, 53, 3, 0, 10, NULL, NULL, NULL, '2026-01-31 21:08:23', '2026-01-31 21:08:23');
INSERT INTO `product_inventory` (`id`, `product_id`, `store_id`, `quantity_in_stock`, `minimum_quantity`, `last_count_date`, `last_counted_by`, `notes`, `created_at`, `updated_at`) VALUES (241, 53, 4, 0, 10, NULL, NULL, NULL, '2026-01-31 21:08:23', '2026-01-31 21:08:23');
INSERT INTO `product_inventory` (`id`, `product_id`, `store_id`, `quantity_in_stock`, `minimum_quantity`, `last_count_date`, `last_counted_by`, `notes`, `created_at`, `updated_at`) VALUES (242, 54, 1, 0, 10, NULL, NULL, NULL, '2026-01-31 21:08:23', '2026-01-31 21:08:23');
INSERT INTO `product_inventory` (`id`, `product_id`, `store_id`, `quantity_in_stock`, `minimum_quantity`, `last_count_date`, `last_counted_by`, `notes`, `created_at`, `updated_at`) VALUES (243, 54, 2, 0, 10, NULL, NULL, NULL, '2026-01-31 21:08:23', '2026-01-31 21:08:23');
INSERT INTO `product_inventory` (`id`, `product_id`, `store_id`, `quantity_in_stock`, `minimum_quantity`, `last_count_date`, `last_counted_by`, `notes`, `created_at`, `updated_at`) VALUES (244, 54, 3, 0, 10, NULL, NULL, NULL, '2026-01-31 21:08:23', '2026-01-31 21:08:23');
INSERT INTO `product_inventory` (`id`, `product_id`, `store_id`, `quantity_in_stock`, `minimum_quantity`, `last_count_date`, `last_counted_by`, `notes`, `created_at`, `updated_at`) VALUES (245, 54, 4, 0, 10, NULL, NULL, NULL, '2026-01-31 21:08:23', '2026-01-31 21:08:23');
INSERT INTO `product_inventory` (`id`, `product_id`, `store_id`, `quantity_in_stock`, `minimum_quantity`, `last_count_date`, `last_counted_by`, `notes`, `created_at`, `updated_at`) VALUES (246, 55, 1, 0, 10, NULL, NULL, NULL, '2026-01-31 21:08:23', '2026-01-31 21:08:23');
INSERT INTO `product_inventory` (`id`, `product_id`, `store_id`, `quantity_in_stock`, `minimum_quantity`, `last_count_date`, `last_counted_by`, `notes`, `created_at`, `updated_at`) VALUES (247, 55, 2, 0, 10, NULL, NULL, NULL, '2026-01-31 21:08:23', '2026-01-31 21:08:23');
INSERT INTO `product_inventory` (`id`, `product_id`, `store_id`, `quantity_in_stock`, `minimum_quantity`, `last_count_date`, `last_counted_by`, `notes`, `created_at`, `updated_at`) VALUES (248, 55, 3, 0, 10, NULL, NULL, NULL, '2026-01-31 21:08:23', '2026-01-31 21:08:23');
INSERT INTO `product_inventory` (`id`, `product_id`, `store_id`, `quantity_in_stock`, `minimum_quantity`, `last_count_date`, `last_counted_by`, `notes`, `created_at`, `updated_at`) VALUES (249, 55, 4, 0, 10, NULL, NULL, NULL, '2026-01-31 21:08:23', '2026-01-31 21:08:23');
INSERT INTO `product_inventory` (`id`, `product_id`, `store_id`, `quantity_in_stock`, `minimum_quantity`, `last_count_date`, `last_counted_by`, `notes`, `created_at`, `updated_at`) VALUES (250, 56, 1, 0, 10, NULL, NULL, NULL, '2026-01-31 21:08:23', '2026-01-31 21:08:23');
INSERT INTO `product_inventory` (`id`, `product_id`, `store_id`, `quantity_in_stock`, `minimum_quantity`, `last_count_date`, `last_counted_by`, `notes`, `created_at`, `updated_at`) VALUES (251, 56, 2, 0, 10, NULL, NULL, NULL, '2026-01-31 21:08:23', '2026-01-31 21:08:23');
INSERT INTO `product_inventory` (`id`, `product_id`, `store_id`, `quantity_in_stock`, `minimum_quantity`, `last_count_date`, `last_counted_by`, `notes`, `created_at`, `updated_at`) VALUES (252, 56, 3, 0, 10, NULL, NULL, NULL, '2026-01-31 21:08:23', '2026-01-31 21:08:23');
INSERT INTO `product_inventory` (`id`, `product_id`, `store_id`, `quantity_in_stock`, `minimum_quantity`, `last_count_date`, `last_counted_by`, `notes`, `created_at`, `updated_at`) VALUES (253, 56, 4, 0, 10, NULL, NULL, NULL, '2026-01-31 21:08:23', '2026-01-31 21:08:23');
INSERT INTO `product_inventory` (`id`, `product_id`, `store_id`, `quantity_in_stock`, `minimum_quantity`, `last_count_date`, `last_counted_by`, `notes`, `created_at`, `updated_at`) VALUES (254, 57, 1, 0, 10, NULL, NULL, NULL, '2026-01-31 21:08:23', '2026-01-31 21:08:23');
INSERT INTO `product_inventory` (`id`, `product_id`, `store_id`, `quantity_in_stock`, `minimum_quantity`, `last_count_date`, `last_counted_by`, `notes`, `created_at`, `updated_at`) VALUES (255, 57, 2, 0, 10, NULL, NULL, NULL, '2026-01-31 21:08:23', '2026-01-31 21:08:23');
INSERT INTO `product_inventory` (`id`, `product_id`, `store_id`, `quantity_in_stock`, `minimum_quantity`, `last_count_date`, `last_counted_by`, `notes`, `created_at`, `updated_at`) VALUES (256, 57, 3, 0, 10, NULL, NULL, NULL, '2026-01-31 21:08:23', '2026-01-31 21:08:23');
INSERT INTO `product_inventory` (`id`, `product_id`, `store_id`, `quantity_in_stock`, `minimum_quantity`, `last_count_date`, `last_counted_by`, `notes`, `created_at`, `updated_at`) VALUES (257, 57, 4, 0, 10, NULL, NULL, NULL, '2026-01-31 21:08:23', '2026-01-31 21:08:23');
INSERT INTO `product_inventory` (`id`, `product_id`, `store_id`, `quantity_in_stock`, `minimum_quantity`, `last_count_date`, `last_counted_by`, `notes`, `created_at`, `updated_at`) VALUES (258, 58, 1, 0, 10, NULL, NULL, NULL, '2026-01-31 21:08:23', '2026-01-31 21:08:23');
INSERT INTO `product_inventory` (`id`, `product_id`, `store_id`, `quantity_in_stock`, `minimum_quantity`, `last_count_date`, `last_counted_by`, `notes`, `created_at`, `updated_at`) VALUES (259, 58, 2, 0, 10, NULL, NULL, NULL, '2026-01-31 21:08:23', '2026-01-31 21:08:23');
INSERT INTO `product_inventory` (`id`, `product_id`, `store_id`, `quantity_in_stock`, `minimum_quantity`, `last_count_date`, `last_counted_by`, `notes`, `created_at`, `updated_at`) VALUES (260, 58, 3, 0, 10, NULL, NULL, NULL, '2026-01-31 21:08:23', '2026-01-31 21:08:23');
INSERT INTO `product_inventory` (`id`, `product_id`, `store_id`, `quantity_in_stock`, `minimum_quantity`, `last_count_date`, `last_counted_by`, `notes`, `created_at`, `updated_at`) VALUES (261, 58, 4, 0, 10, NULL, NULL, NULL, '2026-01-31 21:08:23', '2026-01-31 21:08:23');
INSERT INTO `product_inventory` (`id`, `product_id`, `store_id`, `quantity_in_stock`, `minimum_quantity`, `last_count_date`, `last_counted_by`, `notes`, `created_at`, `updated_at`) VALUES (262, 59, 1, 0, 10, NULL, NULL, NULL, '2026-01-31 21:08:23', '2026-01-31 21:08:23');
INSERT INTO `product_inventory` (`id`, `product_id`, `store_id`, `quantity_in_stock`, `minimum_quantity`, `last_count_date`, `last_counted_by`, `notes`, `created_at`, `updated_at`) VALUES (263, 59, 2, 0, 10, NULL, NULL, NULL, '2026-01-31 21:08:23', '2026-01-31 21:08:23');
INSERT INTO `product_inventory` (`id`, `product_id`, `store_id`, `quantity_in_stock`, `minimum_quantity`, `last_count_date`, `last_counted_by`, `notes`, `created_at`, `updated_at`) VALUES (264, 59, 3, 0, 10, NULL, NULL, NULL, '2026-01-31 21:08:23', '2026-01-31 21:08:23');
INSERT INTO `product_inventory` (`id`, `product_id`, `store_id`, `quantity_in_stock`, `minimum_quantity`, `last_count_date`, `last_counted_by`, `notes`, `created_at`, `updated_at`) VALUES (265, 59, 4, 0, 10, NULL, NULL, NULL, '2026-01-31 21:08:23', '2026-01-31 21:08:23');
INSERT INTO `product_inventory` (`id`, `product_id`, `store_id`, `quantity_in_stock`, `minimum_quantity`, `last_count_date`, `last_counted_by`, `notes`, `created_at`, `updated_at`) VALUES (266, 60, 1, 0, 10, NULL, NULL, NULL, '2026-01-31 21:08:23', '2026-01-31 21:08:23');
INSERT INTO `product_inventory` (`id`, `product_id`, `store_id`, `quantity_in_stock`, `minimum_quantity`, `last_count_date`, `last_counted_by`, `notes`, `created_at`, `updated_at`) VALUES (267, 60, 2, 0, 10, NULL, NULL, NULL, '2026-01-31 21:08:23', '2026-01-31 21:08:23');
INSERT INTO `product_inventory` (`id`, `product_id`, `store_id`, `quantity_in_stock`, `minimum_quantity`, `last_count_date`, `last_counted_by`, `notes`, `created_at`, `updated_at`) VALUES (268, 60, 3, 0, 10, NULL, NULL, NULL, '2026-01-31 21:08:23', '2026-01-31 21:08:23');
INSERT INTO `product_inventory` (`id`, `product_id`, `store_id`, `quantity_in_stock`, `minimum_quantity`, `last_count_date`, `last_counted_by`, `notes`, `created_at`, `updated_at`) VALUES (269, 60, 4, 0, 10, NULL, NULL, NULL, '2026-01-31 21:08:23', '2026-01-31 21:08:23');
INSERT INTO `product_inventory` (`id`, `product_id`, `store_id`, `quantity_in_stock`, `minimum_quantity`, `last_count_date`, `last_counted_by`, `notes`, `created_at`, `updated_at`) VALUES (270, 61, 1, 0, 10, NULL, NULL, NULL, '2026-01-31 21:08:23', '2026-01-31 21:08:23');
INSERT INTO `product_inventory` (`id`, `product_id`, `store_id`, `quantity_in_stock`, `minimum_quantity`, `last_count_date`, `last_counted_by`, `notes`, `created_at`, `updated_at`) VALUES (271, 61, 2, 0, 10, NULL, NULL, NULL, '2026-01-31 21:08:23', '2026-01-31 21:08:23');
INSERT INTO `product_inventory` (`id`, `product_id`, `store_id`, `quantity_in_stock`, `minimum_quantity`, `last_count_date`, `last_counted_by`, `notes`, `created_at`, `updated_at`) VALUES (272, 61, 3, 0, 10, NULL, NULL, NULL, '2026-01-31 21:08:23', '2026-01-31 21:08:23');
INSERT INTO `product_inventory` (`id`, `product_id`, `store_id`, `quantity_in_stock`, `minimum_quantity`, `last_count_date`, `last_counted_by`, `notes`, `created_at`, `updated_at`) VALUES (273, 61, 4, 0, 10, NULL, NULL, NULL, '2026-01-31 21:08:23', '2026-01-31 21:08:23');
INSERT INTO `product_inventory` (`id`, `product_id`, `store_id`, `quantity_in_stock`, `minimum_quantity`, `last_count_date`, `last_counted_by`, `notes`, `created_at`, `updated_at`) VALUES (274, 62, 1, 0, 10, NULL, NULL, NULL, '2026-01-31 21:08:23', '2026-01-31 21:08:23');
INSERT INTO `product_inventory` (`id`, `product_id`, `store_id`, `quantity_in_stock`, `minimum_quantity`, `last_count_date`, `last_counted_by`, `notes`, `created_at`, `updated_at`) VALUES (275, 62, 2, 0, 10, NULL, NULL, NULL, '2026-01-31 21:08:23', '2026-01-31 21:08:23');
INSERT INTO `product_inventory` (`id`, `product_id`, `store_id`, `quantity_in_stock`, `minimum_quantity`, `last_count_date`, `last_counted_by`, `notes`, `created_at`, `updated_at`) VALUES (276, 62, 3, 0, 10, NULL, NULL, NULL, '2026-01-31 21:08:23', '2026-01-31 21:08:23');
INSERT INTO `product_inventory` (`id`, `product_id`, `store_id`, `quantity_in_stock`, `minimum_quantity`, `last_count_date`, `last_counted_by`, `notes`, `created_at`, `updated_at`) VALUES (277, 62, 4, 0, 10, NULL, NULL, NULL, '2026-01-31 21:08:23', '2026-01-31 21:08:23');
INSERT INTO `product_inventory` (`id`, `product_id`, `store_id`, `quantity_in_stock`, `minimum_quantity`, `last_count_date`, `last_counted_by`, `notes`, `created_at`, `updated_at`) VALUES (278, 63, 1, 0, 10, NULL, NULL, NULL, '2026-01-31 21:08:23', '2026-01-31 21:08:23');
INSERT INTO `product_inventory` (`id`, `product_id`, `store_id`, `quantity_in_stock`, `minimum_quantity`, `last_count_date`, `last_counted_by`, `notes`, `created_at`, `updated_at`) VALUES (279, 63, 2, 0, 10, NULL, NULL, NULL, '2026-01-31 21:08:23', '2026-01-31 21:08:23');
INSERT INTO `product_inventory` (`id`, `product_id`, `store_id`, `quantity_in_stock`, `minimum_quantity`, `last_count_date`, `last_counted_by`, `notes`, `created_at`, `updated_at`) VALUES (280, 63, 3, 0, 10, NULL, NULL, NULL, '2026-01-31 21:08:23', '2026-01-31 21:08:23');
INSERT INTO `product_inventory` (`id`, `product_id`, `store_id`, `quantity_in_stock`, `minimum_quantity`, `last_count_date`, `last_counted_by`, `notes`, `created_at`, `updated_at`) VALUES (281, 63, 4, 0, 10, NULL, NULL, NULL, '2026-01-31 21:08:23', '2026-01-31 21:08:23');
INSERT INTO `product_inventory` (`id`, `product_id`, `store_id`, `quantity_in_stock`, `minimum_quantity`, `last_count_date`, `last_counted_by`, `notes`, `created_at`, `updated_at`) VALUES (282, 64, 1, 0, 10, NULL, NULL, NULL, '2026-01-31 21:08:23', '2026-01-31 21:08:23');
INSERT INTO `product_inventory` (`id`, `product_id`, `store_id`, `quantity_in_stock`, `minimum_quantity`, `last_count_date`, `last_counted_by`, `notes`, `created_at`, `updated_at`) VALUES (283, 64, 2, 0, 10, NULL, NULL, NULL, '2026-01-31 21:08:23', '2026-01-31 21:08:23');
INSERT INTO `product_inventory` (`id`, `product_id`, `store_id`, `quantity_in_stock`, `minimum_quantity`, `last_count_date`, `last_counted_by`, `notes`, `created_at`, `updated_at`) VALUES (284, 64, 3, 0, 10, NULL, NULL, NULL, '2026-01-31 21:08:23', '2026-01-31 21:08:23');
INSERT INTO `product_inventory` (`id`, `product_id`, `store_id`, `quantity_in_stock`, `minimum_quantity`, `last_count_date`, `last_counted_by`, `notes`, `created_at`, `updated_at`) VALUES (285, 64, 4, 0, 10, NULL, NULL, NULL, '2026-01-31 21:08:23', '2026-01-31 21:08:23');
INSERT INTO `product_inventory` (`id`, `product_id`, `store_id`, `quantity_in_stock`, `minimum_quantity`, `last_count_date`, `last_counted_by`, `notes`, `created_at`, `updated_at`) VALUES (286, 65, 1, 0, 10, NULL, NULL, NULL, '2026-01-31 21:08:23', '2026-01-31 21:08:23');
INSERT INTO `product_inventory` (`id`, `product_id`, `store_id`, `quantity_in_stock`, `minimum_quantity`, `last_count_date`, `last_counted_by`, `notes`, `created_at`, `updated_at`) VALUES (287, 65, 2, 0, 10, NULL, NULL, NULL, '2026-01-31 21:08:23', '2026-01-31 21:08:23');
INSERT INTO `product_inventory` (`id`, `product_id`, `store_id`, `quantity_in_stock`, `minimum_quantity`, `last_count_date`, `last_counted_by`, `notes`, `created_at`, `updated_at`) VALUES (288, 65, 3, 0, 10, NULL, NULL, NULL, '2026-01-31 21:08:23', '2026-01-31 21:08:23');
INSERT INTO `product_inventory` (`id`, `product_id`, `store_id`, `quantity_in_stock`, `minimum_quantity`, `last_count_date`, `last_counted_by`, `notes`, `created_at`, `updated_at`) VALUES (289, 65, 4, 0, 10, NULL, NULL, NULL, '2026-01-31 21:08:23', '2026-01-31 21:08:23');
INSERT INTO `product_inventory` (`id`, `product_id`, `store_id`, `quantity_in_stock`, `minimum_quantity`, `last_count_date`, `last_counted_by`, `notes`, `created_at`, `updated_at`) VALUES (290, 66, 1, 0, 10, NULL, NULL, NULL, '2026-01-31 21:08:23', '2026-01-31 21:08:23');
INSERT INTO `product_inventory` (`id`, `product_id`, `store_id`, `quantity_in_stock`, `minimum_quantity`, `last_count_date`, `last_counted_by`, `notes`, `created_at`, `updated_at`) VALUES (291, 66, 2, 0, 10, NULL, NULL, NULL, '2026-01-31 21:08:23', '2026-01-31 21:08:23');
INSERT INTO `product_inventory` (`id`, `product_id`, `store_id`, `quantity_in_stock`, `minimum_quantity`, `last_count_date`, `last_counted_by`, `notes`, `created_at`, `updated_at`) VALUES (292, 66, 3, 0, 10, NULL, NULL, NULL, '2026-01-31 21:08:23', '2026-01-31 21:08:23');
INSERT INTO `product_inventory` (`id`, `product_id`, `store_id`, `quantity_in_stock`, `minimum_quantity`, `last_count_date`, `last_counted_by`, `notes`, `created_at`, `updated_at`) VALUES (293, 66, 4, 0, 10, NULL, NULL, NULL, '2026-01-31 21:08:23', '2026-01-31 21:08:23');
INSERT INTO `product_inventory` (`id`, `product_id`, `store_id`, `quantity_in_stock`, `minimum_quantity`, `last_count_date`, `last_counted_by`, `notes`, `created_at`, `updated_at`) VALUES (294, 67, 1, 0, 10, NULL, NULL, NULL, '2026-01-31 21:08:23', '2026-01-31 21:08:23');
INSERT INTO `product_inventory` (`id`, `product_id`, `store_id`, `quantity_in_stock`, `minimum_quantity`, `last_count_date`, `last_counted_by`, `notes`, `created_at`, `updated_at`) VALUES (295, 67, 2, 0, 10, NULL, NULL, NULL, '2026-01-31 21:08:23', '2026-01-31 21:08:23');
INSERT INTO `product_inventory` (`id`, `product_id`, `store_id`, `quantity_in_stock`, `minimum_quantity`, `last_count_date`, `last_counted_by`, `notes`, `created_at`, `updated_at`) VALUES (296, 67, 3, 0, 10, NULL, NULL, NULL, '2026-01-31 21:08:23', '2026-01-31 21:08:23');
INSERT INTO `product_inventory` (`id`, `product_id`, `store_id`, `quantity_in_stock`, `minimum_quantity`, `last_count_date`, `last_counted_by`, `notes`, `created_at`, `updated_at`) VALUES (297, 67, 4, 0, 10, NULL, NULL, NULL, '2026-01-31 21:08:23', '2026-01-31 21:08:23');
INSERT INTO `product_inventory` (`id`, `product_id`, `store_id`, `quantity_in_stock`, `minimum_quantity`, `last_count_date`, `last_counted_by`, `notes`, `created_at`, `updated_at`) VALUES (298, 68, 1, 0, 10, NULL, NULL, NULL, '2026-01-31 21:08:23', '2026-01-31 21:08:23');
INSERT INTO `product_inventory` (`id`, `product_id`, `store_id`, `quantity_in_stock`, `minimum_quantity`, `last_count_date`, `last_counted_by`, `notes`, `created_at`, `updated_at`) VALUES (299, 68, 2, 0, 10, NULL, NULL, NULL, '2026-01-31 21:08:23', '2026-01-31 21:08:23');
INSERT INTO `product_inventory` (`id`, `product_id`, `store_id`, `quantity_in_stock`, `minimum_quantity`, `last_count_date`, `last_counted_by`, `notes`, `created_at`, `updated_at`) VALUES (300, 68, 3, 0, 10, NULL, NULL, NULL, '2026-01-31 21:08:23', '2026-01-31 21:08:23');
INSERT INTO `product_inventory` (`id`, `product_id`, `store_id`, `quantity_in_stock`, `minimum_quantity`, `last_count_date`, `last_counted_by`, `notes`, `created_at`, `updated_at`) VALUES (301, 68, 4, 0, 10, NULL, NULL, NULL, '2026-01-31 21:08:23', '2026-01-31 21:08:23');
INSERT INTO `product_inventory` (`id`, `product_id`, `store_id`, `quantity_in_stock`, `minimum_quantity`, `last_count_date`, `last_counted_by`, `notes`, `created_at`, `updated_at`) VALUES (302, 69, 1, 0, 10, NULL, NULL, NULL, '2026-01-31 21:08:23', '2026-01-31 21:08:23');
INSERT INTO `product_inventory` (`id`, `product_id`, `store_id`, `quantity_in_stock`, `minimum_quantity`, `last_count_date`, `last_counted_by`, `notes`, `created_at`, `updated_at`) VALUES (303, 69, 2, 0, 10, NULL, NULL, NULL, '2026-01-31 21:08:23', '2026-01-31 21:08:23');
INSERT INTO `product_inventory` (`id`, `product_id`, `store_id`, `quantity_in_stock`, `minimum_quantity`, `last_count_date`, `last_counted_by`, `notes`, `created_at`, `updated_at`) VALUES (304, 69, 3, 0, 10, NULL, NULL, NULL, '2026-01-31 21:08:23', '2026-01-31 21:08:23');
INSERT INTO `product_inventory` (`id`, `product_id`, `store_id`, `quantity_in_stock`, `minimum_quantity`, `last_count_date`, `last_counted_by`, `notes`, `created_at`, `updated_at`) VALUES (305, 69, 4, 0, 10, NULL, NULL, NULL, '2026-01-31 21:08:23', '2026-01-31 21:08:23');
INSERT INTO `product_inventory` (`id`, `product_id`, `store_id`, `quantity_in_stock`, `minimum_quantity`, `last_count_date`, `last_counted_by`, `notes`, `created_at`, `updated_at`) VALUES (306, 70, 1, 0, 10, NULL, NULL, NULL, '2026-01-31 21:08:23', '2026-01-31 21:08:23');
INSERT INTO `product_inventory` (`id`, `product_id`, `store_id`, `quantity_in_stock`, `minimum_quantity`, `last_count_date`, `last_counted_by`, `notes`, `created_at`, `updated_at`) VALUES (307, 70, 2, 0, 10, NULL, NULL, NULL, '2026-01-31 21:08:23', '2026-01-31 21:08:23');
INSERT INTO `product_inventory` (`id`, `product_id`, `store_id`, `quantity_in_stock`, `minimum_quantity`, `last_count_date`, `last_counted_by`, `notes`, `created_at`, `updated_at`) VALUES (308, 70, 3, 0, 10, NULL, NULL, NULL, '2026-01-31 21:08:23', '2026-01-31 21:08:23');
INSERT INTO `product_inventory` (`id`, `product_id`, `store_id`, `quantity_in_stock`, `minimum_quantity`, `last_count_date`, `last_counted_by`, `notes`, `created_at`, `updated_at`) VALUES (309, 70, 4, 0, 10, NULL, NULL, NULL, '2026-01-31 21:08:23', '2026-01-31 21:08:23');
INSERT INTO `product_inventory` (`id`, `product_id`, `store_id`, `quantity_in_stock`, `minimum_quantity`, `last_count_date`, `last_counted_by`, `notes`, `created_at`, `updated_at`) VALUES (310, 71, 1, 0, 10, NULL, NULL, NULL, '2026-01-31 21:08:23', '2026-01-31 21:08:23');
INSERT INTO `product_inventory` (`id`, `product_id`, `store_id`, `quantity_in_stock`, `minimum_quantity`, `last_count_date`, `last_counted_by`, `notes`, `created_at`, `updated_at`) VALUES (311, 71, 2, 0, 10, NULL, NULL, NULL, '2026-01-31 21:08:23', '2026-01-31 21:08:23');
INSERT INTO `product_inventory` (`id`, `product_id`, `store_id`, `quantity_in_stock`, `minimum_quantity`, `last_count_date`, `last_counted_by`, `notes`, `created_at`, `updated_at`) VALUES (312, 71, 3, 0, 10, NULL, NULL, NULL, '2026-01-31 21:08:23', '2026-01-31 21:08:23');
INSERT INTO `product_inventory` (`id`, `product_id`, `store_id`, `quantity_in_stock`, `minimum_quantity`, `last_count_date`, `last_counted_by`, `notes`, `created_at`, `updated_at`) VALUES (313, 71, 4, 0, 10, NULL, NULL, NULL, '2026-01-31 21:08:23', '2026-01-31 21:08:23');
INSERT INTO `product_inventory` (`id`, `product_id`, `store_id`, `quantity_in_stock`, `minimum_quantity`, `last_count_date`, `last_counted_by`, `notes`, `created_at`, `updated_at`) VALUES (314, 72, 1, 0, 10, NULL, NULL, NULL, '2026-01-31 21:08:23', '2026-01-31 21:08:23');
INSERT INTO `product_inventory` (`id`, `product_id`, `store_id`, `quantity_in_stock`, `minimum_quantity`, `last_count_date`, `last_counted_by`, `notes`, `created_at`, `updated_at`) VALUES (315, 72, 2, 0, 10, NULL, NULL, NULL, '2026-01-31 21:08:23', '2026-01-31 21:08:23');
INSERT INTO `product_inventory` (`id`, `product_id`, `store_id`, `quantity_in_stock`, `minimum_quantity`, `last_count_date`, `last_counted_by`, `notes`, `created_at`, `updated_at`) VALUES (316, 72, 3, 0, 10, NULL, NULL, NULL, '2026-01-31 21:08:23', '2026-01-31 21:08:23');
INSERT INTO `product_inventory` (`id`, `product_id`, `store_id`, `quantity_in_stock`, `minimum_quantity`, `last_count_date`, `last_counted_by`, `notes`, `created_at`, `updated_at`) VALUES (317, 72, 4, 0, 10, NULL, NULL, NULL, '2026-01-31 21:08:23', '2026-01-31 21:08:23');
INSERT INTO `product_inventory` (`id`, `product_id`, `store_id`, `quantity_in_stock`, `minimum_quantity`, `last_count_date`, `last_counted_by`, `notes`, `created_at`, `updated_at`) VALUES (318, 73, 1, 0, 10, NULL, NULL, NULL, '2026-01-31 21:08:23', '2026-01-31 21:08:23');
INSERT INTO `product_inventory` (`id`, `product_id`, `store_id`, `quantity_in_stock`, `minimum_quantity`, `last_count_date`, `last_counted_by`, `notes`, `created_at`, `updated_at`) VALUES (319, 73, 2, 0, 10, NULL, NULL, NULL, '2026-01-31 21:08:23', '2026-01-31 21:08:23');
INSERT INTO `product_inventory` (`id`, `product_id`, `store_id`, `quantity_in_stock`, `minimum_quantity`, `last_count_date`, `last_counted_by`, `notes`, `created_at`, `updated_at`) VALUES (320, 73, 3, 0, 10, NULL, NULL, NULL, '2026-01-31 21:08:23', '2026-01-31 21:08:23');
INSERT INTO `product_inventory` (`id`, `product_id`, `store_id`, `quantity_in_stock`, `minimum_quantity`, `last_count_date`, `last_counted_by`, `notes`, `created_at`, `updated_at`) VALUES (321, 73, 4, 0, 10, NULL, NULL, NULL, '2026-01-31 21:08:23', '2026-01-31 21:08:23');
INSERT INTO `product_inventory` (`id`, `product_id`, `store_id`, `quantity_in_stock`, `minimum_quantity`, `last_count_date`, `last_counted_by`, `notes`, `created_at`, `updated_at`) VALUES (322, 74, 1, 0, 10, NULL, NULL, NULL, '2026-01-31 21:08:24', '2026-01-31 21:08:24');
INSERT INTO `product_inventory` (`id`, `product_id`, `store_id`, `quantity_in_stock`, `minimum_quantity`, `last_count_date`, `last_counted_by`, `notes`, `created_at`, `updated_at`) VALUES (323, 74, 2, 0, 10, NULL, NULL, NULL, '2026-01-31 21:08:24', '2026-01-31 21:08:24');
INSERT INTO `product_inventory` (`id`, `product_id`, `store_id`, `quantity_in_stock`, `minimum_quantity`, `last_count_date`, `last_counted_by`, `notes`, `created_at`, `updated_at`) VALUES (324, 74, 3, 0, 10, NULL, NULL, NULL, '2026-01-31 21:08:24', '2026-01-31 21:08:24');
INSERT INTO `product_inventory` (`id`, `product_id`, `store_id`, `quantity_in_stock`, `minimum_quantity`, `last_count_date`, `last_counted_by`, `notes`, `created_at`, `updated_at`) VALUES (325, 74, 4, 0, 10, NULL, NULL, NULL, '2026-01-31 21:08:24', '2026-01-31 21:08:24');
INSERT INTO `product_inventory` (`id`, `product_id`, `store_id`, `quantity_in_stock`, `minimum_quantity`, `last_count_date`, `last_counted_by`, `notes`, `created_at`, `updated_at`) VALUES (326, 75, 1, 0, 10, NULL, NULL, NULL, '2026-01-31 21:08:24', '2026-01-31 21:08:24');
INSERT INTO `product_inventory` (`id`, `product_id`, `store_id`, `quantity_in_stock`, `minimum_quantity`, `last_count_date`, `last_counted_by`, `notes`, `created_at`, `updated_at`) VALUES (327, 75, 2, 0, 10, NULL, NULL, NULL, '2026-01-31 21:08:24', '2026-01-31 21:08:24');
INSERT INTO `product_inventory` (`id`, `product_id`, `store_id`, `quantity_in_stock`, `minimum_quantity`, `last_count_date`, `last_counted_by`, `notes`, `created_at`, `updated_at`) VALUES (328, 75, 3, 0, 10, NULL, NULL, NULL, '2026-01-31 21:08:24', '2026-01-31 21:08:24');
INSERT INTO `product_inventory` (`id`, `product_id`, `store_id`, `quantity_in_stock`, `minimum_quantity`, `last_count_date`, `last_counted_by`, `notes`, `created_at`, `updated_at`) VALUES (329, 75, 4, 0, 10, NULL, NULL, NULL, '2026-01-31 21:08:24', '2026-01-31 21:08:24');
INSERT INTO `product_inventory` (`id`, `product_id`, `store_id`, `quantity_in_stock`, `minimum_quantity`, `last_count_date`, `last_counted_by`, `notes`, `created_at`, `updated_at`) VALUES (330, 76, 1, 0, 10, NULL, NULL, NULL, '2026-01-31 21:08:24', '2026-01-31 21:08:24');
INSERT INTO `product_inventory` (`id`, `product_id`, `store_id`, `quantity_in_stock`, `minimum_quantity`, `last_count_date`, `last_counted_by`, `notes`, `created_at`, `updated_at`) VALUES (331, 76, 2, 0, 10, NULL, NULL, NULL, '2026-01-31 21:08:24', '2026-01-31 21:08:24');
INSERT INTO `product_inventory` (`id`, `product_id`, `store_id`, `quantity_in_stock`, `minimum_quantity`, `last_count_date`, `last_counted_by`, `notes`, `created_at`, `updated_at`) VALUES (332, 76, 3, 0, 10, NULL, NULL, NULL, '2026-01-31 21:08:24', '2026-01-31 21:08:24');
INSERT INTO `product_inventory` (`id`, `product_id`, `store_id`, `quantity_in_stock`, `minimum_quantity`, `last_count_date`, `last_counted_by`, `notes`, `created_at`, `updated_at`) VALUES (333, 76, 4, 0, 10, NULL, NULL, NULL, '2026-01-31 21:08:24', '2026-01-31 21:08:24');
INSERT INTO `product_inventory` (`id`, `product_id`, `store_id`, `quantity_in_stock`, `minimum_quantity`, `last_count_date`, `last_counted_by`, `notes`, `created_at`, `updated_at`) VALUES (334, 77, 1, 0, 10, NULL, NULL, NULL, '2026-01-31 21:08:24', '2026-01-31 21:08:24');
INSERT INTO `product_inventory` (`id`, `product_id`, `store_id`, `quantity_in_stock`, `minimum_quantity`, `last_count_date`, `last_counted_by`, `notes`, `created_at`, `updated_at`) VALUES (335, 77, 2, 0, 10, NULL, NULL, NULL, '2026-01-31 21:08:24', '2026-01-31 21:08:24');
INSERT INTO `product_inventory` (`id`, `product_id`, `store_id`, `quantity_in_stock`, `minimum_quantity`, `last_count_date`, `last_counted_by`, `notes`, `created_at`, `updated_at`) VALUES (336, 77, 3, 0, 10, NULL, NULL, NULL, '2026-01-31 21:08:24', '2026-01-31 21:08:24');
INSERT INTO `product_inventory` (`id`, `product_id`, `store_id`, `quantity_in_stock`, `minimum_quantity`, `last_count_date`, `last_counted_by`, `notes`, `created_at`, `updated_at`) VALUES (337, 77, 4, 0, 10, NULL, NULL, NULL, '2026-01-31 21:08:24', '2026-01-31 21:08:24');
INSERT INTO `product_inventory` (`id`, `product_id`, `store_id`, `quantity_in_stock`, `minimum_quantity`, `last_count_date`, `last_counted_by`, `notes`, `created_at`, `updated_at`) VALUES (338, 78, 1, 0, 10, NULL, NULL, NULL, '2026-01-31 21:08:24', '2026-01-31 21:08:24');
INSERT INTO `product_inventory` (`id`, `product_id`, `store_id`, `quantity_in_stock`, `minimum_quantity`, `last_count_date`, `last_counted_by`, `notes`, `created_at`, `updated_at`) VALUES (339, 78, 2, 0, 10, NULL, NULL, NULL, '2026-01-31 21:08:24', '2026-01-31 21:08:24');
INSERT INTO `product_inventory` (`id`, `product_id`, `store_id`, `quantity_in_stock`, `minimum_quantity`, `last_count_date`, `last_counted_by`, `notes`, `created_at`, `updated_at`) VALUES (340, 78, 3, 0, 10, NULL, NULL, NULL, '2026-01-31 21:08:24', '2026-01-31 21:08:24');
INSERT INTO `product_inventory` (`id`, `product_id`, `store_id`, `quantity_in_stock`, `minimum_quantity`, `last_count_date`, `last_counted_by`, `notes`, `created_at`, `updated_at`) VALUES (341, 78, 4, 0, 10, NULL, NULL, NULL, '2026-01-31 21:08:24', '2026-01-31 21:08:24');
INSERT INTO `product_inventory` (`id`, `product_id`, `store_id`, `quantity_in_stock`, `minimum_quantity`, `last_count_date`, `last_counted_by`, `notes`, `created_at`, `updated_at`) VALUES (342, 79, 1, 0, 10, NULL, NULL, NULL, '2026-01-31 21:08:24', '2026-01-31 21:08:24');
INSERT INTO `product_inventory` (`id`, `product_id`, `store_id`, `quantity_in_stock`, `minimum_quantity`, `last_count_date`, `last_counted_by`, `notes`, `created_at`, `updated_at`) VALUES (343, 79, 2, 0, 10, NULL, NULL, NULL, '2026-01-31 21:08:24', '2026-01-31 21:08:24');
INSERT INTO `product_inventory` (`id`, `product_id`, `store_id`, `quantity_in_stock`, `minimum_quantity`, `last_count_date`, `last_counted_by`, `notes`, `created_at`, `updated_at`) VALUES (344, 79, 3, 0, 10, NULL, NULL, NULL, '2026-01-31 21:08:24', '2026-01-31 21:08:24');
INSERT INTO `product_inventory` (`id`, `product_id`, `store_id`, `quantity_in_stock`, `minimum_quantity`, `last_count_date`, `last_counted_by`, `notes`, `created_at`, `updated_at`) VALUES (345, 79, 4, 0, 10, NULL, NULL, NULL, '2026-01-31 21:08:24', '2026-01-31 21:08:24');
INSERT INTO `product_inventory` (`id`, `product_id`, `store_id`, `quantity_in_stock`, `minimum_quantity`, `last_count_date`, `last_counted_by`, `notes`, `created_at`, `updated_at`) VALUES (346, 80, 1, 0, 10, NULL, NULL, NULL, '2026-01-31 21:08:24', '2026-01-31 21:08:24');
INSERT INTO `product_inventory` (`id`, `product_id`, `store_id`, `quantity_in_stock`, `minimum_quantity`, `last_count_date`, `last_counted_by`, `notes`, `created_at`, `updated_at`) VALUES (347, 80, 2, 0, 10, NULL, NULL, NULL, '2026-01-31 21:08:24', '2026-01-31 21:08:24');
INSERT INTO `product_inventory` (`id`, `product_id`, `store_id`, `quantity_in_stock`, `minimum_quantity`, `last_count_date`, `last_counted_by`, `notes`, `created_at`, `updated_at`) VALUES (348, 80, 3, 0, 10, NULL, NULL, NULL, '2026-01-31 21:08:24', '2026-01-31 21:08:24');
INSERT INTO `product_inventory` (`id`, `product_id`, `store_id`, `quantity_in_stock`, `minimum_quantity`, `last_count_date`, `last_counted_by`, `notes`, `created_at`, `updated_at`) VALUES (349, 80, 4, 0, 10, NULL, NULL, NULL, '2026-01-31 21:08:24', '2026-01-31 21:08:24');
INSERT INTO `product_inventory` (`id`, `product_id`, `store_id`, `quantity_in_stock`, `minimum_quantity`, `last_count_date`, `last_counted_by`, `notes`, `created_at`, `updated_at`) VALUES (350, 81, 1, 0, 10, NULL, NULL, NULL, '2026-01-31 21:08:24', '2026-01-31 21:08:24');
INSERT INTO `product_inventory` (`id`, `product_id`, `store_id`, `quantity_in_stock`, `minimum_quantity`, `last_count_date`, `last_counted_by`, `notes`, `created_at`, `updated_at`) VALUES (351, 81, 2, 0, 10, NULL, NULL, NULL, '2026-01-31 21:08:24', '2026-01-31 21:08:24');
INSERT INTO `product_inventory` (`id`, `product_id`, `store_id`, `quantity_in_stock`, `minimum_quantity`, `last_count_date`, `last_counted_by`, `notes`, `created_at`, `updated_at`) VALUES (352, 81, 3, 0, 10, NULL, NULL, NULL, '2026-01-31 21:08:24', '2026-01-31 21:08:24');
INSERT INTO `product_inventory` (`id`, `product_id`, `store_id`, `quantity_in_stock`, `minimum_quantity`, `last_count_date`, `last_counted_by`, `notes`, `created_at`, `updated_at`) VALUES (353, 81, 4, 0, 10, NULL, NULL, NULL, '2026-01-31 21:08:24', '2026-01-31 21:08:24');
INSERT INTO `product_inventory` (`id`, `product_id`, `store_id`, `quantity_in_stock`, `minimum_quantity`, `last_count_date`, `last_counted_by`, `notes`, `created_at`, `updated_at`) VALUES (354, 82, 1, 0, 10, NULL, NULL, NULL, '2026-01-31 21:08:24', '2026-01-31 21:08:24');
INSERT INTO `product_inventory` (`id`, `product_id`, `store_id`, `quantity_in_stock`, `minimum_quantity`, `last_count_date`, `last_counted_by`, `notes`, `created_at`, `updated_at`) VALUES (355, 82, 2, 0, 10, NULL, NULL, NULL, '2026-01-31 21:08:24', '2026-01-31 21:08:24');
INSERT INTO `product_inventory` (`id`, `product_id`, `store_id`, `quantity_in_stock`, `minimum_quantity`, `last_count_date`, `last_counted_by`, `notes`, `created_at`, `updated_at`) VALUES (356, 82, 3, 0, 10, NULL, NULL, NULL, '2026-01-31 21:08:24', '2026-01-31 21:08:24');
INSERT INTO `product_inventory` (`id`, `product_id`, `store_id`, `quantity_in_stock`, `minimum_quantity`, `last_count_date`, `last_counted_by`, `notes`, `created_at`, `updated_at`) VALUES (357, 82, 4, 0, 10, NULL, NULL, NULL, '2026-01-31 21:08:24', '2026-01-31 21:08:24');
INSERT INTO `product_inventory` (`id`, `product_id`, `store_id`, `quantity_in_stock`, `minimum_quantity`, `last_count_date`, `last_counted_by`, `notes`, `created_at`, `updated_at`) VALUES (358, 83, 1, 0, 10, NULL, NULL, NULL, '2026-01-31 21:08:24', '2026-01-31 21:08:24');
INSERT INTO `product_inventory` (`id`, `product_id`, `store_id`, `quantity_in_stock`, `minimum_quantity`, `last_count_date`, `last_counted_by`, `notes`, `created_at`, `updated_at`) VALUES (359, 83, 2, 0, 10, NULL, NULL, NULL, '2026-01-31 21:08:24', '2026-01-31 21:08:24');
INSERT INTO `product_inventory` (`id`, `product_id`, `store_id`, `quantity_in_stock`, `minimum_quantity`, `last_count_date`, `last_counted_by`, `notes`, `created_at`, `updated_at`) VALUES (360, 83, 3, 0, 10, NULL, NULL, NULL, '2026-01-31 21:08:24', '2026-01-31 21:08:24');
INSERT INTO `product_inventory` (`id`, `product_id`, `store_id`, `quantity_in_stock`, `minimum_quantity`, `last_count_date`, `last_counted_by`, `notes`, `created_at`, `updated_at`) VALUES (361, 83, 4, 0, 10, NULL, NULL, NULL, '2026-01-31 21:08:24', '2026-01-31 21:08:24');
INSERT INTO `product_inventory` (`id`, `product_id`, `store_id`, `quantity_in_stock`, `minimum_quantity`, `last_count_date`, `last_counted_by`, `notes`, `created_at`, `updated_at`) VALUES (362, 84, 1, 0, 10, NULL, NULL, NULL, '2026-01-31 21:08:24', '2026-01-31 21:08:24');
INSERT INTO `product_inventory` (`id`, `product_id`, `store_id`, `quantity_in_stock`, `minimum_quantity`, `last_count_date`, `last_counted_by`, `notes`, `created_at`, `updated_at`) VALUES (363, 84, 2, 0, 10, NULL, NULL, NULL, '2026-01-31 21:08:24', '2026-01-31 21:08:24');
INSERT INTO `product_inventory` (`id`, `product_id`, `store_id`, `quantity_in_stock`, `minimum_quantity`, `last_count_date`, `last_counted_by`, `notes`, `created_at`, `updated_at`) VALUES (364, 84, 3, 0, 10, NULL, NULL, NULL, '2026-01-31 21:08:24', '2026-01-31 21:08:24');
INSERT INTO `product_inventory` (`id`, `product_id`, `store_id`, `quantity_in_stock`, `minimum_quantity`, `last_count_date`, `last_counted_by`, `notes`, `created_at`, `updated_at`) VALUES (365, 84, 4, 0, 10, NULL, NULL, NULL, '2026-01-31 21:08:24', '2026-01-31 21:08:24');
INSERT INTO `product_inventory` (`id`, `product_id`, `store_id`, `quantity_in_stock`, `minimum_quantity`, `last_count_date`, `last_counted_by`, `notes`, `created_at`, `updated_at`) VALUES (366, 85, 1, 0, 10, NULL, NULL, NULL, '2026-01-31 21:08:24', '2026-01-31 21:08:24');
INSERT INTO `product_inventory` (`id`, `product_id`, `store_id`, `quantity_in_stock`, `minimum_quantity`, `last_count_date`, `last_counted_by`, `notes`, `created_at`, `updated_at`) VALUES (367, 85, 2, 0, 10, NULL, NULL, NULL, '2026-01-31 21:08:24', '2026-01-31 21:08:24');
INSERT INTO `product_inventory` (`id`, `product_id`, `store_id`, `quantity_in_stock`, `minimum_quantity`, `last_count_date`, `last_counted_by`, `notes`, `created_at`, `updated_at`) VALUES (368, 85, 3, 0, 10, NULL, NULL, NULL, '2026-01-31 21:08:24', '2026-01-31 21:08:24');
INSERT INTO `product_inventory` (`id`, `product_id`, `store_id`, `quantity_in_stock`, `minimum_quantity`, `last_count_date`, `last_counted_by`, `notes`, `created_at`, `updated_at`) VALUES (369, 85, 4, 0, 10, NULL, NULL, NULL, '2026-01-31 21:08:24', '2026-01-31 21:08:24');
INSERT INTO `product_inventory` (`id`, `product_id`, `store_id`, `quantity_in_stock`, `minimum_quantity`, `last_count_date`, `last_counted_by`, `notes`, `created_at`, `updated_at`) VALUES (370, 86, 1, 0, 10, NULL, NULL, NULL, '2026-01-31 21:08:24', '2026-01-31 21:08:24');
INSERT INTO `product_inventory` (`id`, `product_id`, `store_id`, `quantity_in_stock`, `minimum_quantity`, `last_count_date`, `last_counted_by`, `notes`, `created_at`, `updated_at`) VALUES (371, 86, 2, 0, 10, NULL, NULL, NULL, '2026-01-31 21:08:24', '2026-01-31 21:08:24');
INSERT INTO `product_inventory` (`id`, `product_id`, `store_id`, `quantity_in_stock`, `minimum_quantity`, `last_count_date`, `last_counted_by`, `notes`, `created_at`, `updated_at`) VALUES (372, 86, 3, 0, 10, NULL, NULL, NULL, '2026-01-31 21:08:24', '2026-01-31 21:08:24');
INSERT INTO `product_inventory` (`id`, `product_id`, `store_id`, `quantity_in_stock`, `minimum_quantity`, `last_count_date`, `last_counted_by`, `notes`, `created_at`, `updated_at`) VALUES (373, 86, 4, 0, 10, NULL, NULL, NULL, '2026-01-31 21:08:24', '2026-01-31 21:08:24');
INSERT INTO `product_inventory` (`id`, `product_id`, `store_id`, `quantity_in_stock`, `minimum_quantity`, `last_count_date`, `last_counted_by`, `notes`, `created_at`, `updated_at`) VALUES (374, 87, 1, 0, 10, NULL, NULL, NULL, '2026-01-31 21:08:24', '2026-01-31 21:08:24');
INSERT INTO `product_inventory` (`id`, `product_id`, `store_id`, `quantity_in_stock`, `minimum_quantity`, `last_count_date`, `last_counted_by`, `notes`, `created_at`, `updated_at`) VALUES (375, 87, 2, 0, 10, NULL, NULL, NULL, '2026-01-31 21:08:24', '2026-01-31 21:08:24');
INSERT INTO `product_inventory` (`id`, `product_id`, `store_id`, `quantity_in_stock`, `minimum_quantity`, `last_count_date`, `last_counted_by`, `notes`, `created_at`, `updated_at`) VALUES (376, 87, 3, 0, 10, NULL, NULL, NULL, '2026-01-31 21:08:24', '2026-01-31 21:08:24');
INSERT INTO `product_inventory` (`id`, `product_id`, `store_id`, `quantity_in_stock`, `minimum_quantity`, `last_count_date`, `last_counted_by`, `notes`, `created_at`, `updated_at`) VALUES (377, 87, 4, 0, 10, NULL, NULL, NULL, '2026-01-31 21:08:24', '2026-01-31 21:08:24');
INSERT INTO `product_inventory` (`id`, `product_id`, `store_id`, `quantity_in_stock`, `minimum_quantity`, `last_count_date`, `last_counted_by`, `notes`, `created_at`, `updated_at`) VALUES (378, 88, 1, 0, 10, NULL, NULL, NULL, '2026-01-31 21:08:24', '2026-01-31 21:08:24');
INSERT INTO `product_inventory` (`id`, `product_id`, `store_id`, `quantity_in_stock`, `minimum_quantity`, `last_count_date`, `last_counted_by`, `notes`, `created_at`, `updated_at`) VALUES (379, 88, 2, 0, 10, NULL, NULL, NULL, '2026-01-31 21:08:24', '2026-01-31 21:08:24');
INSERT INTO `product_inventory` (`id`, `product_id`, `store_id`, `quantity_in_stock`, `minimum_quantity`, `last_count_date`, `last_counted_by`, `notes`, `created_at`, `updated_at`) VALUES (380, 88, 3, 0, 10, NULL, NULL, NULL, '2026-01-31 21:08:24', '2026-01-31 21:08:24');
INSERT INTO `product_inventory` (`id`, `product_id`, `store_id`, `quantity_in_stock`, `minimum_quantity`, `last_count_date`, `last_counted_by`, `notes`, `created_at`, `updated_at`) VALUES (381, 88, 4, 0, 10, NULL, NULL, NULL, '2026-01-31 21:08:24', '2026-01-31 21:08:24');
INSERT INTO `product_inventory` (`id`, `product_id`, `store_id`, `quantity_in_stock`, `minimum_quantity`, `last_count_date`, `last_counted_by`, `notes`, `created_at`, `updated_at`) VALUES (382, 89, 1, 0, 10, NULL, NULL, NULL, '2026-01-31 21:08:24', '2026-01-31 21:08:24');
INSERT INTO `product_inventory` (`id`, `product_id`, `store_id`, `quantity_in_stock`, `minimum_quantity`, `last_count_date`, `last_counted_by`, `notes`, `created_at`, `updated_at`) VALUES (383, 89, 2, 0, 10, NULL, NULL, NULL, '2026-01-31 21:08:24', '2026-01-31 21:08:24');
INSERT INTO `product_inventory` (`id`, `product_id`, `store_id`, `quantity_in_stock`, `minimum_quantity`, `last_count_date`, `last_counted_by`, `notes`, `created_at`, `updated_at`) VALUES (384, 89, 3, 0, 10, NULL, NULL, NULL, '2026-01-31 21:08:24', '2026-01-31 21:08:24');
INSERT INTO `product_inventory` (`id`, `product_id`, `store_id`, `quantity_in_stock`, `minimum_quantity`, `last_count_date`, `last_counted_by`, `notes`, `created_at`, `updated_at`) VALUES (385, 89, 4, 0, 10, NULL, NULL, NULL, '2026-01-31 21:08:24', '2026-01-31 21:08:24');
INSERT INTO `product_inventory` (`id`, `product_id`, `store_id`, `quantity_in_stock`, `minimum_quantity`, `last_count_date`, `last_counted_by`, `notes`, `created_at`, `updated_at`) VALUES (386, 90, 1, 0, 10, NULL, NULL, NULL, '2026-01-31 21:08:24', '2026-01-31 21:08:24');
INSERT INTO `product_inventory` (`id`, `product_id`, `store_id`, `quantity_in_stock`, `minimum_quantity`, `last_count_date`, `last_counted_by`, `notes`, `created_at`, `updated_at`) VALUES (387, 90, 2, 0, 10, NULL, NULL, NULL, '2026-01-31 21:08:24', '2026-01-31 21:08:24');
INSERT INTO `product_inventory` (`id`, `product_id`, `store_id`, `quantity_in_stock`, `minimum_quantity`, `last_count_date`, `last_counted_by`, `notes`, `created_at`, `updated_at`) VALUES (388, 90, 3, 0, 10, NULL, NULL, NULL, '2026-01-31 21:08:24', '2026-01-31 21:08:24');
INSERT INTO `product_inventory` (`id`, `product_id`, `store_id`, `quantity_in_stock`, `minimum_quantity`, `last_count_date`, `last_counted_by`, `notes`, `created_at`, `updated_at`) VALUES (389, 90, 4, 0, 10, NULL, NULL, NULL, '2026-01-31 21:08:24', '2026-01-31 21:08:24');
INSERT INTO `product_inventory` (`id`, `product_id`, `store_id`, `quantity_in_stock`, `minimum_quantity`, `last_count_date`, `last_counted_by`, `notes`, `created_at`, `updated_at`) VALUES (390, 91, 1, 0, 10, NULL, NULL, NULL, '2026-01-31 21:08:24', '2026-01-31 21:08:24');
INSERT INTO `product_inventory` (`id`, `product_id`, `store_id`, `quantity_in_stock`, `minimum_quantity`, `last_count_date`, `last_counted_by`, `notes`, `created_at`, `updated_at`) VALUES (391, 91, 2, 0, 10, NULL, NULL, NULL, '2026-01-31 21:08:24', '2026-01-31 21:08:24');
INSERT INTO `product_inventory` (`id`, `product_id`, `store_id`, `quantity_in_stock`, `minimum_quantity`, `last_count_date`, `last_counted_by`, `notes`, `created_at`, `updated_at`) VALUES (392, 91, 3, 0, 10, NULL, NULL, NULL, '2026-01-31 21:08:24', '2026-01-31 21:08:24');
INSERT INTO `product_inventory` (`id`, `product_id`, `store_id`, `quantity_in_stock`, `minimum_quantity`, `last_count_date`, `last_counted_by`, `notes`, `created_at`, `updated_at`) VALUES (393, 91, 4, 0, 10, NULL, NULL, NULL, '2026-01-31 21:08:24', '2026-01-31 21:08:24');
INSERT INTO `product_inventory` (`id`, `product_id`, `store_id`, `quantity_in_stock`, `minimum_quantity`, `last_count_date`, `last_counted_by`, `notes`, `created_at`, `updated_at`) VALUES (394, 92, 1, 0, 10, NULL, NULL, NULL, '2026-01-31 21:08:24', '2026-01-31 21:08:24');
INSERT INTO `product_inventory` (`id`, `product_id`, `store_id`, `quantity_in_stock`, `minimum_quantity`, `last_count_date`, `last_counted_by`, `notes`, `created_at`, `updated_at`) VALUES (395, 92, 2, 0, 10, NULL, NULL, NULL, '2026-01-31 21:08:24', '2026-01-31 21:08:24');
INSERT INTO `product_inventory` (`id`, `product_id`, `store_id`, `quantity_in_stock`, `minimum_quantity`, `last_count_date`, `last_counted_by`, `notes`, `created_at`, `updated_at`) VALUES (396, 92, 3, 0, 10, NULL, NULL, NULL, '2026-01-31 21:08:24', '2026-01-31 21:08:24');
INSERT INTO `product_inventory` (`id`, `product_id`, `store_id`, `quantity_in_stock`, `minimum_quantity`, `last_count_date`, `last_counted_by`, `notes`, `created_at`, `updated_at`) VALUES (397, 92, 4, 0, 10, NULL, NULL, NULL, '2026-01-31 21:08:24', '2026-01-31 21:08:24');
INSERT INTO `product_inventory` (`id`, `product_id`, `store_id`, `quantity_in_stock`, `minimum_quantity`, `last_count_date`, `last_counted_by`, `notes`, `created_at`, `updated_at`) VALUES (398, 93, 1, 0, 10, NULL, NULL, NULL, '2026-01-31 21:08:24', '2026-01-31 21:08:24');
INSERT INTO `product_inventory` (`id`, `product_id`, `store_id`, `quantity_in_stock`, `minimum_quantity`, `last_count_date`, `last_counted_by`, `notes`, `created_at`, `updated_at`) VALUES (399, 93, 2, 0, 10, NULL, NULL, NULL, '2026-01-31 21:08:24', '2026-01-31 21:08:24');
INSERT INTO `product_inventory` (`id`, `product_id`, `store_id`, `quantity_in_stock`, `minimum_quantity`, `last_count_date`, `last_counted_by`, `notes`, `created_at`, `updated_at`) VALUES (400, 93, 3, 0, 10, NULL, NULL, NULL, '2026-01-31 21:08:24', '2026-01-31 21:08:24');
INSERT INTO `product_inventory` (`id`, `product_id`, `store_id`, `quantity_in_stock`, `minimum_quantity`, `last_count_date`, `last_counted_by`, `notes`, `created_at`, `updated_at`) VALUES (401, 93, 4, 0, 10, NULL, NULL, NULL, '2026-01-31 21:08:24', '2026-01-31 21:08:24');
INSERT INTO `product_inventory` (`id`, `product_id`, `store_id`, `quantity_in_stock`, `minimum_quantity`, `last_count_date`, `last_counted_by`, `notes`, `created_at`, `updated_at`) VALUES (402, 94, 1, 0, 10, NULL, NULL, NULL, '2026-01-31 21:08:24', '2026-01-31 21:08:24');
INSERT INTO `product_inventory` (`id`, `product_id`, `store_id`, `quantity_in_stock`, `minimum_quantity`, `last_count_date`, `last_counted_by`, `notes`, `created_at`, `updated_at`) VALUES (403, 94, 2, 0, 10, NULL, NULL, NULL, '2026-01-31 21:08:24', '2026-01-31 21:08:24');
INSERT INTO `product_inventory` (`id`, `product_id`, `store_id`, `quantity_in_stock`, `minimum_quantity`, `last_count_date`, `last_counted_by`, `notes`, `created_at`, `updated_at`) VALUES (404, 94, 3, 0, 10, NULL, NULL, NULL, '2026-01-31 21:08:24', '2026-01-31 21:08:24');
INSERT INTO `product_inventory` (`id`, `product_id`, `store_id`, `quantity_in_stock`, `minimum_quantity`, `last_count_date`, `last_counted_by`, `notes`, `created_at`, `updated_at`) VALUES (405, 94, 4, 0, 10, NULL, NULL, NULL, '2026-01-31 21:08:24', '2026-01-31 21:08:24');
INSERT INTO `product_inventory` (`id`, `product_id`, `store_id`, `quantity_in_stock`, `minimum_quantity`, `last_count_date`, `last_counted_by`, `notes`, `created_at`, `updated_at`) VALUES (406, 95, 1, 0, 10, NULL, NULL, NULL, '2026-01-31 21:08:24', '2026-01-31 21:08:24');
INSERT INTO `product_inventory` (`id`, `product_id`, `store_id`, `quantity_in_stock`, `minimum_quantity`, `last_count_date`, `last_counted_by`, `notes`, `created_at`, `updated_at`) VALUES (407, 95, 2, 0, 10, NULL, NULL, NULL, '2026-01-31 21:08:24', '2026-01-31 21:08:24');
INSERT INTO `product_inventory` (`id`, `product_id`, `store_id`, `quantity_in_stock`, `minimum_quantity`, `last_count_date`, `last_counted_by`, `notes`, `created_at`, `updated_at`) VALUES (408, 95, 3, 0, 10, NULL, NULL, NULL, '2026-01-31 21:08:24', '2026-01-31 21:08:24');
INSERT INTO `product_inventory` (`id`, `product_id`, `store_id`, `quantity_in_stock`, `minimum_quantity`, `last_count_date`, `last_counted_by`, `notes`, `created_at`, `updated_at`) VALUES (409, 95, 4, 0, 10, NULL, NULL, NULL, '2026-01-31 21:08:24', '2026-01-31 21:08:24');
INSERT INTO `product_inventory` (`id`, `product_id`, `store_id`, `quantity_in_stock`, `minimum_quantity`, `last_count_date`, `last_counted_by`, `notes`, `created_at`, `updated_at`) VALUES (410, 96, 1, 0, 10, NULL, NULL, NULL, '2026-01-31 21:08:24', '2026-01-31 21:08:24');
INSERT INTO `product_inventory` (`id`, `product_id`, `store_id`, `quantity_in_stock`, `minimum_quantity`, `last_count_date`, `last_counted_by`, `notes`, `created_at`, `updated_at`) VALUES (411, 96, 2, 0, 10, NULL, NULL, NULL, '2026-01-31 21:08:24', '2026-01-31 21:08:24');
INSERT INTO `product_inventory` (`id`, `product_id`, `store_id`, `quantity_in_stock`, `minimum_quantity`, `last_count_date`, `last_counted_by`, `notes`, `created_at`, `updated_at`) VALUES (412, 96, 3, 0, 10, NULL, NULL, NULL, '2026-01-31 21:08:24', '2026-01-31 21:08:24');
INSERT INTO `product_inventory` (`id`, `product_id`, `store_id`, `quantity_in_stock`, `minimum_quantity`, `last_count_date`, `last_counted_by`, `notes`, `created_at`, `updated_at`) VALUES (413, 96, 4, 0, 10, NULL, NULL, NULL, '2026-01-31 21:08:24', '2026-01-31 21:08:24');
INSERT INTO `product_inventory` (`id`, `product_id`, `store_id`, `quantity_in_stock`, `minimum_quantity`, `last_count_date`, `last_counted_by`, `notes`, `created_at`, `updated_at`) VALUES (414, 97, 1, 0, 10, NULL, NULL, NULL, '2026-01-31 21:08:24', '2026-01-31 21:08:24');
INSERT INTO `product_inventory` (`id`, `product_id`, `store_id`, `quantity_in_stock`, `minimum_quantity`, `last_count_date`, `last_counted_by`, `notes`, `created_at`, `updated_at`) VALUES (415, 97, 2, 0, 10, NULL, NULL, NULL, '2026-01-31 21:08:24', '2026-01-31 21:08:24');
INSERT INTO `product_inventory` (`id`, `product_id`, `store_id`, `quantity_in_stock`, `minimum_quantity`, `last_count_date`, `last_counted_by`, `notes`, `created_at`, `updated_at`) VALUES (416, 97, 3, 0, 10, NULL, NULL, NULL, '2026-01-31 21:08:24', '2026-01-31 21:08:24');
INSERT INTO `product_inventory` (`id`, `product_id`, `store_id`, `quantity_in_stock`, `minimum_quantity`, `last_count_date`, `last_counted_by`, `notes`, `created_at`, `updated_at`) VALUES (417, 97, 4, 0, 10, NULL, NULL, NULL, '2026-01-31 21:08:24', '2026-01-31 21:08:24');
INSERT INTO `product_inventory` (`id`, `product_id`, `store_id`, `quantity_in_stock`, `minimum_quantity`, `last_count_date`, `last_counted_by`, `notes`, `created_at`, `updated_at`) VALUES (418, 98, 1, 0, 10, NULL, NULL, NULL, '2026-01-31 21:08:24', '2026-01-31 21:08:24');
INSERT INTO `product_inventory` (`id`, `product_id`, `store_id`, `quantity_in_stock`, `minimum_quantity`, `last_count_date`, `last_counted_by`, `notes`, `created_at`, `updated_at`) VALUES (419, 98, 2, 0, 10, NULL, NULL, NULL, '2026-01-31 21:08:24', '2026-01-31 21:08:24');
INSERT INTO `product_inventory` (`id`, `product_id`, `store_id`, `quantity_in_stock`, `minimum_quantity`, `last_count_date`, `last_counted_by`, `notes`, `created_at`, `updated_at`) VALUES (420, 98, 3, 0, 10, NULL, NULL, NULL, '2026-01-31 21:08:24', '2026-01-31 21:08:24');
INSERT INTO `product_inventory` (`id`, `product_id`, `store_id`, `quantity_in_stock`, `minimum_quantity`, `last_count_date`, `last_counted_by`, `notes`, `created_at`, `updated_at`) VALUES (421, 98, 4, 0, 10, NULL, NULL, NULL, '2026-01-31 21:08:24', '2026-01-31 21:08:24');
INSERT INTO `product_inventory` (`id`, `product_id`, `store_id`, `quantity_in_stock`, `minimum_quantity`, `last_count_date`, `last_counted_by`, `notes`, `created_at`, `updated_at`) VALUES (422, 99, 1, 0, 10, NULL, NULL, NULL, '2026-01-31 21:08:24', '2026-01-31 21:08:24');
INSERT INTO `product_inventory` (`id`, `product_id`, `store_id`, `quantity_in_stock`, `minimum_quantity`, `last_count_date`, `last_counted_by`, `notes`, `created_at`, `updated_at`) VALUES (423, 99, 2, 0, 10, NULL, NULL, NULL, '2026-01-31 21:08:24', '2026-01-31 21:08:24');
INSERT INTO `product_inventory` (`id`, `product_id`, `store_id`, `quantity_in_stock`, `minimum_quantity`, `last_count_date`, `last_counted_by`, `notes`, `created_at`, `updated_at`) VALUES (424, 99, 3, 0, 10, NULL, NULL, NULL, '2026-01-31 21:08:24', '2026-01-31 21:08:24');
INSERT INTO `product_inventory` (`id`, `product_id`, `store_id`, `quantity_in_stock`, `minimum_quantity`, `last_count_date`, `last_counted_by`, `notes`, `created_at`, `updated_at`) VALUES (425, 99, 4, 0, 10, NULL, NULL, NULL, '2026-01-31 21:08:24', '2026-01-31 21:08:24');
INSERT INTO `product_inventory` (`id`, `product_id`, `store_id`, `quantity_in_stock`, `minimum_quantity`, `last_count_date`, `last_counted_by`, `notes`, `created_at`, `updated_at`) VALUES (426, 100, 1, 0, 10, NULL, NULL, NULL, '2026-01-31 21:08:24', '2026-01-31 21:08:24');
INSERT INTO `product_inventory` (`id`, `product_id`, `store_id`, `quantity_in_stock`, `minimum_quantity`, `last_count_date`, `last_counted_by`, `notes`, `created_at`, `updated_at`) VALUES (427, 100, 2, 0, 10, NULL, NULL, NULL, '2026-01-31 21:08:24', '2026-01-31 21:08:24');
INSERT INTO `product_inventory` (`id`, `product_id`, `store_id`, `quantity_in_stock`, `minimum_quantity`, `last_count_date`, `last_counted_by`, `notes`, `created_at`, `updated_at`) VALUES (428, 100, 3, 0, 10, NULL, NULL, NULL, '2026-01-31 21:08:24', '2026-01-31 21:08:24');
INSERT INTO `product_inventory` (`id`, `product_id`, `store_id`, `quantity_in_stock`, `minimum_quantity`, `last_count_date`, `last_counted_by`, `notes`, `created_at`, `updated_at`) VALUES (429, 100, 4, 0, 10, NULL, NULL, NULL, '2026-01-31 21:08:24', '2026-01-31 21:08:24');
INSERT INTO `product_inventory` (`id`, `product_id`, `store_id`, `quantity_in_stock`, `minimum_quantity`, `last_count_date`, `last_counted_by`, `notes`, `created_at`, `updated_at`) VALUES (430, 101, 1, 0, 10, NULL, NULL, NULL, '2026-01-31 21:08:24', '2026-01-31 21:08:24');
INSERT INTO `product_inventory` (`id`, `product_id`, `store_id`, `quantity_in_stock`, `minimum_quantity`, `last_count_date`, `last_counted_by`, `notes`, `created_at`, `updated_at`) VALUES (431, 101, 2, 0, 10, NULL, NULL, NULL, '2026-01-31 21:08:24', '2026-01-31 21:08:24');
INSERT INTO `product_inventory` (`id`, `product_id`, `store_id`, `quantity_in_stock`, `minimum_quantity`, `last_count_date`, `last_counted_by`, `notes`, `created_at`, `updated_at`) VALUES (432, 101, 3, 0, 10, NULL, NULL, NULL, '2026-01-31 21:08:24', '2026-01-31 21:08:24');
INSERT INTO `product_inventory` (`id`, `product_id`, `store_id`, `quantity_in_stock`, `minimum_quantity`, `last_count_date`, `last_counted_by`, `notes`, `created_at`, `updated_at`) VALUES (433, 101, 4, 0, 10, NULL, NULL, NULL, '2026-01-31 21:08:24', '2026-01-31 21:08:24');
INSERT INTO `product_inventory` (`id`, `product_id`, `store_id`, `quantity_in_stock`, `minimum_quantity`, `last_count_date`, `last_counted_by`, `notes`, `created_at`, `updated_at`) VALUES (434, 102, 1, 0, 10, NULL, NULL, NULL, '2026-01-31 21:08:24', '2026-01-31 21:08:24');
INSERT INTO `product_inventory` (`id`, `product_id`, `store_id`, `quantity_in_stock`, `minimum_quantity`, `last_count_date`, `last_counted_by`, `notes`, `created_at`, `updated_at`) VALUES (435, 102, 2, 0, 10, NULL, NULL, NULL, '2026-01-31 21:08:24', '2026-01-31 21:08:24');
INSERT INTO `product_inventory` (`id`, `product_id`, `store_id`, `quantity_in_stock`, `minimum_quantity`, `last_count_date`, `last_counted_by`, `notes`, `created_at`, `updated_at`) VALUES (436, 102, 3, 0, 10, NULL, NULL, NULL, '2026-01-31 21:08:24', '2026-01-31 21:08:24');
INSERT INTO `product_inventory` (`id`, `product_id`, `store_id`, `quantity_in_stock`, `minimum_quantity`, `last_count_date`, `last_counted_by`, `notes`, `created_at`, `updated_at`) VALUES (437, 102, 4, 0, 10, NULL, NULL, NULL, '2026-01-31 21:08:24', '2026-01-31 21:08:24');
INSERT INTO `product_inventory` (`id`, `product_id`, `store_id`, `quantity_in_stock`, `minimum_quantity`, `last_count_date`, `last_counted_by`, `notes`, `created_at`, `updated_at`) VALUES (438, 103, 1, 0, 10, NULL, NULL, NULL, '2026-01-31 21:08:24', '2026-01-31 21:08:24');
INSERT INTO `product_inventory` (`id`, `product_id`, `store_id`, `quantity_in_stock`, `minimum_quantity`, `last_count_date`, `last_counted_by`, `notes`, `created_at`, `updated_at`) VALUES (439, 103, 2, 0, 10, NULL, NULL, NULL, '2026-01-31 21:08:24', '2026-01-31 21:08:24');
INSERT INTO `product_inventory` (`id`, `product_id`, `store_id`, `quantity_in_stock`, `minimum_quantity`, `last_count_date`, `last_counted_by`, `notes`, `created_at`, `updated_at`) VALUES (440, 103, 3, 0, 10, NULL, NULL, NULL, '2026-01-31 21:08:24', '2026-01-31 21:08:24');
INSERT INTO `product_inventory` (`id`, `product_id`, `store_id`, `quantity_in_stock`, `minimum_quantity`, `last_count_date`, `last_counted_by`, `notes`, `created_at`, `updated_at`) VALUES (441, 103, 4, 0, 10, NULL, NULL, NULL, '2026-01-31 21:08:24', '2026-01-31 21:08:24');
INSERT INTO `product_inventory` (`id`, `product_id`, `store_id`, `quantity_in_stock`, `minimum_quantity`, `last_count_date`, `last_counted_by`, `notes`, `created_at`, `updated_at`) VALUES (442, 104, 1, 0, 10, NULL, NULL, NULL, '2026-01-31 21:08:24', '2026-01-31 21:08:24');
INSERT INTO `product_inventory` (`id`, `product_id`, `store_id`, `quantity_in_stock`, `minimum_quantity`, `last_count_date`, `last_counted_by`, `notes`, `created_at`, `updated_at`) VALUES (443, 104, 2, 0, 10, NULL, NULL, NULL, '2026-01-31 21:08:24', '2026-01-31 21:08:24');
INSERT INTO `product_inventory` (`id`, `product_id`, `store_id`, `quantity_in_stock`, `minimum_quantity`, `last_count_date`, `last_counted_by`, `notes`, `created_at`, `updated_at`) VALUES (444, 104, 3, 0, 10, NULL, NULL, NULL, '2026-01-31 21:08:24', '2026-01-31 21:08:24');
INSERT INTO `product_inventory` (`id`, `product_id`, `store_id`, `quantity_in_stock`, `minimum_quantity`, `last_count_date`, `last_counted_by`, `notes`, `created_at`, `updated_at`) VALUES (445, 104, 4, 0, 10, NULL, NULL, NULL, '2026-01-31 21:08:24', '2026-01-31 21:08:24');
INSERT INTO `product_inventory` (`id`, `product_id`, `store_id`, `quantity_in_stock`, `minimum_quantity`, `last_count_date`, `last_counted_by`, `notes`, `created_at`, `updated_at`) VALUES (446, 105, 1, 0, 10, NULL, NULL, NULL, '2026-01-31 21:08:24', '2026-01-31 21:08:24');
INSERT INTO `product_inventory` (`id`, `product_id`, `store_id`, `quantity_in_stock`, `minimum_quantity`, `last_count_date`, `last_counted_by`, `notes`, `created_at`, `updated_at`) VALUES (447, 105, 2, 0, 10, NULL, NULL, NULL, '2026-01-31 21:08:24', '2026-01-31 21:08:24');
INSERT INTO `product_inventory` (`id`, `product_id`, `store_id`, `quantity_in_stock`, `minimum_quantity`, `last_count_date`, `last_counted_by`, `notes`, `created_at`, `updated_at`) VALUES (448, 105, 3, 0, 10, NULL, NULL, NULL, '2026-01-31 21:08:24', '2026-01-31 21:08:24');
INSERT INTO `product_inventory` (`id`, `product_id`, `store_id`, `quantity_in_stock`, `minimum_quantity`, `last_count_date`, `last_counted_by`, `notes`, `created_at`, `updated_at`) VALUES (449, 105, 4, 0, 10, NULL, NULL, NULL, '2026-01-31 21:08:24', '2026-01-31 21:08:24');
INSERT INTO `product_inventory` (`id`, `product_id`, `store_id`, `quantity_in_stock`, `minimum_quantity`, `last_count_date`, `last_counted_by`, `notes`, `created_at`, `updated_at`) VALUES (450, 106, 1, 0, 10, NULL, NULL, NULL, '2026-01-31 21:08:24', '2026-01-31 21:08:24');
INSERT INTO `product_inventory` (`id`, `product_id`, `store_id`, `quantity_in_stock`, `minimum_quantity`, `last_count_date`, `last_counted_by`, `notes`, `created_at`, `updated_at`) VALUES (451, 106, 2, 0, 10, NULL, NULL, NULL, '2026-01-31 21:08:24', '2026-01-31 21:08:24');
INSERT INTO `product_inventory` (`id`, `product_id`, `store_id`, `quantity_in_stock`, `minimum_quantity`, `last_count_date`, `last_counted_by`, `notes`, `created_at`, `updated_at`) VALUES (452, 106, 3, 0, 10, NULL, NULL, NULL, '2026-01-31 21:08:24', '2026-01-31 21:08:24');
INSERT INTO `product_inventory` (`id`, `product_id`, `store_id`, `quantity_in_stock`, `minimum_quantity`, `last_count_date`, `last_counted_by`, `notes`, `created_at`, `updated_at`) VALUES (453, 106, 4, 0, 10, NULL, NULL, NULL, '2026-01-31 21:08:24', '2026-01-31 21:08:24');
INSERT INTO `product_inventory` (`id`, `product_id`, `store_id`, `quantity_in_stock`, `minimum_quantity`, `last_count_date`, `last_counted_by`, `notes`, `created_at`, `updated_at`) VALUES (454, 107, 1, 0, 10, NULL, NULL, NULL, '2026-01-31 21:08:24', '2026-01-31 21:08:24');
INSERT INTO `product_inventory` (`id`, `product_id`, `store_id`, `quantity_in_stock`, `minimum_quantity`, `last_count_date`, `last_counted_by`, `notes`, `created_at`, `updated_at`) VALUES (455, 107, 2, 0, 10, NULL, NULL, NULL, '2026-01-31 21:08:24', '2026-01-31 21:08:24');
INSERT INTO `product_inventory` (`id`, `product_id`, `store_id`, `quantity_in_stock`, `minimum_quantity`, `last_count_date`, `last_counted_by`, `notes`, `created_at`, `updated_at`) VALUES (456, 107, 3, 0, 10, NULL, NULL, NULL, '2026-01-31 21:08:24', '2026-01-31 21:08:24');
INSERT INTO `product_inventory` (`id`, `product_id`, `store_id`, `quantity_in_stock`, `minimum_quantity`, `last_count_date`, `last_counted_by`, `notes`, `created_at`, `updated_at`) VALUES (457, 107, 4, 0, 10, NULL, NULL, NULL, '2026-01-31 21:08:24', '2026-01-31 21:08:24');
INSERT INTO `product_inventory` (`id`, `product_id`, `store_id`, `quantity_in_stock`, `minimum_quantity`, `last_count_date`, `last_counted_by`, `notes`, `created_at`, `updated_at`) VALUES (458, 108, 1, 0, 10, NULL, NULL, NULL, '2026-01-31 21:08:24', '2026-01-31 21:08:24');
INSERT INTO `product_inventory` (`id`, `product_id`, `store_id`, `quantity_in_stock`, `minimum_quantity`, `last_count_date`, `last_counted_by`, `notes`, `created_at`, `updated_at`) VALUES (459, 108, 2, 0, 10, NULL, NULL, NULL, '2026-01-31 21:08:24', '2026-01-31 21:08:24');
INSERT INTO `product_inventory` (`id`, `product_id`, `store_id`, `quantity_in_stock`, `minimum_quantity`, `last_count_date`, `last_counted_by`, `notes`, `created_at`, `updated_at`) VALUES (460, 108, 3, 0, 10, NULL, NULL, NULL, '2026-01-31 21:08:24', '2026-01-31 21:08:24');
INSERT INTO `product_inventory` (`id`, `product_id`, `store_id`, `quantity_in_stock`, `minimum_quantity`, `last_count_date`, `last_counted_by`, `notes`, `created_at`, `updated_at`) VALUES (461, 108, 4, 0, 10, NULL, NULL, NULL, '2026-01-31 21:08:24', '2026-01-31 21:08:24');
INSERT INTO `product_inventory` (`id`, `product_id`, `store_id`, `quantity_in_stock`, `minimum_quantity`, `last_count_date`, `last_counted_by`, `notes`, `created_at`, `updated_at`) VALUES (462, 109, 1, 0, 10, NULL, NULL, NULL, '2026-01-31 21:08:24', '2026-01-31 21:08:24');
INSERT INTO `product_inventory` (`id`, `product_id`, `store_id`, `quantity_in_stock`, `minimum_quantity`, `last_count_date`, `last_counted_by`, `notes`, `created_at`, `updated_at`) VALUES (463, 109, 2, 0, 10, NULL, NULL, NULL, '2026-01-31 21:08:24', '2026-01-31 21:08:24');
INSERT INTO `product_inventory` (`id`, `product_id`, `store_id`, `quantity_in_stock`, `minimum_quantity`, `last_count_date`, `last_counted_by`, `notes`, `created_at`, `updated_at`) VALUES (464, 109, 3, 0, 10, NULL, NULL, NULL, '2026-01-31 21:08:24', '2026-01-31 21:08:24');
INSERT INTO `product_inventory` (`id`, `product_id`, `store_id`, `quantity_in_stock`, `minimum_quantity`, `last_count_date`, `last_counted_by`, `notes`, `created_at`, `updated_at`) VALUES (465, 109, 4, 0, 10, NULL, NULL, NULL, '2026-01-31 21:08:24', '2026-01-31 21:08:24');
INSERT INTO `product_inventory` (`id`, `product_id`, `store_id`, `quantity_in_stock`, `minimum_quantity`, `last_count_date`, `last_counted_by`, `notes`, `created_at`, `updated_at`) VALUES (466, 110, 1, 0, 10, NULL, NULL, NULL, '2026-01-31 21:08:24', '2026-01-31 21:08:24');
INSERT INTO `product_inventory` (`id`, `product_id`, `store_id`, `quantity_in_stock`, `minimum_quantity`, `last_count_date`, `last_counted_by`, `notes`, `created_at`, `updated_at`) VALUES (467, 110, 2, 0, 10, NULL, NULL, NULL, '2026-01-31 21:08:24', '2026-01-31 21:08:24');
INSERT INTO `product_inventory` (`id`, `product_id`, `store_id`, `quantity_in_stock`, `minimum_quantity`, `last_count_date`, `last_counted_by`, `notes`, `created_at`, `updated_at`) VALUES (468, 110, 3, 0, 10, NULL, NULL, NULL, '2026-01-31 21:08:24', '2026-01-31 21:08:24');
INSERT INTO `product_inventory` (`id`, `product_id`, `store_id`, `quantity_in_stock`, `minimum_quantity`, `last_count_date`, `last_counted_by`, `notes`, `created_at`, `updated_at`) VALUES (469, 110, 4, 0, 10, NULL, NULL, NULL, '2026-01-31 21:08:24', '2026-01-31 21:08:24');
INSERT INTO `product_inventory` (`id`, `product_id`, `store_id`, `quantity_in_stock`, `minimum_quantity`, `last_count_date`, `last_counted_by`, `notes`, `created_at`, `updated_at`) VALUES (470, 111, 1, 0, 10, NULL, NULL, NULL, '2026-01-31 21:08:24', '2026-01-31 21:08:24');
INSERT INTO `product_inventory` (`id`, `product_id`, `store_id`, `quantity_in_stock`, `minimum_quantity`, `last_count_date`, `last_counted_by`, `notes`, `created_at`, `updated_at`) VALUES (471, 111, 2, 0, 10, NULL, NULL, NULL, '2026-01-31 21:08:24', '2026-01-31 21:08:24');
INSERT INTO `product_inventory` (`id`, `product_id`, `store_id`, `quantity_in_stock`, `minimum_quantity`, `last_count_date`, `last_counted_by`, `notes`, `created_at`, `updated_at`) VALUES (472, 111, 3, 0, 10, NULL, NULL, NULL, '2026-01-31 21:08:24', '2026-01-31 21:08:24');
INSERT INTO `product_inventory` (`id`, `product_id`, `store_id`, `quantity_in_stock`, `minimum_quantity`, `last_count_date`, `last_counted_by`, `notes`, `created_at`, `updated_at`) VALUES (473, 111, 4, 0, 10, NULL, NULL, NULL, '2026-01-31 21:08:24', '2026-01-31 21:08:24');
INSERT INTO `product_inventory` (`id`, `product_id`, `store_id`, `quantity_in_stock`, `minimum_quantity`, `last_count_date`, `last_counted_by`, `notes`, `created_at`, `updated_at`) VALUES (474, 112, 1, 0, 10, NULL, NULL, NULL, '2026-01-31 21:08:24', '2026-01-31 21:08:24');
INSERT INTO `product_inventory` (`id`, `product_id`, `store_id`, `quantity_in_stock`, `minimum_quantity`, `last_count_date`, `last_counted_by`, `notes`, `created_at`, `updated_at`) VALUES (475, 112, 2, 0, 10, NULL, NULL, NULL, '2026-01-31 21:08:24', '2026-01-31 21:08:24');
INSERT INTO `product_inventory` (`id`, `product_id`, `store_id`, `quantity_in_stock`, `minimum_quantity`, `last_count_date`, `last_counted_by`, `notes`, `created_at`, `updated_at`) VALUES (476, 112, 3, 0, 10, NULL, NULL, NULL, '2026-01-31 21:08:24', '2026-01-31 21:08:24');
INSERT INTO `product_inventory` (`id`, `product_id`, `store_id`, `quantity_in_stock`, `minimum_quantity`, `last_count_date`, `last_counted_by`, `notes`, `created_at`, `updated_at`) VALUES (477, 112, 4, 0, 10, NULL, NULL, NULL, '2026-01-31 21:08:24', '2026-01-31 21:08:24');
INSERT INTO `product_inventory` (`id`, `product_id`, `store_id`, `quantity_in_stock`, `minimum_quantity`, `last_count_date`, `last_counted_by`, `notes`, `created_at`, `updated_at`) VALUES (478, 113, 1, 0, 10, NULL, NULL, NULL, '2026-01-31 21:08:24', '2026-01-31 21:08:24');
INSERT INTO `product_inventory` (`id`, `product_id`, `store_id`, `quantity_in_stock`, `minimum_quantity`, `last_count_date`, `last_counted_by`, `notes`, `created_at`, `updated_at`) VALUES (479, 113, 2, 0, 10, NULL, NULL, NULL, '2026-01-31 21:08:24', '2026-01-31 21:08:24');
INSERT INTO `product_inventory` (`id`, `product_id`, `store_id`, `quantity_in_stock`, `minimum_quantity`, `last_count_date`, `last_counted_by`, `notes`, `created_at`, `updated_at`) VALUES (480, 113, 3, 0, 10, NULL, NULL, NULL, '2026-01-31 21:08:24', '2026-01-31 21:08:24');
INSERT INTO `product_inventory` (`id`, `product_id`, `store_id`, `quantity_in_stock`, `minimum_quantity`, `last_count_date`, `last_counted_by`, `notes`, `created_at`, `updated_at`) VALUES (481, 113, 4, 0, 10, NULL, NULL, NULL, '2026-01-31 21:08:24', '2026-01-31 21:08:24');
INSERT INTO `product_inventory` (`id`, `product_id`, `store_id`, `quantity_in_stock`, `minimum_quantity`, `last_count_date`, `last_counted_by`, `notes`, `created_at`, `updated_at`) VALUES (482, 114, 1, 0, 10, NULL, NULL, NULL, '2026-01-31 21:08:24', '2026-01-31 21:08:24');
INSERT INTO `product_inventory` (`id`, `product_id`, `store_id`, `quantity_in_stock`, `minimum_quantity`, `last_count_date`, `last_counted_by`, `notes`, `created_at`, `updated_at`) VALUES (483, 114, 2, 0, 10, NULL, NULL, NULL, '2026-01-31 21:08:24', '2026-01-31 21:08:24');
INSERT INTO `product_inventory` (`id`, `product_id`, `store_id`, `quantity_in_stock`, `minimum_quantity`, `last_count_date`, `last_counted_by`, `notes`, `created_at`, `updated_at`) VALUES (484, 114, 3, 0, 10, NULL, NULL, NULL, '2026-01-31 21:08:24', '2026-01-31 21:08:24');
INSERT INTO `product_inventory` (`id`, `product_id`, `store_id`, `quantity_in_stock`, `minimum_quantity`, `last_count_date`, `last_counted_by`, `notes`, `created_at`, `updated_at`) VALUES (485, 114, 4, 0, 10, NULL, NULL, NULL, '2026-01-31 21:08:24', '2026-01-31 21:08:24');
INSERT INTO `product_inventory` (`id`, `product_id`, `store_id`, `quantity_in_stock`, `minimum_quantity`, `last_count_date`, `last_counted_by`, `notes`, `created_at`, `updated_at`) VALUES (486, 115, 1, 0, 10, NULL, NULL, NULL, '2026-01-31 21:08:24', '2026-01-31 21:08:24');
INSERT INTO `product_inventory` (`id`, `product_id`, `store_id`, `quantity_in_stock`, `minimum_quantity`, `last_count_date`, `last_counted_by`, `notes`, `created_at`, `updated_at`) VALUES (487, 115, 2, 0, 10, NULL, NULL, NULL, '2026-01-31 21:08:24', '2026-01-31 21:08:24');
INSERT INTO `product_inventory` (`id`, `product_id`, `store_id`, `quantity_in_stock`, `minimum_quantity`, `last_count_date`, `last_counted_by`, `notes`, `created_at`, `updated_at`) VALUES (488, 115, 3, 0, 10, NULL, NULL, NULL, '2026-01-31 21:08:24', '2026-01-31 21:08:24');
INSERT INTO `product_inventory` (`id`, `product_id`, `store_id`, `quantity_in_stock`, `minimum_quantity`, `last_count_date`, `last_counted_by`, `notes`, `created_at`, `updated_at`) VALUES (489, 115, 4, 0, 10, NULL, NULL, NULL, '2026-01-31 21:08:24', '2026-01-31 21:08:24');
INSERT INTO `product_inventory` (`id`, `product_id`, `store_id`, `quantity_in_stock`, `minimum_quantity`, `last_count_date`, `last_counted_by`, `notes`, `created_at`, `updated_at`) VALUES (490, 116, 1, 0, 10, NULL, NULL, NULL, '2026-01-31 21:08:24', '2026-01-31 21:08:24');
INSERT INTO `product_inventory` (`id`, `product_id`, `store_id`, `quantity_in_stock`, `minimum_quantity`, `last_count_date`, `last_counted_by`, `notes`, `created_at`, `updated_at`) VALUES (491, 116, 2, 0, 10, NULL, NULL, NULL, '2026-01-31 21:08:24', '2026-01-31 21:08:24');
INSERT INTO `product_inventory` (`id`, `product_id`, `store_id`, `quantity_in_stock`, `minimum_quantity`, `last_count_date`, `last_counted_by`, `notes`, `created_at`, `updated_at`) VALUES (492, 116, 3, 0, 10, NULL, NULL, NULL, '2026-01-31 21:08:24', '2026-01-31 21:08:24');
INSERT INTO `product_inventory` (`id`, `product_id`, `store_id`, `quantity_in_stock`, `minimum_quantity`, `last_count_date`, `last_counted_by`, `notes`, `created_at`, `updated_at`) VALUES (493, 116, 4, 0, 10, NULL, NULL, NULL, '2026-01-31 21:08:24', '2026-01-31 21:08:24');
INSERT INTO `product_inventory` (`id`, `product_id`, `store_id`, `quantity_in_stock`, `minimum_quantity`, `last_count_date`, `last_counted_by`, `notes`, `created_at`, `updated_at`) VALUES (494, 117, 1, 0, 10, NULL, NULL, NULL, '2026-01-31 21:08:24', '2026-01-31 21:08:24');
INSERT INTO `product_inventory` (`id`, `product_id`, `store_id`, `quantity_in_stock`, `minimum_quantity`, `last_count_date`, `last_counted_by`, `notes`, `created_at`, `updated_at`) VALUES (495, 117, 2, 0, 10, NULL, NULL, NULL, '2026-01-31 21:08:24', '2026-01-31 21:08:24');
INSERT INTO `product_inventory` (`id`, `product_id`, `store_id`, `quantity_in_stock`, `minimum_quantity`, `last_count_date`, `last_counted_by`, `notes`, `created_at`, `updated_at`) VALUES (496, 117, 3, 0, 10, NULL, NULL, NULL, '2026-01-31 21:08:24', '2026-01-31 21:08:24');
INSERT INTO `product_inventory` (`id`, `product_id`, `store_id`, `quantity_in_stock`, `minimum_quantity`, `last_count_date`, `last_counted_by`, `notes`, `created_at`, `updated_at`) VALUES (497, 117, 4, 0, 10, NULL, NULL, NULL, '2026-01-31 21:08:24', '2026-01-31 21:08:24');
INSERT INTO `product_inventory` (`id`, `product_id`, `store_id`, `quantity_in_stock`, `minimum_quantity`, `last_count_date`, `last_counted_by`, `notes`, `created_at`, `updated_at`) VALUES (498, 118, 1, 0, 10, NULL, NULL, NULL, '2026-01-31 21:08:24', '2026-01-31 21:08:24');
INSERT INTO `product_inventory` (`id`, `product_id`, `store_id`, `quantity_in_stock`, `minimum_quantity`, `last_count_date`, `last_counted_by`, `notes`, `created_at`, `updated_at`) VALUES (499, 118, 2, 0, 10, NULL, NULL, NULL, '2026-01-31 21:08:24', '2026-01-31 21:08:24');
INSERT INTO `product_inventory` (`id`, `product_id`, `store_id`, `quantity_in_stock`, `minimum_quantity`, `last_count_date`, `last_counted_by`, `notes`, `created_at`, `updated_at`) VALUES (500, 118, 3, 0, 10, NULL, NULL, NULL, '2026-01-31 21:08:24', '2026-01-31 21:08:24');
INSERT INTO `product_inventory` (`id`, `product_id`, `store_id`, `quantity_in_stock`, `minimum_quantity`, `last_count_date`, `last_counted_by`, `notes`, `created_at`, `updated_at`) VALUES (501, 118, 4, 0, 10, NULL, NULL, NULL, '2026-01-31 21:08:24', '2026-01-31 21:08:24');
INSERT INTO `product_inventory` (`id`, `product_id`, `store_id`, `quantity_in_stock`, `minimum_quantity`, `last_count_date`, `last_counted_by`, `notes`, `created_at`, `updated_at`) VALUES (502, 119, 1, 0, 10, NULL, NULL, NULL, '2026-01-31 21:08:24', '2026-01-31 21:08:24');
INSERT INTO `product_inventory` (`id`, `product_id`, `store_id`, `quantity_in_stock`, `minimum_quantity`, `last_count_date`, `last_counted_by`, `notes`, `created_at`, `updated_at`) VALUES (503, 119, 2, 0, 10, NULL, NULL, NULL, '2026-01-31 21:08:24', '2026-01-31 21:08:24');
INSERT INTO `product_inventory` (`id`, `product_id`, `store_id`, `quantity_in_stock`, `minimum_quantity`, `last_count_date`, `last_counted_by`, `notes`, `created_at`, `updated_at`) VALUES (504, 119, 3, 0, 10, NULL, NULL, NULL, '2026-01-31 21:08:24', '2026-01-31 21:08:24');
INSERT INTO `product_inventory` (`id`, `product_id`, `store_id`, `quantity_in_stock`, `minimum_quantity`, `last_count_date`, `last_counted_by`, `notes`, `created_at`, `updated_at`) VALUES (505, 119, 4, 0, 10, NULL, NULL, NULL, '2026-01-31 21:08:24', '2026-01-31 21:08:24');
INSERT INTO `product_inventory` (`id`, `product_id`, `store_id`, `quantity_in_stock`, `minimum_quantity`, `last_count_date`, `last_counted_by`, `notes`, `created_at`, `updated_at`) VALUES (506, 120, 1, 0, 10, NULL, NULL, NULL, '2026-01-31 21:08:24', '2026-01-31 21:08:24');
INSERT INTO `product_inventory` (`id`, `product_id`, `store_id`, `quantity_in_stock`, `minimum_quantity`, `last_count_date`, `last_counted_by`, `notes`, `created_at`, `updated_at`) VALUES (507, 120, 2, 0, 10, NULL, NULL, NULL, '2026-01-31 21:08:24', '2026-01-31 21:08:24');
INSERT INTO `product_inventory` (`id`, `product_id`, `store_id`, `quantity_in_stock`, `minimum_quantity`, `last_count_date`, `last_counted_by`, `notes`, `created_at`, `updated_at`) VALUES (508, 120, 3, 0, 10, NULL, NULL, NULL, '2026-01-31 21:08:24', '2026-01-31 21:08:24');
INSERT INTO `product_inventory` (`id`, `product_id`, `store_id`, `quantity_in_stock`, `minimum_quantity`, `last_count_date`, `last_counted_by`, `notes`, `created_at`, `updated_at`) VALUES (509, 120, 4, 0, 10, NULL, NULL, NULL, '2026-01-31 21:08:24', '2026-01-31 21:08:24');
INSERT INTO `product_inventory` (`id`, `product_id`, `store_id`, `quantity_in_stock`, `minimum_quantity`, `last_count_date`, `last_counted_by`, `notes`, `created_at`, `updated_at`) VALUES (510, 121, 1, 0, 10, NULL, NULL, NULL, '2026-01-31 21:08:24', '2026-01-31 21:08:24');
INSERT INTO `product_inventory` (`id`, `product_id`, `store_id`, `quantity_in_stock`, `minimum_quantity`, `last_count_date`, `last_counted_by`, `notes`, `created_at`, `updated_at`) VALUES (511, 121, 2, 0, 10, NULL, NULL, NULL, '2026-01-31 21:08:24', '2026-01-31 21:08:24');
INSERT INTO `product_inventory` (`id`, `product_id`, `store_id`, `quantity_in_stock`, `minimum_quantity`, `last_count_date`, `last_counted_by`, `notes`, `created_at`, `updated_at`) VALUES (512, 121, 3, 0, 10, NULL, NULL, NULL, '2026-01-31 21:08:24', '2026-01-31 21:08:24');
INSERT INTO `product_inventory` (`id`, `product_id`, `store_id`, `quantity_in_stock`, `minimum_quantity`, `last_count_date`, `last_counted_by`, `notes`, `created_at`, `updated_at`) VALUES (513, 121, 4, 0, 10, NULL, NULL, NULL, '2026-01-31 21:08:24', '2026-01-31 21:08:24');
INSERT INTO `product_inventory` (`id`, `product_id`, `store_id`, `quantity_in_stock`, `minimum_quantity`, `last_count_date`, `last_counted_by`, `notes`, `created_at`, `updated_at`) VALUES (514, 122, 1, 0, 10, NULL, NULL, NULL, '2026-01-31 21:08:24', '2026-01-31 21:08:24');
INSERT INTO `product_inventory` (`id`, `product_id`, `store_id`, `quantity_in_stock`, `minimum_quantity`, `last_count_date`, `last_counted_by`, `notes`, `created_at`, `updated_at`) VALUES (515, 122, 2, 0, 10, NULL, NULL, NULL, '2026-01-31 21:08:24', '2026-01-31 21:08:24');
INSERT INTO `product_inventory` (`id`, `product_id`, `store_id`, `quantity_in_stock`, `minimum_quantity`, `last_count_date`, `last_counted_by`, `notes`, `created_at`, `updated_at`) VALUES (516, 122, 3, 0, 10, NULL, NULL, NULL, '2026-01-31 21:08:24', '2026-01-31 21:08:24');
INSERT INTO `product_inventory` (`id`, `product_id`, `store_id`, `quantity_in_stock`, `minimum_quantity`, `last_count_date`, `last_counted_by`, `notes`, `created_at`, `updated_at`) VALUES (517, 122, 4, 0, 10, NULL, NULL, NULL, '2026-01-31 21:08:24', '2026-01-31 21:08:24');
INSERT INTO `product_inventory` (`id`, `product_id`, `store_id`, `quantity_in_stock`, `minimum_quantity`, `last_count_date`, `last_counted_by`, `notes`, `created_at`, `updated_at`) VALUES (518, 123, 1, 0, 10, NULL, NULL, NULL, '2026-01-31 21:08:24', '2026-01-31 21:08:24');
INSERT INTO `product_inventory` (`id`, `product_id`, `store_id`, `quantity_in_stock`, `minimum_quantity`, `last_count_date`, `last_counted_by`, `notes`, `created_at`, `updated_at`) VALUES (519, 123, 2, 0, 10, NULL, NULL, NULL, '2026-01-31 21:08:24', '2026-01-31 21:08:24');
INSERT INTO `product_inventory` (`id`, `product_id`, `store_id`, `quantity_in_stock`, `minimum_quantity`, `last_count_date`, `last_counted_by`, `notes`, `created_at`, `updated_at`) VALUES (520, 123, 3, 0, 10, NULL, NULL, NULL, '2026-01-31 21:08:24', '2026-01-31 21:08:24');
INSERT INTO `product_inventory` (`id`, `product_id`, `store_id`, `quantity_in_stock`, `minimum_quantity`, `last_count_date`, `last_counted_by`, `notes`, `created_at`, `updated_at`) VALUES (521, 123, 4, 0, 10, NULL, NULL, NULL, '2026-01-31 21:08:24', '2026-01-31 21:08:24');
INSERT INTO `product_inventory` (`id`, `product_id`, `store_id`, `quantity_in_stock`, `minimum_quantity`, `last_count_date`, `last_counted_by`, `notes`, `created_at`, `updated_at`) VALUES (522, 124, 1, 0, 10, NULL, NULL, NULL, '2026-01-31 21:08:24', '2026-01-31 21:08:24');
INSERT INTO `product_inventory` (`id`, `product_id`, `store_id`, `quantity_in_stock`, `minimum_quantity`, `last_count_date`, `last_counted_by`, `notes`, `created_at`, `updated_at`) VALUES (523, 124, 2, 0, 10, NULL, NULL, NULL, '2026-01-31 21:08:24', '2026-01-31 21:08:24');
INSERT INTO `product_inventory` (`id`, `product_id`, `store_id`, `quantity_in_stock`, `minimum_quantity`, `last_count_date`, `last_counted_by`, `notes`, `created_at`, `updated_at`) VALUES (524, 124, 3, 0, 10, NULL, NULL, NULL, '2026-01-31 21:08:24', '2026-01-31 21:08:24');
INSERT INTO `product_inventory` (`id`, `product_id`, `store_id`, `quantity_in_stock`, `minimum_quantity`, `last_count_date`, `last_counted_by`, `notes`, `created_at`, `updated_at`) VALUES (525, 124, 4, 0, 10, NULL, NULL, NULL, '2026-01-31 21:08:24', '2026-01-31 21:08:24');
INSERT INTO `product_inventory` (`id`, `product_id`, `store_id`, `quantity_in_stock`, `minimum_quantity`, `last_count_date`, `last_counted_by`, `notes`, `created_at`, `updated_at`) VALUES (526, 125, 1, 0, 10, NULL, NULL, NULL, '2026-01-31 21:08:24', '2026-01-31 21:08:24');
INSERT INTO `product_inventory` (`id`, `product_id`, `store_id`, `quantity_in_stock`, `minimum_quantity`, `last_count_date`, `last_counted_by`, `notes`, `created_at`, `updated_at`) VALUES (527, 125, 2, 0, 10, NULL, NULL, NULL, '2026-01-31 21:08:24', '2026-01-31 21:08:24');
INSERT INTO `product_inventory` (`id`, `product_id`, `store_id`, `quantity_in_stock`, `minimum_quantity`, `last_count_date`, `last_counted_by`, `notes`, `created_at`, `updated_at`) VALUES (528, 125, 3, 0, 10, NULL, NULL, NULL, '2026-01-31 21:08:24', '2026-01-31 21:08:24');
INSERT INTO `product_inventory` (`id`, `product_id`, `store_id`, `quantity_in_stock`, `minimum_quantity`, `last_count_date`, `last_counted_by`, `notes`, `created_at`, `updated_at`) VALUES (529, 125, 4, 0, 10, NULL, NULL, NULL, '2026-01-31 21:08:24', '2026-01-31 21:08:24');
INSERT INTO `product_inventory` (`id`, `product_id`, `store_id`, `quantity_in_stock`, `minimum_quantity`, `last_count_date`, `last_counted_by`, `notes`, `created_at`, `updated_at`) VALUES (530, 126, 1, 0, 10, NULL, NULL, NULL, '2026-01-31 21:08:24', '2026-01-31 21:08:24');
INSERT INTO `product_inventory` (`id`, `product_id`, `store_id`, `quantity_in_stock`, `minimum_quantity`, `last_count_date`, `last_counted_by`, `notes`, `created_at`, `updated_at`) VALUES (531, 126, 2, 0, 10, NULL, NULL, NULL, '2026-01-31 21:08:24', '2026-01-31 21:08:24');
INSERT INTO `product_inventory` (`id`, `product_id`, `store_id`, `quantity_in_stock`, `minimum_quantity`, `last_count_date`, `last_counted_by`, `notes`, `created_at`, `updated_at`) VALUES (532, 126, 3, 0, 10, NULL, NULL, NULL, '2026-01-31 21:08:24', '2026-01-31 21:08:24');
INSERT INTO `product_inventory` (`id`, `product_id`, `store_id`, `quantity_in_stock`, `minimum_quantity`, `last_count_date`, `last_counted_by`, `notes`, `created_at`, `updated_at`) VALUES (533, 126, 4, 0, 10, NULL, NULL, NULL, '2026-01-31 21:08:24', '2026-01-31 21:08:24');
INSERT INTO `product_inventory` (`id`, `product_id`, `store_id`, `quantity_in_stock`, `minimum_quantity`, `last_count_date`, `last_counted_by`, `notes`, `created_at`, `updated_at`) VALUES (534, 127, 1, 0, 10, NULL, NULL, NULL, '2026-01-31 21:08:24', '2026-01-31 21:08:24');
INSERT INTO `product_inventory` (`id`, `product_id`, `store_id`, `quantity_in_stock`, `minimum_quantity`, `last_count_date`, `last_counted_by`, `notes`, `created_at`, `updated_at`) VALUES (535, 127, 2, 0, 10, NULL, NULL, NULL, '2026-01-31 21:08:24', '2026-01-31 21:08:24');
INSERT INTO `product_inventory` (`id`, `product_id`, `store_id`, `quantity_in_stock`, `minimum_quantity`, `last_count_date`, `last_counted_by`, `notes`, `created_at`, `updated_at`) VALUES (536, 127, 3, 0, 10, NULL, NULL, NULL, '2026-01-31 21:08:24', '2026-01-31 21:08:24');
INSERT INTO `product_inventory` (`id`, `product_id`, `store_id`, `quantity_in_stock`, `minimum_quantity`, `last_count_date`, `last_counted_by`, `notes`, `created_at`, `updated_at`) VALUES (537, 127, 4, 0, 10, NULL, NULL, NULL, '2026-01-31 21:08:24', '2026-01-31 21:08:24');
INSERT INTO `product_inventory` (`id`, `product_id`, `store_id`, `quantity_in_stock`, `minimum_quantity`, `last_count_date`, `last_counted_by`, `notes`, `created_at`, `updated_at`) VALUES (538, 128, 1, 0, 10, NULL, NULL, NULL, '2026-02-01 18:21:30', '2026-02-01 18:21:30');
INSERT INTO `product_inventory` (`id`, `product_id`, `store_id`, `quantity_in_stock`, `minimum_quantity`, `last_count_date`, `last_counted_by`, `notes`, `created_at`, `updated_at`) VALUES (539, 128, 2, -1, 10, NULL, NULL, NULL, '2026-02-01 18:21:30', '2026-02-05 08:47:39');
INSERT INTO `product_inventory` (`id`, `product_id`, `store_id`, `quantity_in_stock`, `minimum_quantity`, `last_count_date`, `last_counted_by`, `notes`, `created_at`, `updated_at`) VALUES (540, 128, 3, 0, 10, NULL, NULL, NULL, '2026-02-01 18:21:30', '2026-02-01 18:21:30');
INSERT INTO `product_inventory` (`id`, `product_id`, `store_id`, `quantity_in_stock`, `minimum_quantity`, `last_count_date`, `last_counted_by`, `notes`, `created_at`, `updated_at`) VALUES (541, 128, 4, 0, 10, NULL, NULL, NULL, '2026-02-01 18:21:30', '2026-02-01 18:21:30');
INSERT INTO `product_inventory` (`id`, `product_id`, `store_id`, `quantity_in_stock`, `minimum_quantity`, `last_count_date`, `last_counted_by`, `notes`, `created_at`, `updated_at`) VALUES (542, 130, 1, 0, 10, NULL, NULL, NULL, '2026-02-01 19:11:48', '2026-02-01 19:11:48');
INSERT INTO `product_inventory` (`id`, `product_id`, `store_id`, `quantity_in_stock`, `minimum_quantity`, `last_count_date`, `last_counted_by`, `notes`, `created_at`, `updated_at`) VALUES (543, 130, 2, 0, 10, NULL, NULL, NULL, '2026-02-01 19:11:48', '2026-02-01 19:11:48');
INSERT INTO `product_inventory` (`id`, `product_id`, `store_id`, `quantity_in_stock`, `minimum_quantity`, `last_count_date`, `last_counted_by`, `notes`, `created_at`, `updated_at`) VALUES (544, 130, 3, 0, 10, NULL, NULL, NULL, '2026-02-01 19:11:48', '2026-02-01 19:11:48');
INSERT INTO `product_inventory` (`id`, `product_id`, `store_id`, `quantity_in_stock`, `minimum_quantity`, `last_count_date`, `last_counted_by`, `notes`, `created_at`, `updated_at`) VALUES (545, 130, 4, 0, 10, NULL, NULL, NULL, '2026-02-01 19:11:48', '2026-02-01 19:11:48');

-- Structure for products
DROP TABLE IF EXISTS `products`;
CREATE TABLE `products` (
  `id` int NOT NULL AUTO_INCREMENT,
  `product_code` varchar(50) COLLATE utf8mb4_unicode_ci NOT NULL,
  `product_name` varchar(150) COLLATE utf8mb4_unicode_ci NOT NULL,
  `category_id` int NOT NULL,
  `buy_price` decimal(10,2) NOT NULL,
  `sell_price` decimal(10,2) NOT NULL,
  `profit_margin` decimal(5,2) DEFAULT NULL,
  `unit` varchar(20) COLLATE utf8mb4_unicode_ci DEFAULT 'piece',
  `barcode` varchar(50) COLLATE utf8mb4_unicode_ci DEFAULT NULL,
  `description` text COLLATE utf8mb4_unicode_ci,
  `image_path` varchar(255) COLLATE utf8mb4_unicode_ci DEFAULT NULL,
  `is_active` tinyint(1) DEFAULT '1',
  `created_at` timestamp NULL DEFAULT CURRENT_TIMESTAMP,
  `updated_at` timestamp NULL DEFAULT CURRENT_TIMESTAMP ON UPDATE CURRENT_TIMESTAMP,
  PRIMARY KEY (`id`),
  UNIQUE KEY `product_code` (`product_code`),
  UNIQUE KEY `barcode` (`barcode`),
  KEY `category_id` (`category_id`),
  KEY `idx_product_code` (`product_code`),
  KEY `idx_barcode` (`barcode`),
  CONSTRAINT `products_ibfk_1` FOREIGN KEY (`category_id`) REFERENCES `categories` (`id`)
) ENGINE=InnoDB AUTO_INCREMENT=131 DEFAULT CHARSET=utf8mb4 COLLATE=utf8mb4_unicode_ci;

-- Data for products
INSERT INTO `products` (`id`, `product_code`, `product_name`, `category_id`, `buy_price`, `sell_price`, `profit_margin`, `unit`, `barcode`, `description`, `image_path`, `is_active`, `created_at`, `updated_at`) VALUES (1, 'G001', 'أرز مصري 1 كجم', 1, '25.00', '32.00', NULL, 'كجم', NULL, NULL, NULL, 1, '2026-01-21 13:22:02', '2026-01-21 13:22:02');
INSERT INTO `products` (`id`, `product_code`, `product_name`, `category_id`, `buy_price`, `sell_price`, `profit_margin`, `unit`, `barcode`, `description`, `image_path`, `is_active`, `created_at`, `updated_at`) VALUES (2, 'G002', 'سكر ناعم 1 كجم', 1, '22.00', '28.00', NULL, 'كجم', NULL, NULL, NULL, 1, '2026-01-21 13:22:02', '2026-01-21 13:22:02');
INSERT INTO `products` (`id`, `product_code`, `product_name`, `category_id`, `buy_price`, `sell_price`, `profit_margin`, `unit`, `barcode`, `description`, `image_path`, `is_active`, `created_at`, `updated_at`) VALUES (3, 'G003', 'مكرونة الملكة 400 جم', 1, '8.50', '11.00', NULL, 'قطعة', NULL, NULL, NULL, 1, '2026-01-21 13:22:02', '2026-01-21 13:22:02');
INSERT INTO `products` (`id`, `product_code`, `product_name`, `category_id`, `buy_price`, `sell_price`, `profit_margin`, `unit`, `barcode`, `description`, `image_path`, `is_active`, `created_at`, `updated_at`) VALUES (4, 'G004', 'زيت خليط 1 لتر', 1, '55.00', '68.00', NULL, 'لتر', NULL, NULL, NULL, 1, '2026-01-21 13:22:02', '2026-01-21 13:22:02');
INSERT INTO `products` (`id`, `product_code`, `product_name`, `category_id`, `buy_price`, `sell_price`, `profit_margin`, `unit`, `barcode`, `description`, `image_path`, `is_active`, `created_at`, `updated_at`) VALUES (5, 'G005', 'سمن كريستال 700 جم', 1, '45.00', '58.00', NULL, 'علبة', NULL, NULL, NULL, 1, '2026-01-21 13:22:02', '2026-01-21 13:22:02');
INSERT INTO `products` (`id`, `product_code`, `product_name`, `category_id`, `buy_price`, `sell_price`, `profit_margin`, `unit`, `barcode`, `description`, `image_path`, `is_active`, `created_at`, `updated_at`) VALUES (6, 'G006', 'عدس أصفر 500 جم', 1, '18.00', '24.00', NULL, 'قطعة', NULL, NULL, NULL, 1, '2026-01-21 13:22:02', '2026-01-21 13:22:02');
INSERT INTO `products` (`id`, `product_code`, `product_name`, `category_id`, `buy_price`, `sell_price`, `profit_margin`, `unit`, `barcode`, `description`, `image_path`, `is_active`, `created_at`, `updated_at`) VALUES (7, 'G007', 'دقيق المطبخ 1 كجم', 1, '16.00', '22.00', NULL, 'كجم', NULL, NULL, NULL, 1, '2026-01-21 13:22:02', '2026-01-21 13:22:02');
INSERT INTO `products` (`id`, `product_code`, `product_name`, `category_id`, `buy_price`, `sell_price`, `profit_margin`, `unit`, `barcode`, `description`, `image_path`, `is_active`, `created_at`, `updated_at`) VALUES (8, 'G008', 'شاي لبتون خرز 250 جم', 1, '42.00', '52.00', NULL, 'علبة', NULL, NULL, NULL, 1, '2026-01-21 13:22:02', '2026-01-21 13:22:02');
INSERT INTO `products` (`id`, `product_code`, `product_name`, `category_id`, `buy_price`, `sell_price`, `profit_margin`, `unit`, `barcode`, `description`, `image_path`, `is_active`, `created_at`, `updated_at`) VALUES (9, 'B001', 'بيبسي 2.5 لتر', 2, '24.00', '30.00', NULL, 'زجاجة', NULL, NULL, NULL, 1, '2026-01-21 13:22:02', '2026-01-21 13:22:02');
INSERT INTO `products` (`id`, `product_code`, `product_name`, `category_id`, `buy_price`, `sell_price`, `profit_margin`, `unit`, `barcode`, `description`, `image_path`, `is_active`, `created_at`, `updated_at`) VALUES (10, 'B002', 'مياه معدنية 1.5 لتر', 2, '5.00', '7.00', NULL, 'زجاجة', NULL, NULL, NULL, 1, '2026-01-21 13:22:02', '2026-01-21 13:22:02');
INSERT INTO `products` (`id`, `product_code`, `product_name`, `category_id`, `buy_price`, `sell_price`, `profit_margin`, `unit`, `barcode`, `description`, `image_path`, `is_active`, `created_at`, `updated_at`) VALUES (11, 'B003', 'عصير جهينة 1 لتر', 2, '18.00', '24.00', NULL, 'علبة', NULL, NULL, NULL, 1, '2026-01-21 13:22:02', '2026-01-21 13:22:02');
INSERT INTO `products` (`id`, `product_code`, `product_name`, `category_id`, `buy_price`, `sell_price`, `profit_margin`, `unit`, `barcode`, `description`, `image_path`, `is_active`, `created_at`, `updated_at`) VALUES (12, 'B004', 'نيسكافيه 3 في 1', 2, '4.50', '6.00', NULL, 'كيس', NULL, NULL, NULL, 1, '2026-01-21 13:22:02', '2026-01-21 13:22:02');
INSERT INTO `products` (`id`, `product_code`, `product_name`, `category_id`, `buy_price`, `sell_price`, `profit_margin`, `unit`, `barcode`, `description`, `image_path`, `is_active`, `created_at`, `updated_at`) VALUES (13, 'B005', 'لبن جهينة كامل الدسم 1 لتر', 2, '32.00', '40.00', NULL, 'علبة', NULL, NULL, NULL, 1, '2026-01-21 13:22:02', '2026-01-21 13:22:02');
INSERT INTO `products` (`id`, `product_code`, `product_name`, `category_id`, `buy_price`, `sell_price`, `profit_margin`, `unit`, `barcode`, `description`, `image_path`, `is_active`, `created_at`, `updated_at`) VALUES (14, 'B006', 'شويبس رمان 1 لتر', 2, '14.00', '18.00', NULL, 'زجاجة', NULL, NULL, NULL, 1, '2026-01-21 13:22:02', '2026-01-21 13:22:02');
INSERT INTO `products` (`id`, `product_code`, `product_name`, `category_id`, `buy_price`, `sell_price`, `profit_margin`, `unit`, `barcode`, `description`, `image_path`, `is_active`, `created_at`, `updated_at`) VALUES (15, 'P001', 'شامبو هيد آند شودلرز 400 مل', 3, '65.00', '85.00', NULL, 'عبوة', NULL, NULL, NULL, 1, '2026-01-21 13:22:02', '2026-01-21 13:22:02');
INSERT INTO `products` (`id`, `product_code`, `product_name`, `category_id`, `buy_price`, `sell_price`, `profit_margin`, `unit`, `barcode`, `description`, `image_path`, `is_active`, `created_at`, `updated_at`) VALUES (16, 'P002', 'صابون دوف 125 جم', 3, '22.00', '30.00', NULL, 'قطعة', NULL, NULL, NULL, 1, '2026-01-21 13:22:02', '2026-01-21 13:22:02');
INSERT INTO `products` (`id`, `product_code`, `product_name`, `category_id`, `buy_price`, `sell_price`, `profit_margin`, `unit`, `barcode`, `description`, `image_path`, `is_active`, `created_at`, `updated_at`) VALUES (17, 'P003', 'معجون أسنان سيجنال 75 مل', 3, '25.00', '35.00', NULL, 'علبة', NULL, NULL, NULL, 1, '2026-01-21 13:22:02', '2026-01-21 13:22:02');
INSERT INTO `products` (`id`, `product_code`, `product_name`, `category_id`, `buy_price`, `sell_price`, `profit_margin`, `unit`, `barcode`, `description`, `image_path`, `is_active`, `created_at`, `updated_at`) VALUES (18, 'P004', 'جل شعر هير كود 150 مل', 3, '18.00', '25.00', NULL, 'عبوة', NULL, NULL, NULL, 1, '2026-01-21 13:22:02', '2026-01-21 13:22:02');
INSERT INTO `products` (`id`, `product_code`, `product_name`, `category_id`, `buy_price`, `sell_price`, `profit_margin`, `unit`, `barcode`, `description`, `image_path`, `is_active`, `created_at`, `updated_at`) VALUES (19, 'P005', 'مزيل عرق آكس 150 مل', 3, '55.00', '75.00', NULL, 'عبوة', NULL, NULL, NULL, 1, '2026-01-21 13:22:02', '2026-01-21 13:22:02');
INSERT INTO `products` (`id`, `product_code`, `product_name`, `category_id`, `buy_price`, `sell_price`, `profit_margin`, `unit`, `barcode`, `description`, `image_path`, `is_active`, `created_at`, `updated_at`) VALUES (20, 'D001', 'مسحوق أريال يدوي 500 جم', 4, '35.00', '48.00', NULL, 'كيس', NULL, NULL, NULL, 1, '2026-01-21 13:22:02', '2026-01-21 13:22:02');
INSERT INTO `products` (`id`, `product_code`, `product_name`, `category_id`, `buy_price`, `sell_price`, `profit_margin`, `unit`, `barcode`, `description`, `image_path`, `is_active`, `created_at`, `updated_at`) VALUES (21, 'D002', 'بريل منظف أطباق 1 لتر', 4, '28.00', '38.00', NULL, 'زجاجة', NULL, NULL, NULL, 1, '2026-01-21 13:22:02', '2026-01-21 13:22:02');
INSERT INTO `products` (`id`, `product_code`, `product_name`, `category_id`, `buy_price`, `sell_price`, `profit_margin`, `unit`, `barcode`, `description`, `image_path`, `is_active`, `created_at`, `updated_at`) VALUES (22, 'D003', 'كلوركس أبيض 1 لتر', 4, '12.00', '18.00', NULL, 'زجاجة', NULL, NULL, NULL, 1, '2026-01-21 13:22:02', '2026-01-21 13:22:02');
INSERT INTO `products` (`id`, `product_code`, `product_name`, `category_id`, `buy_price`, `sell_price`, `profit_margin`, `unit`, `barcode`, `description`, `image_path`, `is_active`, `created_at`, `updated_at`) VALUES (23, 'D004', 'داوني منعم ملابس 1 لتر', 4, '40.00', '55.00', NULL, 'زجاجة', NULL, NULL, NULL, 1, '2026-01-21 13:22:02', '2026-01-21 13:22:02');
INSERT INTO `products` (`id`, `product_code`, `product_name`, `category_id`, `buy_price`, `sell_price`, `profit_margin`, `unit`, `barcode`, `description`, `image_path`, `is_active`, `created_at`, `updated_at`) VALUES (24, 'D005', 'فلاش ملمع سيراميك', 4, '15.00', '22.00', NULL, 'زجاجة', NULL, NULL, NULL, 1, '2026-01-21 13:22:02', '2026-01-21 13:22:02');
INSERT INTO `products` (`id`, `product_code`, `product_name`, `category_id`, `buy_price`, `sell_price`, `profit_margin`, `unit`, `barcode`, `description`, `image_path`, `is_active`, `created_at`, `updated_at`) VALUES (25, 'S001', 'شيبسي عائلي', 5, '8.00', '10.00', NULL, 'كيس', NULL, NULL, NULL, 1, '2026-01-21 13:22:02', '2026-01-21 13:22:02');
INSERT INTO `products` (`id`, `product_code`, `product_name`, `category_id`, `buy_price`, `sell_price`, `profit_margin`, `unit`, `barcode`, `description`, `image_path`, `is_active`, `created_at`, `updated_at`) VALUES (26, 'S002', 'بسكويت أولكر بالتمر', 5, '4.00', '5.00', NULL, 'قطعة', NULL, NULL, NULL, 1, '2026-01-21 13:22:02', '2026-01-21 13:22:02');
INSERT INTO `products` (`id`, `product_code`, `product_name`, `category_id`, `buy_price`, `sell_price`, `profit_margin`, `unit`, `barcode`, `description`, `image_path`, `is_active`, `created_at`, `updated_at`) VALUES (27, 'S003', 'شوكولاتة جلاكسي سادة', 5, '18.00', '25.00', NULL, 'قطعة', NULL, NULL, NULL, 1, '2026-01-21 13:22:02', '2026-01-21 13:22:02');
INSERT INTO `products` (`id`, `product_code`, `product_name`, `category_id`, `buy_price`, `sell_price`, `profit_margin`, `unit`, `barcode`, `description`, `image_path`, `is_active`, `created_at`, `updated_at`) VALUES (28, 'S004', 'شيمبوزي 500 جم', 5, '12.00', '15.00', NULL, 'كيس', NULL, NULL, NULL, 1, '2026-01-21 13:22:02', '2026-01-21 13:22:02');
INSERT INTO `products` (`id`, `product_code`, `product_name`, `category_id`, `buy_price`, `sell_price`, `profit_margin`, `unit`, `barcode`, `description`, `image_path`, `is_active`, `created_at`, `updated_at`) VALUES (29, 'S005', 'كرانشي فلفل وحلو', 5, '4.50', '6.00', NULL, 'كيس', NULL, NULL, NULL, 1, '2026-01-21 13:22:02', '2026-01-21 13:22:02');
INSERT INTO `products` (`id`, `product_code`, `product_name`, `category_id`, `buy_price`, `sell_price`, `profit_margin`, `unit`, `barcode`, `description`, `image_path`, `is_active`, `created_at`, `updated_at`) VALUES (30, 'E001', 'وصلة شاحن Type-C', 9, '25.00', '45.00', NULL, 'قطعة', NULL, NULL, NULL, 1, '2026-01-21 13:22:02', '2026-01-21 13:22:02');
INSERT INTO `products` (`id`, `product_code`, `product_name`, `category_id`, `buy_price`, `sell_price`, `profit_margin`, `unit`, `barcode`, `description`, `image_path`, `is_active`, `created_at`, `updated_at`) VALUES (31, 'E002', 'سماعة أذن سلكية', 9, '35.00', '65.00', NULL, 'قطعة', NULL, NULL, NULL, 1, '2026-01-21 13:22:02', '2026-01-21 13:22:02');
INSERT INTO `products` (`id`, `product_code`, `product_name`, `category_id`, `buy_price`, `sell_price`, `profit_margin`, `unit`, `barcode`, `description`, `image_path`, `is_active`, `created_at`, `updated_at`) VALUES (32, 'E003', 'بطارية ريموت (جوز)', 9, '10.00', '15.00', NULL, 'جوز', NULL, NULL, NULL, 1, '2026-01-21 13:22:02', '2026-01-21 13:22:02');
INSERT INTO `products` (`id`, `product_code`, `product_name`, `category_id`, `buy_price`, `sell_price`, `profit_margin`, `unit`, `barcode`, `description`, `image_path`, `is_active`, `created_at`, `updated_at`) VALUES (33, 'V001', 'طماطم فريش (كجم)', 10, '12.00', '18.00', NULL, 'كجم', NULL, NULL, NULL, 1, '2026-01-21 13:22:02', '2026-01-21 13:22:02');
INSERT INTO `products` (`id`, `product_code`, `product_name`, `category_id`, `buy_price`, `sell_price`, `profit_margin`, `unit`, `barcode`, `description`, `image_path`, `is_active`, `created_at`, `updated_at`) VALUES (34, 'V002', 'بطاطس تحمير (كجم)', 10, '15.00', '22.00', NULL, 'كجم', NULL, NULL, NULL, 1, '2026-01-21 13:22:02', '2026-01-21 13:22:02');
INSERT INTO `products` (`id`, `product_code`, `product_name`, `category_id`, `buy_price`, `sell_price`, `profit_margin`, `unit`, `barcode`, `description`, `image_path`, `is_active`, `created_at`, `updated_at`) VALUES (35, 'V003', 'بصل أحمر (كجم)', 10, '18.00', '25.00', NULL, 'كجم', NULL, NULL, NULL, 1, '2026-01-21 13:22:02', '2026-01-21 13:22:02');
INSERT INTO `products` (`id`, `product_code`, `product_name`, `category_id`, `buy_price`, `sell_price`, `profit_margin`, `unit`, `barcode`, `description`, `image_path`, `is_active`, `created_at`, `updated_at`) VALUES (36, 'V004', 'موز بلدي (كجم)', 10, '15.00', '20.00', NULL, 'كجم', NULL, NULL, NULL, 1, '2026-01-21 13:22:02', '2026-01-21 13:22:02');
INSERT INTO `products` (`id`, `product_code`, `product_name`, `category_id`, `buy_price`, `sell_price`, `profit_margin`, `unit`, `barcode`, `description`, `image_path`, `is_active`, `created_at`, `updated_at`) VALUES (37, 'TEST_FIX_001', 'Test Fix Product', 1, '10.00', '15.00', NULL, 'unit', NULL, NULL, NULL, 1, '2026-01-31 21:06:59', '2026-01-31 21:06:59');
INSERT INTO `products` (`id`, `product_code`, `product_name`, `category_id`, `buy_price`, `sell_price`, `profit_margin`, `unit`, `barcode`, `description`, `image_path`, `is_active`, `created_at`, `updated_at`) VALUES (38, '6281100590439', 'رينادا مبيض كلور سائل 3.78لتر', 1, '18.45', '20.45', NULL, 'قطعة', NULL, NULL, NULL, 1, '2026-01-31 21:08:23', '2026-01-31 21:08:23');
INSERT INTO `products` (`id`, `product_code`, `product_name`, `category_id`, `buy_price`, `sell_price`, `profit_margin`, `unit`, `barcode`, `description`, `image_path`, `is_active`, `created_at`, `updated_at`) VALUES (39, '6295120047798', 'هاربيك منظف المرحاض قالب حافة المرحاض أكتيڤ فريش برائحة أمواج البحر ، 35 جم  (3)', 1, '18.95', '20.95', NULL, 'علبة', NULL, NULL, NULL, 1, '2026-01-31 21:08:23', '2026-01-31 21:08:23');
INSERT INTO `products` (`id`, `product_code`, `product_name`, `category_id`, `buy_price`, `sell_price`, `profit_margin`, `unit`, `barcode`, `description`, `image_path`, `is_active`, `created_at`, `updated_at`) VALUES (40, '8697422822741', 'سمارت فرشاة تنظيف الأحذية', 1, '7.25', '9.25', NULL, 'علبة', NULL, NULL, NULL, 1, '2026-01-31 21:08:23', '2026-01-31 21:08:23');
INSERT INTO `products` (`id`, `product_code`, `product_name`, `category_id`, `buy_price`, `sell_price`, `profit_margin`, `unit`, `barcode`, `description`, `image_path`, `is_active`, `created_at`, `updated_at`) VALUES (41, '6281101531769', 'مشوار ماكسي رول مناديل 500م', 1, '35.95', '37.95', NULL, 'علبة', NULL, NULL, NULL, 1, '2026-01-31 21:08:23', '2026-01-31 21:08:23');
INSERT INTO `products` (`id`, `product_code`, `product_name`, `category_id`, `buy_price`, `sell_price`, `profit_margin`, `unit`, `barcode`, `description`, `image_path`, `is_active`, `created_at`, `updated_at`) VALUES (42, '6281015005141', 'موج اكياس حفظ الطعام - 25 حبة', 1, '5.45', '7.45', NULL, 'علبة', NULL, NULL, NULL, 1, '2026-01-31 21:08:23', '2026-01-31 21:08:23');
INSERT INTO `products` (`id`, `product_code`, `product_name`, `category_id`, `buy_price`, `sell_price`, `profit_margin`, `unit`, `barcode`, `description`, `image_path`, `is_active`, `created_at`, `updated_at`) VALUES (43, '6281065007089', 'كلوركس منظف متعدد الاستعمالات 750 مل', 1, '21.95', '23.95', NULL, 'علبة', NULL, NULL, NULL, 1, '2026-01-31 21:08:23', '2026-01-31 21:08:23');
INSERT INTO `products` (`id`, `product_code`, `product_name`, `category_id`, `buy_price`, `sell_price`, `profit_margin`, `unit`, `barcode`, `description`, `image_path`, `is_active`, `created_at`, `updated_at`) VALUES (44, '5000146059790', 'ديتول باور منظف الحمامات لإزالة 100٪ من عفن الصابون (يقتل 99.9٪ من الجراثيم) ، زجاجة بزناد لإطلاق الرذاذ - 500 ملل', 1, '31.95', '33.95', NULL, 'علبة', NULL, NULL, NULL, 1, '2026-01-31 21:08:23', '2026-01-31 21:08:23');
INSERT INTO `products` (`id`, `product_code`, `product_name`, `category_id`, `buy_price`, `sell_price`, `profit_margin`, `unit`, `barcode`, `description`, `image_path`, `is_active`, `created_at`, `updated_at`) VALUES (45, '4023103129030', 'فيلدا فرشاة للمراحيض', 1, '37.00', '39.00', NULL, 'علبة', NULL, NULL, NULL, 1, '2026-01-31 21:08:23', '2026-01-31 21:08:23');
INSERT INTO `products` (`id`, `product_code`, `product_name`, `category_id`, `buy_price`, `sell_price`, `profit_margin`, `unit`, `barcode`, `description`, `image_path`, `is_active`, `created_at`, `updated_at`) VALUES (46, '6295120046807', 'مناديل ديتول المبللة بعطر الرمان المضادة للبكتريا  لتنظيف الأسطح المتعددة بغطاء قابل لإعادة الإغلاق ، عبوة تحتوي على 80 منديل كبير', 1, '69.95', '71.95', NULL, 'علبة', NULL, NULL, NULL, 1, '2026-01-31 21:08:23', '2026-01-31 21:08:23');
INSERT INTO `products` (`id`, `product_code`, `product_name`, `category_id`, `buy_price`, `sell_price`, `profit_margin`, `unit`, `barcode`, `description`, `image_path`, `is_active`, `created_at`, `updated_at`) VALUES (47, '6281006141148', 'سائل غسيل الصحون من لوكس، أطباق نظيفة ولامعة، بالليمون، قوي على الدهون، لطيف على اليدين، 750 مل', 1, '12.45', '14.45', NULL, 'علبة', NULL, NULL, NULL, 1, '2026-01-31 21:08:23', '2026-01-31 21:08:23');
INSERT INTO `products` (`id`, `product_code`, `product_name`, `category_id`, `buy_price`, `sell_price`, `profit_margin`, `unit`, `barcode`, `description`, `image_path`, `is_active`, `created_at`, `updated_at`) VALUES (48, '6281006141656', 'جهاز قياس رقمي الحموضة للسوائل', 1, '73.00', '75.00', NULL, 'علبة', NULL, NULL, NULL, 1, '2026-01-31 21:08:23', '2026-01-31 21:08:23');
INSERT INTO `products` (`id`, `product_code`, `product_name`, `category_id`, `buy_price`, `sell_price`, `profit_margin`, `unit`, `barcode`, `description`, `image_path`, `is_active`, `created_at`, `updated_at`) VALUES (49, '6281017840399', 'كارفور مناديل وجه 180 منديل × 10', 1, '21.95', '23.95', NULL, 'علبة', NULL, NULL, NULL, 1, '2026-01-31 21:08:23', '2026-01-31 21:08:23');
INSERT INTO `products` (`id`, `product_code`, `product_name`, `category_id`, `buy_price`, `sell_price`, `profit_margin`, `unit`, `barcode`, `description`, `image_path`, `is_active`, `created_at`, `updated_at`) VALUES (50, '6295120005835', 'إير ويك فريشماتيك رشاش بخاخ أتوماتيكي عبوة إعادة تعبئة ، الورد ، 250 مل', 1, '55.95', '57.95', NULL, 'علبة', NULL, NULL, NULL, 1, '2026-01-31 21:08:23', '2026-01-31 21:08:23');
INSERT INTO `products` (`id`, `product_code`, `product_name`, `category_id`, `buy_price`, `sell_price`, `profit_margin`, `unit`, `barcode`, `description`, `image_path`, `is_active`, `created_at`, `updated_at`) VALUES (51, '4003790023538', 'فيليدا إسفنجة غسيل صحون 3 حبات', 1, '8.95', '10.95', NULL, 'علبة', NULL, NULL, NULL, 1, '2026-01-31 21:08:23', '2026-01-31 21:08:23');
INSERT INTO `products` (`id`, `product_code`, `product_name`, `category_id`, `buy_price`, `sell_price`, `profit_margin`, `unit`, `barcode`, `description`, `image_path`, `is_active`, `created_at`, `updated_at`) VALUES (52, '6251001213010', 'فاين مناديل جيب', 1, '0.50', '0.85', NULL, 'علبة', NULL, NULL, NULL, 1, '2026-01-31 21:08:23', '2026-01-31 21:08:23');
INSERT INTO `products` (`id`, `product_code`, `product_name`, `category_id`, `buy_price`, `sell_price`, `profit_margin`, `unit`, `barcode`, `description`, `image_path`, `is_active`, `created_at`, `updated_at`) VALUES (53, '6271002113218', 'كي دي دي حليب طويل الأجل 180مل', 1, '1.00', '1.50', NULL, 'علبة', NULL, NULL, NULL, 1, '2026-01-31 21:08:23', '2026-01-31 21:08:23');
INSERT INTO `products` (`id`, `product_code`, `product_name`, `category_id`, `buy_price`, `sell_price`, `profit_margin`, `unit`, `barcode`, `description`, `image_path`, `is_active`, `created_at`, `updated_at`) VALUES (54, '2140011000007', 'زيتون أسود منزوع النواة', 1, '8.49', '10.49', NULL, 'علبة', NULL, NULL, NULL, 1, '2026-01-31 21:08:23', '2026-01-31 21:08:23');
INSERT INTO `products` (`id`, `product_code`, `product_name`, `category_id`, `buy_price`, `sell_price`, `profit_margin`, `unit`, `barcode`, `description`, `image_path`, `is_active`, `created_at`, `updated_at`) VALUES (55, '6281073160103', 'السنبلة جبنة موزاريلا مبشورة  1 كجم', 1, '48.95', '50.95', NULL, 'علبة', NULL, NULL, NULL, 1, '2026-01-31 21:08:23', '2026-01-31 21:08:23');
INSERT INTO `products` (`id`, `product_code`, `product_name`, `category_id`, `buy_price`, `sell_price`, `profit_margin`, `unit`, `barcode`, `description`, `image_path`, `is_active`, `created_at`, `updated_at`) VALUES (56, '6281057002658', 'نادك حليب طازج كامل الدسم 800 مل', 1, '3.00', '5.00', NULL, 'علبة', NULL, NULL, NULL, 1, '2026-01-31 21:08:23', '2026-01-31 21:08:23');
INSERT INTO `products` (`id`, `product_code`, `product_name`, `category_id`, `buy_price`, `sell_price`, `profit_margin`, `unit`, `barcode`, `description`, `image_path`, `is_active`, `created_at`, `updated_at`) VALUES (57, '9009301000352', 'بوك جبنة شرائح قليلة الدسم  - 200 جرام', 1, '9.45', '11.45', NULL, 'علبة', NULL, NULL, NULL, 1, '2026-01-31 21:08:23', '2026-01-31 21:08:23');
INSERT INTO `products` (`id`, `product_code`, `product_name`, `category_id`, `buy_price`, `sell_price`, `profit_margin`, `unit`, `barcode`, `description`, `image_path`, `is_active`, `created_at`, `updated_at`) VALUES (58, '9009301000654', 'دانيت حلوى الفانيليا 75جرام مع كرات الشوكولاتة ×2', 1, '3.20', '5.20', NULL, 'علبة', NULL, NULL, NULL, 1, '2026-01-31 21:08:23', '2026-01-31 21:08:23');
INSERT INTO `products` (`id`, `product_code`, `product_name`, `category_id`, `buy_price`, `sell_price`, `profit_margin`, `unit`, `barcode`, `description`, `image_path`, `is_active`, `created_at`, `updated_at`) VALUES (59, '2149810000003', 'مكدوس أردني (للكيلو)', 1, '10.49', '12.49', NULL, 'علبة', NULL, NULL, NULL, 1, '2026-01-31 21:08:23', '2026-01-31 21:08:23');
INSERT INTO `products` (`id`, `product_code`, `product_name`, `category_id`, `buy_price`, `sell_price`, `profit_margin`, `unit`, `barcode`, `description`, `image_path`, `is_active`, `created_at`, `updated_at`) VALUES (60, '6281022115741', 'الصافي لبن بنكهة المانجو 340 مل', 1, '1.00', '3.00', NULL, 'علبة', NULL, NULL, NULL, 1, '2026-01-31 21:08:23', '2026-01-31 21:08:23');
INSERT INTO `products` (`id`, `product_code`, `product_name`, `category_id`, `buy_price`, `sell_price`, `profit_margin`, `unit`, `barcode`, `description`, `image_path`, `is_active`, `created_at`, `updated_at`) VALUES (61, '2140570000005', 'جبنة إيمنتال الفرنسية', 1, '19.99', '21.99', NULL, 'علبة', NULL, NULL, NULL, 1, '2026-01-31 21:08:23', '2026-01-31 21:08:23');
INSERT INTO `products` (`id`, `product_code`, `product_name`, `category_id`, `buy_price`, `sell_price`, `profit_margin`, `unit`, `barcode`, `description`, `image_path`, `is_active`, `created_at`, `updated_at`) VALUES (62, '6281007036146', 'المراعي شرائح جبنة 200جرام × 3 + 1 مجاناً', 1, '27.95', '29.95', NULL, 'علبة', NULL, NULL, NULL, 1, '2026-01-31 21:08:23', '2026-01-31 21:08:23');
INSERT INTO `products` (`id`, `product_code`, `product_name`, `category_id`, `buy_price`, `sell_price`, `profit_margin`, `unit`, `barcode`, `description`, `image_path`, `is_active`, `created_at`, `updated_at`) VALUES (63, '6281102721732', 'إنتاج أجنحة دجاج طازج 450 جرام', 1, '4.50', '6.50', NULL, 'علبة', NULL, NULL, NULL, 1, '2026-01-31 21:08:23', '2026-01-31 21:08:23');
INSERT INTO `products` (`id`, `product_code`, `product_name`, `category_id`, `buy_price`, `sell_price`, `profit_margin`, `unit`, `barcode`, `description`, `image_path`, `is_active`, `created_at`, `updated_at`) VALUES (64, '2123007000007', 'مفصل لحم العجل طازج', 1, '39.48', '41.48', NULL, 'علبة', NULL, NULL, NULL, 1, '2026-01-31 21:08:23', '2026-01-31 21:08:23');
INSERT INTO `products` (`id`, `product_code`, `product_name`, `category_id`, `buy_price`, `sell_price`, `profit_margin`, `unit`, `barcode`, `description`, `image_path`, `is_active`, `created_at`, `updated_at`) VALUES (65, '6281018130383', 'ندى زبادي يوناني 160 جرام', 1, '3.70', '5.70', NULL, 'علبة', NULL, NULL, NULL, 1, '2026-01-31 21:08:23', '2026-01-31 21:08:23');
INSERT INTO `products` (`id`, `product_code`, `product_name`, `category_id`, `buy_price`, `sell_price`, `profit_margin`, `unit`, `barcode`, `description`, `image_path`, `is_active`, `created_at`, `updated_at`) VALUES (66, '2000006531759', 'مخلل فلفل هلابينو', 1, '4.86', '6.86', NULL, 'علبة', NULL, NULL, NULL, 1, '2026-01-31 21:08:23', '2026-01-31 21:08:23');
INSERT INTO `products` (`id`, `product_code`, `product_name`, `category_id`, `buy_price`, `sell_price`, `profit_margin`, `unit`, `barcode`, `description`, `image_path`, `is_active`, `created_at`, `updated_at`) VALUES (67, '8692971482644', 'برايد كريمة الطبخ  1 لتر', 1, '21.95', '23.95', NULL, 'علبة', NULL, NULL, NULL, 1, '2026-01-31 21:08:23', '2026-01-31 21:08:23');
INSERT INTO `products` (`id`, `product_code`, `product_name`, `category_id`, `buy_price`, `sell_price`, `profit_margin`, `unit`, `barcode`, `description`, `image_path`, `is_active`, `created_at`, `updated_at`) VALUES (68, '6281050510846', 'امريكانا زينجر روبيان بالبقسماط حار ومقرمش  750 جرام', 1, '63.95', '65.95', NULL, 'علبة', NULL, NULL, NULL, 1, '2026-01-31 21:08:23', '2026-01-31 21:08:23');
INSERT INTO `products` (`id`, `product_code`, `product_name`, `category_id`, `buy_price`, `sell_price`, `profit_margin`, `unit`, `barcode`, `description`, `image_path`, `is_active`, `created_at`, `updated_at`) VALUES (69, '5033712160514', 'الكبير دجاج مفروم مجمد 400 جرام', 1, '11.50', '13.50', NULL, 'علبة', NULL, NULL, NULL, 1, '2026-01-31 21:08:23', '2026-01-31 21:08:23');
INSERT INTO `products` (`id`, `product_code`, `product_name`, `category_id`, `buy_price`, `sell_price`, `profit_margin`, `unit`, `barcode`, `description`, `image_path`, `is_active`, `created_at`, `updated_at`) VALUES (70, '6271100084274', 'فوديز بامية زيرو مجمدة 400 جرام', 1, '13.45', '15.45', NULL, 'علبة', NULL, NULL, NULL, 1, '2026-01-31 21:08:23', '2026-01-31 21:08:23');
INSERT INTO `products` (`id`, `product_code`, `product_name`, `category_id`, `buy_price`, `sell_price`, `profit_margin`, `unit`, `barcode`, `description`, `image_path`, `is_active`, `created_at`, `updated_at`) VALUES (71, '5033712111004', 'الكبير جمبو هوت دوغ 400 جرام', 1, '15.00', '17.00', NULL, 'علبة', NULL, NULL, NULL, 1, '2026-01-31 21:08:23', '2026-01-31 21:08:23');
INSERT INTO `products` (`id`, `product_code`, `product_name`, `category_id`, `buy_price`, `sell_price`, `profit_margin`, `unit`, `barcode`, `description`, `image_path`, `is_active`, `created_at`, `updated_at`) VALUES (72, '6223006611573', 'جرين آيس فراولة مجمدة 1000جرام', 1, '15.50', '17.50', NULL, 'علبة', NULL, NULL, NULL, 1, '2026-01-31 21:08:23', '2026-01-31 21:08:23');
INSERT INTO `products` (`id`, `product_code`, `product_name`, `category_id`, `buy_price`, `sell_price`, `profit_margin`, `unit`, `barcode`, `description`, `image_path`, `is_active`, `created_at`, `updated_at`) VALUES (73, '6281102685041', 'هرفي برجر دجاج بالبقسماط 1344 جرام × 24', 1, '45.50', '47.50', NULL, 'علبة', NULL, NULL, NULL, 1, '2026-01-31 21:08:23', '2026-01-31 21:08:23');
INSERT INTO `products` (`id`, `product_code`, `product_name`, `category_id`, `buy_price`, `sell_price`, `profit_margin`, `unit`, `barcode`, `description`, `image_path`, `is_active`, `created_at`, `updated_at`) VALUES (74, '3560071270407', 'كارفور بطاطس كلاسيك كلاسيك مجمدة خاصة بأربعة فرن 1.5 كج', 1, '25.95', '27.95', NULL, 'علبة', NULL, NULL, NULL, 1, '2026-01-31 21:08:24', '2026-01-31 21:08:24');
INSERT INTO `products` (`id`, `product_code`, `product_name`, `category_id`, `buy_price`, `sell_price`, `profit_margin`, `unit`, `barcode`, `description`, `image_path`, `is_active`, `created_at`, `updated_at`) VALUES (75, '3280316007857', 'دو دجاج كامل 10 × 1300 جرام', 1, '227.00', '229.00', NULL, 'علبة', NULL, NULL, NULL, 1, '2026-01-31 21:08:24', '2026-01-31 21:08:24');
INSERT INTO `products` (`id`, `product_code`, `product_name`, `category_id`, `buy_price`, `sell_price`, `profit_margin`, `unit`, `barcode`, `description`, `image_path`, `is_active`, `created_at`, `updated_at`) VALUES (76, '6287007092373', 'دجاج رضوى برجر دجاج بالبقسماط 224 جرام × 4', 1, '8.95', '10.95', NULL, 'علبة', NULL, NULL, NULL, 1, '2026-01-31 21:08:24', '2026-01-31 21:08:24');
INSERT INTO `products` (`id`, `product_code`, `product_name`, `category_id`, `buy_price`, `sell_price`, `profit_margin`, `unit`, `barcode`, `description`, `image_path`, `is_active`, `created_at`, `updated_at`) VALUES (77, '6281050114020', 'أمريكانا 12 برجر الدجاج بالبقسماط 678 جرام', 1, '29.95', '31.95', NULL, 'علبة', NULL, NULL, NULL, 1, '2026-01-31 21:08:24', '2026-01-31 21:08:24');
INSERT INTO `products` (`id`, `product_code`, `product_name`, `category_id`, `buy_price`, `sell_price`, `profit_margin`, `unit`, `barcode`, `description`, `image_path`, `is_active`, `created_at`, `updated_at`) VALUES (78, '5033712465503', 'الكبير برجر دجاج جامبو بالبقسماط 1 كج', 1, '34.95', '36.95', NULL, 'علبة', NULL, NULL, NULL, 1, '2026-01-31 21:08:24', '2026-01-31 21:08:24');
INSERT INTO `products` (`id`, `product_code`, `product_name`, `category_id`, `buy_price`, `sell_price`, `profit_margin`, `unit`, `barcode`, `description`, `image_path`, `is_active`, `created_at`, `updated_at`) VALUES (79, '6281050115041', 'أمريكانا - شيش كباب لحم بقري سوبر 600 جرام (10 قطع)', 1, '24.45', '26.45', NULL, 'علبة', NULL, NULL, NULL, 1, '2026-01-31 21:08:24', '2026-01-31 21:08:24');
INSERT INTO `products` (`id`, `product_code`, `product_name`, `category_id`, `buy_price`, `sell_price`, `profit_margin`, `unit`, `barcode`, `description`, `image_path`, `is_active`, `created_at`, `updated_at`) VALUES (80, '5203912721000', 'العملاق الأخضر بازلاء خضراء 450 جرام', 1, '13.45', '15.45', NULL, 'علبة', NULL, NULL, NULL, 1, '2026-01-31 21:08:24', '2026-01-31 21:08:24');
INSERT INTO `products` (`id`, `product_code`, `product_name`, `category_id`, `buy_price`, `sell_price`, `profit_margin`, `unit`, `barcode`, `description`, `image_path`, `is_active`, `created_at`, `updated_at`) VALUES (81, '6281051099593', 'داري - بطاطس فرنسية رفيعة 1 كج', 1, '13.45', '15.45', NULL, 'علبة', NULL, NULL, NULL, 1, '2026-01-31 21:08:24', '2026-01-31 21:08:24');
INSERT INTO `products` (`id`, `product_code`, `product_name`, `category_id`, `buy_price`, `sell_price`, `profit_margin`, `unit`, `barcode`, `description`, `image_path`, `is_active`, `created_at`, `updated_at`) VALUES (82, '7894904256730', 'سيارا برجر دجاج جامبو بالبقسماط 840 جرام', 1, '34.95', '36.95', NULL, 'علبة', NULL, NULL, NULL, 1, '2026-01-31 21:08:24', '2026-01-31 21:08:24');
INSERT INTO `products` (`id`, `product_code`, `product_name`, `category_id`, `buy_price`, `sell_price`, `profit_margin`, `unit`, `barcode`, `description`, `image_path`, `is_active`, `created_at`, `updated_at`) VALUES (83, '6223001531364', 'بيكو ليتشي 250 جرام', 1, '6.70', '8.70', NULL, 'علبة', NULL, NULL, NULL, 1, '2026-01-31 21:08:24', '2026-01-31 21:08:24');
INSERT INTO `products` (`id`, `product_code`, `product_name`, `category_id`, `buy_price`, `sell_price`, `profit_margin`, `unit`, `barcode`, `description`, `image_path`, `is_active`, `created_at`, `updated_at`) VALUES (84, '2131304000002', 'بطيخ اصفر', 1, '1.00', '1.95', NULL, 'علبة', NULL, NULL, NULL, 1, '2026-01-31 21:08:24', '2026-01-31 21:08:24');
INSERT INTO `products` (`id`, `product_code`, `product_name`, `category_id`, `buy_price`, `sell_price`, `profit_margin`, `unit`, `barcode`, `description`, `image_path`, `is_active`, `created_at`, `updated_at`) VALUES (85, '2001107000007', 'فلفل حار اخضر (صحن)', 1, '4.70', '6.70', NULL, 'علبة', NULL, NULL, NULL, 1, '2026-01-31 21:08:24', '2026-01-31 21:08:24');
INSERT INTO `products` (`id`, `product_code`, `product_name`, `category_id`, `buy_price`, `sell_price`, `profit_margin`, `unit`, `barcode`, `description`, `image_path`, `is_active`, `created_at`, `updated_at`) VALUES (86, '2131303000003', 'شمام', 1, '9.13', '11.13', NULL, 'علبة', NULL, NULL, NULL, 1, '2026-01-31 21:08:24', '2026-01-31 21:08:24');
INSERT INTO `products` (`id`, `product_code`, `product_name`, `category_id`, `buy_price`, `sell_price`, `profit_margin`, `unit`, `barcode`, `description`, `image_path`, `is_active`, `created_at`, `updated_at`) VALUES (87, '2131713000006', 'البرقوق الأحمر', 1, '30.95', '32.95', NULL, 'علبة', NULL, NULL, NULL, 1, '2026-01-31 21:08:24', '2026-01-31 21:08:24');
INSERT INTO `products` (`id`, `product_code`, `product_name`, `category_id`, `buy_price`, `sell_price`, `profit_margin`, `unit`, `barcode`, `description`, `image_path`, `is_active`, `created_at`, `updated_at`) VALUES (88, '2131905000005', 'فاكهة التنين (دراغون فروت) - أحمر', 1, '7.98', '9.98', NULL, 'علبة', NULL, NULL, NULL, 1, '2026-01-31 21:08:24', '2026-01-31 21:08:24');
INSERT INTO `products` (`id`, `product_code`, `product_name`, `category_id`, `buy_price`, `sell_price`, `profit_margin`, `unit`, `barcode`, `description`, `image_path`, `is_active`, `created_at`, `updated_at`) VALUES (89, '8807889971016', 'براعم نبتة الفاصوليا 300 جرام', 1, '7.95', '9.95', NULL, 'علبة', NULL, NULL, NULL, 1, '2026-01-31 21:08:24', '2026-01-31 21:08:24');
INSERT INTO `products` (`id`, `product_code`, `product_name`, `category_id`, `buy_price`, `sell_price`, `profit_margin`, `unit`, `barcode`, `description`, `image_path`, `is_active`, `created_at`, `updated_at`) VALUES (90, '6287001830117', 'خيار - علبة 2.8 كج', 1, '19.95', '21.95', NULL, 'علبة', NULL, NULL, NULL, 1, '2026-01-31 21:08:24', '2026-01-31 21:08:24');
INSERT INTO `products` (`id`, `product_code`, `product_name`, `category_id`, `buy_price`, `sell_price`, `profit_margin`, `unit`, `barcode`, `description`, `image_path`, `is_active`, `created_at`, `updated_at`) VALUES (91, '2132203000001', 'خس آيسبيرغ', 1, '4.73', '6.73', NULL, 'علبة', NULL, NULL, NULL, 1, '2026-01-31 21:08:24', '2026-01-31 21:08:24');
INSERT INTO `products` (`id`, `product_code`, `product_name`, `category_id`, `buy_price`, `sell_price`, `profit_margin`, `unit`, `barcode`, `description`, `image_path`, `is_active`, `created_at`, `updated_at`) VALUES (92, '2000075000002', 'تفاح رويال جالا عبوة', 1, '13.45', '15.45', NULL, 'علبة', NULL, NULL, NULL, 1, '2026-01-31 21:08:24', '2026-01-31 21:08:24');
INSERT INTO `products` (`id`, `product_code`, `product_name`, `category_id`, `buy_price`, `sell_price`, `profit_margin`, `unit`, `barcode`, `description`, `image_path`, `is_active`, `created_at`, `updated_at`) VALUES (93, '2000006456557', 'كمثرى صحن', 1, '7.95', '9.95', NULL, 'علبة', NULL, NULL, NULL, 1, '2026-01-31 21:08:24', '2026-01-31 21:08:24');
INSERT INTO `products` (`id`, `product_code`, `product_name`, `category_id`, `buy_price`, `sell_price`, `profit_margin`, `unit`, `barcode`, `description`, `image_path`, `is_active`, `created_at`, `updated_at`) VALUES (94, '2000076000001', 'تفاح احمر (رد ديليشوس) صحن', 1, '13.45', '15.45', NULL, 'علبة', NULL, NULL, NULL, 1, '2026-01-31 21:08:24', '2026-01-31 21:08:24');
INSERT INTO `products` (`id`, `product_code`, `product_name`, `category_id`, `buy_price`, `sell_price`, `profit_margin`, `unit`, `barcode`, `description`, `image_path`, `is_active`, `created_at`, `updated_at`) VALUES (95, '6281057012619', 'نادك طماطم سترابينا 390 جرام', 1, '14.45', '16.45', NULL, 'علبة', NULL, NULL, NULL, 1, '2026-01-31 21:08:24', '2026-01-31 21:08:24');
INSERT INTO `products` (`id`, `product_code`, `product_name`, `category_id`, `buy_price`, `sell_price`, `profit_margin`, `unit`, `barcode`, `description`, `image_path`, `is_active`, `created_at`, `updated_at`) VALUES (96, '2133101000001', 'عشب الليمون (للكيلو)', 1, '7.98', '9.98', NULL, 'علبة', NULL, NULL, NULL, 1, '2026-01-31 21:08:24', '2026-01-31 21:08:24');
INSERT INTO `products` (`id`, `product_code`, `product_name`, `category_id`, `buy_price`, `sell_price`, `profit_margin`, `unit`, `barcode`, `description`, `image_path`, `is_active`, `created_at`, `updated_at`) VALUES (97, '2000004683696', 'باروك سلطة خس المشكلة 280 جرام مغسول وجاهز للأكل', 1, '14.45', '16.45', NULL, 'علبة', NULL, NULL, NULL, 1, '2026-01-31 21:08:24', '2026-01-31 21:08:24');
INSERT INTO `products` (`id`, `product_code`, `product_name`, `category_id`, `buy_price`, `sell_price`, `profit_margin`, `unit`, `barcode`, `description`, `image_path`, `is_active`, `created_at`, `updated_at`) VALUES (98, '6281063460633', 'حدائق اورينت عصير ليمون 1 لتر', 1, '12.95', '14.95', NULL, 'علبة', NULL, NULL, NULL, 1, '2026-01-31 21:08:24', '2026-01-31 21:08:24');
INSERT INTO `products` (`id`, `product_code`, `product_name`, `category_id`, `buy_price`, `sell_price`, `profit_margin`, `unit`, `barcode`, `description`, `image_path`, `is_active`, `created_at`, `updated_at`) VALUES (99, '6281003122423', 'مازولا مايونيز حار عبوة ضاغطة 650 مل', 1, '22.45', '24.45', NULL, 'علبة', NULL, NULL, NULL, 1, '2026-01-31 21:08:24', '2026-01-31 21:08:24');
INSERT INTO `products` (`id`, `product_code`, `product_name`, `category_id`, `buy_price`, `sell_price`, `profit_margin`, `unit`, `barcode`, `description`, `image_path`, `is_active`, `created_at`, `updated_at`) VALUES (100, '2062630174245', 'كارفور ميني ويفر الفانيليا 125جرام', 1, '7.95', '9.95', NULL, 'علبة', NULL, NULL, NULL, 1, '2026-01-31 21:08:24', '2026-01-31 21:08:24');
INSERT INTO `products` (`id`, `product_code`, `product_name`, `category_id`, `buy_price`, `sell_price`, `profit_margin`, `unit`, `barcode`, `description`, `image_path`, `is_active`, `created_at`, `updated_at`) VALUES (101, '3245412418136', 'كارفور شوكلاه داكنة 64% 200 جرام', 1, '10.45', '12.45', NULL, 'علبة', NULL, NULL, NULL, 1, '2026-01-31 21:08:24', '2026-01-31 21:08:24');
INSERT INTO `products` (`id`, `product_code`, `product_name`, `category_id`, `buy_price`, `sell_price`, `profit_margin`, `unit`, `barcode`, `description`, `image_path`, `is_active`, `created_at`, `updated_at`) VALUES (102, '5056036501245', 'جرينز ملون طعام ازرق 28 مل', 1, '1.45', '3.45', NULL, 'علبة', NULL, NULL, NULL, 1, '2026-01-31 21:08:24', '2026-01-31 21:08:24');
INSERT INTO `products` (`id`, `product_code`, `product_name`, `category_id`, `buy_price`, `sell_price`, `profit_margin`, `unit`, `barcode`, `description`, `image_path`, `is_active`, `created_at`, `updated_at`) VALUES (103, '0717273509092', 'أمريكان جاردان صلصة سيزر بالكريمة 473 مل', 1, '21.45', '23.45', NULL, 'علبة', NULL, NULL, NULL, 1, '2026-01-31 21:08:24', '2026-01-31 21:08:24');
INSERT INTO `products` (`id`, `product_code`, `product_name`, `category_id`, `buy_price`, `sell_price`, `profit_margin`, `unit`, `barcode`, `description`, `image_path`, `is_active`, `created_at`, `updated_at`) VALUES (104, '6281016904382', 'ميموريز جوي ويفر بالكاكاو 25 جرام', 1, '1.00', '1.25', NULL, 'علبة', NULL, NULL, NULL, 1, '2026-01-31 21:08:24', '2026-01-31 21:08:24');
INSERT INTO `products` (`id`, `product_code`, `product_name`, `category_id`, `buy_price`, `sell_price`, `profit_margin`, `unit`, `barcode`, `description`, `image_path`, `is_active`, `created_at`, `updated_at`) VALUES (105, '6281016904656', 'سكر زيادة سكر خشن 5كجم', 1, '25.50', '27.50', NULL, 'علبة', NULL, NULL, NULL, 1, '2026-01-31 21:08:24', '2026-01-31 21:08:24');
INSERT INTO `products` (`id`, `product_code`, `product_name`, `category_id`, `buy_price`, `sell_price`, `profit_margin`, `unit`, `barcode`, `description`, `image_path`, `is_active`, `created_at`, `updated_at`) VALUES (106, '0617950703341', 'العلالي ذرة حب حلوة 340 جرام', 1, '5.20', '7.20', NULL, 'علبة', NULL, NULL, NULL, 1, '2026-01-31 21:08:24', '2026-01-31 21:08:24');
INSERT INTO `products` (`id`, `product_code`, `product_name`, `category_id`, `buy_price`, `sell_price`, `profit_margin`, `unit`, `barcode`, `description`, `image_path`, `is_active`, `created_at`, `updated_at`) VALUES (107, '9310140010151', 'صنوايت أرز كالروز 1 كج', 1, '9.95', '11.95', NULL, 'علبة', NULL, NULL, NULL, 1, '2026-01-31 21:08:24', '2026-01-31 21:08:24');
INSERT INTO `products` (`id`, `product_code`, `product_name`, `category_id`, `buy_price`, `sell_price`, `profit_margin`, `unit`, `barcode`, `description`, `image_path`, `is_active`, `created_at`, `updated_at`) VALUES (108, '6281016904535', 'ميموريز جوي ويفر بالبندق 25 جرام × 24', 1, '27.95', '29.95', NULL, 'علبة', NULL, NULL, NULL, 1, '2026-01-31 21:08:24', '2026-01-31 21:08:24');
INSERT INTO `products` (`id`, `product_code`, `product_name`, `category_id`, `buy_price`, `sell_price`, `profit_margin`, `unit`, `barcode`, `description`, `image_path`, `is_active`, `created_at`, `updated_at`) VALUES (109, '0788821007148', 'شان مزيج توابل  الدجاج كاري ماسالا 50 جرام', 1, '3.70', '5.70', NULL, 'علبة', NULL, NULL, NULL, 1, '2026-01-31 21:08:24', '2026-01-31 21:08:24');
INSERT INTO `products` (`id`, `product_code`, `product_name`, `category_id`, `buy_price`, `sell_price`, `profit_margin`, `unit`, `barcode`, `description`, `image_path`, `is_active`, `created_at`, `updated_at`) VALUES (110, '617950200116', 'العلالي خلطة لقمة القاضي مع الخميرة 453 جرام', 1, '6.95', '8.95', NULL, 'علبة', NULL, NULL, NULL, 1, '2026-01-31 21:08:24', '2026-01-31 21:08:24');
INSERT INTO `products` (`id`, `product_code`, `product_name`, `category_id`, `buy_price`, `sell_price`, `profit_margin`, `unit`, `barcode`, `description`, `image_path`, `is_active`, `created_at`, `updated_at`) VALUES (111, '0681250060718', 'مجدي هيل متوسط 75 جرام', 1, '27.45', '29.45', NULL, 'علبة', NULL, NULL, NULL, 1, '2026-01-31 21:08:24', '2026-01-31 21:08:24');
INSERT INTO `products` (`id`, `product_code`, `product_name`, `category_id`, `buy_price`, `sell_price`, `profit_margin`, `unit`, `barcode`, `description`, `image_path`, `is_active`, `created_at`, `updated_at`) VALUES (112, '6281063771524', 'فرشلي مكرونه فوتشيني  454 جرام', 1, '13.50', '15.50', NULL, 'علبة', NULL, NULL, NULL, 1, '2026-01-31 21:08:24', '2026-01-31 21:08:24');
INSERT INTO `products` (`id`, `product_code`, `product_name`, `category_id`, `buy_price`, `sell_price`, `profit_margin`, `unit`, `barcode`, `description`, `image_path`, `is_active`, `created_at`, `updated_at`) VALUES (113, '6271002203414', 'كي دي دي 0٪ سكر نكتار جوافة 1 لتر', 1, '6.20', '8.20', NULL, 'علبة', NULL, NULL, NULL, 1, '2026-01-31 21:08:24', '2026-01-31 21:08:24');
INSERT INTO `products` (`id`, `product_code`, `product_name`, `category_id`, `buy_price`, `sell_price`, `profit_margin`, `unit`, `barcode`, `description`, `image_path`, `is_active`, `created_at`, `updated_at`) VALUES (114, '6281018261469', 'فلوريدا ناتشورال عصير رمان طبيعي 900مل', 1, '14.45', '16.45', NULL, 'علبة', NULL, NULL, NULL, 1, '2026-01-31 21:08:24', '2026-01-31 21:08:24');
INSERT INTO `products` (`id`, `product_code`, `product_name`, `category_id`, `buy_price`, `sell_price`, `profit_margin`, `unit`, `barcode`, `description`, `image_path`, `is_active`, `created_at`, `updated_at`) VALUES (115, '6281018261586', 'ريد بول مشروب طاقة خال من السكر 250مل', 1, '9.25', '11.25', NULL, 'علبة', NULL, NULL, NULL, 1, '2026-01-31 21:08:24', '2026-01-31 21:08:24');
INSERT INTO `products` (`id`, `product_code`, `product_name`, `category_id`, `buy_price`, `sell_price`, `profit_margin`, `unit`, `barcode`, `description`, `image_path`, `is_active`, `created_at`, `updated_at`) VALUES (116, '5010102241541', 'بريتفيك مشروب ليمون 300 مل', 1, '2.25', '4.25', NULL, 'علبة', NULL, NULL, NULL, 1, '2026-01-31 21:08:24', '2026-01-31 21:08:24');
INSERT INTO `products` (`id`, `product_code`, `product_name`, `category_id`, `buy_price`, `sell_price`, `profit_margin`, `unit`, `barcode`, `description`, `image_path`, `is_active`, `created_at`, `updated_at`) VALUES (117, '6281105796218', 'باجة بن كلاسيك معتدل 50 جرام', 1, '5.20', '7.20', NULL, 'علبة', NULL, NULL, NULL, 1, '2026-01-31 21:08:24', '2026-01-31 21:08:24');
INSERT INTO `products` (`id`, `product_code`, `product_name`, `category_id`, `buy_price`, `sell_price`, `profit_margin`, `unit`, `barcode`, `description`, `image_path`, `is_active`, `created_at`, `updated_at`) VALUES (118, '5711953026096', 'ستاربكس موكا فرابوتشينو 250 مل', 1, '9.75', '11.75', NULL, 'علبة', NULL, NULL, NULL, 1, '2026-01-31 21:08:24', '2026-01-31 21:08:24');
INSERT INTO `products` (`id`, `product_code`, `product_name`, `category_id`, `buy_price`, `sell_price`, `profit_margin`, `unit`, `barcode`, `description`, `image_path`, `is_active`, `created_at`, `updated_at`) VALUES (119, '6281105797642', 'باجة شاي أخضر فرط 100 جرام', 1, '5.95', '7.95', NULL, 'علبة', NULL, NULL, NULL, 1, '2026-01-31 21:08:24', '2026-01-31 21:08:24');
INSERT INTO `products` (`id`, `product_code`, `product_name`, `category_id`, `buy_price`, `sell_price`, `profit_margin`, `unit`, `barcode`, `description`, `image_path`, `is_active`, `created_at`, `updated_at`) VALUES (120, '2132393000003', 'بطيخ حلو مقطع في كوب', 1, '5.70', '7.70', NULL, 'علبة', NULL, NULL, NULL, 1, '2026-01-31 21:08:24', '2026-01-31 21:08:24');
INSERT INTO `products` (`id`, `product_code`, `product_name`, `category_id`, `buy_price`, `sell_price`, `profit_margin`, `unit`, `barcode`, `description`, `image_path`, `is_active`, `created_at`, `updated_at`) VALUES (121, '5449000277374', 'سبرايت 320مل عبوة', 1, '0.55', '2.55', NULL, 'علبة', NULL, NULL, NULL, 1, '2026-01-31 21:08:24', '2026-01-31 21:08:24');
INSERT INTO `products` (`id`, `product_code`, `product_name`, `category_id`, `buy_price`, `sell_price`, `profit_margin`, `unit`, `barcode`, `description`, `image_path`, `is_active`, `created_at`, `updated_at`) VALUES (122, '6281013131088', 'ابو جبل شاي العراقة 200 جرام', 1, '23.95', '25.95', NULL, 'علبة', NULL, NULL, NULL, 1, '2026-01-31 21:08:24', '2026-01-31 21:08:24');
INSERT INTO `products` (`id`, `product_code`, `product_name`, `category_id`, `buy_price`, `sell_price`, `profit_margin`, `unit`, `barcode`, `description`, `image_path`, `is_active`, `created_at`, `updated_at`) VALUES (123, '3068320111094', 'إيفيان - مياه معدنية طبيعية 1 لتر', 1, '13.45', '15.45', NULL, 'علبة', NULL, NULL, NULL, 1, '2026-01-31 21:08:24', '2026-01-31 21:08:24');
INSERT INTO `products` (`id`, `product_code`, `product_name`, `category_id`, `buy_price`, `sell_price`, `profit_margin`, `unit`, `barcode`, `description`, `image_path`, `is_active`, `created_at`, `updated_at`) VALUES (124, '5352101000157', 'فوستر كلاركس شراب سريع التحضير بالمانجو 2.5 كج', 1, '55.95', '57.95', NULL, 'علبة', NULL, NULL, NULL, 1, '2026-01-31 21:08:24', '2026-01-31 21:08:24');
INSERT INTO `products` (`id`, `product_code`, `product_name`, `category_id`, `buy_price`, `sell_price`, `profit_margin`, `unit`, `barcode`, `description`, `image_path`, `is_active`, `created_at`, `updated_at`) VALUES (125, '0012000056109', 'جاتوريد مشروب بنكهة التوت الأزرق 495 مل × 12', 1, '74.95', '76.95', NULL, 'علبة', NULL, NULL, NULL, 1, '2026-01-31 21:08:24', '2026-01-31 21:08:24');
INSERT INTO `products` (`id`, `product_code`, `product_name`, `category_id`, `buy_price`, `sell_price`, `profit_margin`, `unit`, `barcode`, `description`, `image_path`, `is_active`, `created_at`, `updated_at`) VALUES (126, '6281103270055', 'تانيا مياه 330 مل × 40', 1, '20.95', '22.95', NULL, 'علبة', NULL, NULL, NULL, 1, '2026-01-31 21:08:24', '2026-01-31 21:08:24');
INSERT INTO `products` (`id`, `product_code`, `product_name`, `category_id`, `buy_price`, `sell_price`, `profit_margin`, `unit`, `barcode`, `description`, `image_path`, `is_active`, `created_at`, `updated_at`) VALUES (127, '6281101220564', 'بيرين مياه 12 لتر × 2', 1, '17.95', '19.95', NULL, 'علبة', NULL, NULL, NULL, 1, '2026-01-31 21:08:24', '2026-01-31 21:08:24');
INSERT INTO `products` (`id`, `product_code`, `product_name`, `category_id`, `buy_price`, `sell_price`, `profit_margin`, `unit`, `barcode`, `description`, `image_path`, `is_active`, `created_at`, `updated_at`) VALUES (128, '444444', 'شاي العروسه', 1, '9.00', '10.00', NULL, 'باكو', '1', NULL, NULL, 1, '2026-02-01 18:21:30', '2026-02-01 18:21:30');
INSERT INTO `products` (`id`, `product_code`, `product_name`, `category_id`, `buy_price`, `sell_price`, `profit_margin`, `unit`, `barcode`, `description`, `image_path`, `is_active`, `created_at`, `updated_at`) VALUES (130, '69965868736', 'قتيلو جبن ملح خفيف', 1, '210.00', '240.00', NULL, 'علبة', '69965868736', NULL, NULL, 1, '2026-02-01 19:11:48', '2026-02-01 19:11:48');

-- Structure for return_items
DROP TABLE IF EXISTS `return_items`;
CREATE TABLE `return_items` (
  `id` int NOT NULL AUTO_INCREMENT,
  `return_id` int NOT NULL,
  `product_id` int NOT NULL,
  `quantity` int NOT NULL,
  `unit_price` decimal(10,2) NOT NULL,
  `total_price` decimal(12,2) NOT NULL,
  PRIMARY KEY (`id`),
  KEY `return_id` (`return_id`),
  KEY `product_id` (`product_id`),
  CONSTRAINT `return_items_ibfk_1` FOREIGN KEY (`return_id`) REFERENCES `sales_returns` (`id`) ON DELETE CASCADE,
  CONSTRAINT `return_items_ibfk_2` FOREIGN KEY (`product_id`) REFERENCES `products` (`id`)
) ENGINE=InnoDB AUTO_INCREMENT=7 DEFAULT CHARSET=utf8mb4 COLLATE=utf8mb4_unicode_ci;

-- Data for return_items
INSERT INTO `return_items` (`id`, `return_id`, `product_id`, `quantity`, `unit_price`, `total_price`) VALUES (1, 1, 1, 1, '32.00', '32.00');
INSERT INTO `return_items` (`id`, `return_id`, `product_id`, `quantity`, `unit_price`, `total_price`) VALUES (2, 2, 1, 1, '32.00', '32.00');
INSERT INTO `return_items` (`id`, `return_id`, `product_id`, `quantity`, `unit_price`, `total_price`) VALUES (3, 3, 6, 1, '24.00', '24.00');
INSERT INTO `return_items` (`id`, `return_id`, `product_id`, `quantity`, `unit_price`, `total_price`) VALUES (4, 4, 1, 1, '32.00', '32.00');
INSERT INTO `return_items` (`id`, `return_id`, `product_id`, `quantity`, `unit_price`, `total_price`) VALUES (5, 5, 9, 1, '30.00', '30.00');
INSERT INTO `return_items` (`id`, `return_id`, `product_id`, `quantity`, `unit_price`, `total_price`) VALUES (6, 6, 1, 3, '32.00', '96.00');

-- Structure for roles
DROP TABLE IF EXISTS `roles`;
CREATE TABLE `roles` (
  `id` int NOT NULL AUTO_INCREMENT,
  `role_name` varchar(50) COLLATE utf8mb4_unicode_ci NOT NULL,
  `description` varchar(255) COLLATE utf8mb4_unicode_ci DEFAULT NULL,
  `created_at` timestamp NULL DEFAULT CURRENT_TIMESTAMP,
  PRIMARY KEY (`id`),
  UNIQUE KEY `role_name` (`role_name`)
) ENGINE=InnoDB AUTO_INCREMENT=100 DEFAULT CHARSET=utf8mb4 COLLATE=utf8mb4_unicode_ci;

-- Data for roles
INSERT INTO `roles` (`id`, `role_name`, `description`, `created_at`) VALUES (1, 'admin', 'مدير النظام - يمتلك جميع الصلاحيات', '2026-01-19 20:28:58');
INSERT INTO `roles` (`id`, `role_name`, `description`, `created_at`) VALUES (2, 'manager', 'مدير المخزن', '2026-01-19 20:28:58');
INSERT INTO `roles` (`id`, `role_name`, `description`, `created_at`) VALUES (3, 'cashier', 'كاشير', '2026-01-19 20:28:58');
INSERT INTO `roles` (`id`, `role_name`, `description`, `created_at`) VALUES (4, 'call_center', 'موظف Call Center', '2026-01-19 20:28:58');
INSERT INTO `roles` (`id`, `role_name`, `description`, `created_at`) VALUES (5, 'warehouse_staff', 'موظف المخزن', '2026-01-19 20:28:58');
INSERT INTO `roles` (`id`, `role_name`, `description`, `created_at`) VALUES (99, 'Developer', NULL, '2026-02-09 10:13:56');

-- Structure for sales_returns
DROP TABLE IF EXISTS `sales_returns`;
CREATE TABLE `sales_returns` (
  `id` int NOT NULL AUTO_INCREMENT,
  `return_number` varchar(50) COLLATE utf8mb4_unicode_ci NOT NULL,
  `invoice_id` int NOT NULL,
  `store_id` int NOT NULL,
  `cashier_id` int NOT NULL,
  `return_date` timestamp NULL DEFAULT CURRENT_TIMESTAMP,
  `total_return_amount` decimal(12,2) NOT NULL,
  `reason` text COLLATE utf8mb4_unicode_ci,
  `created_at` timestamp NULL DEFAULT CURRENT_TIMESTAMP,
  `drawer_id` int DEFAULT NULL,
  PRIMARY KEY (`id`),
  UNIQUE KEY `return_number` (`return_number`),
  KEY `invoice_id` (`invoice_id`),
  KEY `store_id` (`store_id`),
  KEY `cashier_id` (`cashier_id`),
  KEY `drawer_id` (`drawer_id`),
  CONSTRAINT `sales_returns_ibfk_1` FOREIGN KEY (`invoice_id`) REFERENCES `invoices` (`id`),
  CONSTRAINT `sales_returns_ibfk_2` FOREIGN KEY (`store_id`) REFERENCES `stores` (`id`),
  CONSTRAINT `sales_returns_ibfk_3` FOREIGN KEY (`cashier_id`) REFERENCES `users` (`id`),
  CONSTRAINT `sales_returns_ibfk_4` FOREIGN KEY (`drawer_id`) REFERENCES `drawer_logs` (`id`)
) ENGINE=InnoDB AUTO_INCREMENT=7 DEFAULT CHARSET=utf8mb4 COLLATE=utf8mb4_unicode_ci;

-- Data for sales_returns
INSERT INTO `sales_returns` (`id`, `return_number`, `invoice_id`, `store_id`, `cashier_id`, `return_date`, `total_return_amount`, `reason`, `created_at`, `drawer_id`) VALUES (1, 'RET-20260122004027', 7, 1, 1, '2026-01-22 00:40:27', '32.00', 'مزاجي', '2026-01-22 00:40:27', NULL);
INSERT INTO `sales_returns` (`id`, `return_number`, `invoice_id`, `store_id`, `cashier_id`, `return_date`, `total_return_amount`, `reason`, `created_at`, `drawer_id`) VALUES (2, 'RET-20260122004849', 7, 2, 1, '2026-01-22 00:48:49', '32.00', '', '2026-01-22 00:48:49', NULL);
INSERT INTO `sales_returns` (`id`, `return_number`, `invoice_id`, `store_id`, `cashier_id`, `return_date`, `total_return_amount`, `reason`, `created_at`, `drawer_id`) VALUES (3, 'RET-20260122005926', 6, 2, 1, '2026-01-22 00:59:26', '24.00', 'مزاجي', '2026-01-22 00:59:26', NULL);
INSERT INTO `sales_returns` (`id`, `return_number`, `invoice_id`, `store_id`, `cashier_id`, `return_date`, `total_return_amount`, `reason`, `created_at`, `drawer_id`) VALUES (4, 'RET-20260122010318', 6, 2, 1, '2026-01-22 01:03:18', '32.00', 'lvh[d', '2026-01-22 01:03:18', NULL);
INSERT INTO `sales_returns` (`id`, `return_number`, `invoice_id`, `store_id`, `cashier_id`, `return_date`, `total_return_amount`, `reason`, `created_at`, `drawer_id`) VALUES (5, 'RET-20260202214442', 1, 2, 1, '2026-02-02 21:44:42', '30.00', '', '2026-02-02 21:44:42', NULL);
INSERT INTO `sales_returns` (`id`, `return_number`, `invoice_id`, `store_id`, `cashier_id`, `return_date`, `total_return_amount`, `reason`, `created_at`, `drawer_id`) VALUES (6, 'RET-20260207211047', 19, 2, 8, '2026-02-07 21:10:47', '96.00', '', '2026-02-07 21:10:47', NULL);

-- Structure for stores
DROP TABLE IF EXISTS `stores`;
CREATE TABLE `stores` (
  `id` int NOT NULL AUTO_INCREMENT,
  `store_name` varchar(100) COLLATE utf8mb4_unicode_ci NOT NULL,
  `store_type` varchar(20) COLLATE utf8mb4_unicode_ci NOT NULL,
  `city` varchar(50) COLLATE utf8mb4_unicode_ci DEFAULT NULL,
  `address` varchar(255) COLLATE utf8mb4_unicode_ci DEFAULT NULL,
  `phone` varchar(20) COLLATE utf8mb4_unicode_ci DEFAULT NULL,
  `email` varchar(100) COLLATE utf8mb4_unicode_ci DEFAULT NULL,
  `manager_name` varchar(100) COLLATE utf8mb4_unicode_ci DEFAULT NULL,
  `is_active` tinyint(1) DEFAULT '1',
  `created_at` timestamp NULL DEFAULT CURRENT_TIMESTAMP,
  `updated_at` timestamp NULL DEFAULT CURRENT_TIMESTAMP ON UPDATE CURRENT_TIMESTAMP,
  `ip_range_start` varchar(15) COLLATE utf8mb4_unicode_ci DEFAULT NULL,
  `ip_range_end` varchar(15) COLLATE utf8mb4_unicode_ci DEFAULT NULL,
  `require_ip_check` tinyint(1) DEFAULT '1',
  PRIMARY KEY (`id`)
) ENGINE=InnoDB AUTO_INCREMENT=5 DEFAULT CHARSET=utf8mb4 COLLATE=utf8mb4_unicode_ci;

-- Data for stores
INSERT INTO `stores` (`id`, `store_name`, `store_type`, `city`, `address`, `phone`, `email`, `manager_name`, `is_active`, `created_at`, `updated_at`, `ip_range_start`, `ip_range_end`, `require_ip_check`) VALUES (1, 'المخزن الرئيسي', 'Main', 'القاهرة', 'شارع النيل', '0201234567', NULL, 'أحمد محمد', 1, '2026-01-19 20:28:58', '2026-01-31 18:51:30', '192.168.3.0', '192.168.3.255', 1);
INSERT INTO `stores` (`id`, `store_name`, `store_type`, `city`, `address`, `phone`, `email`, `manager_name`, `is_active`, `created_at`, `updated_at`, `ip_range_start`, `ip_range_end`, `require_ip_check`) VALUES (2, 'فرع الإسكندرية', 'Branch', 'الإسكندرية', 'شارع البحر', '0203456789', NULL, 'محمد علي', 1, '2026-01-19 20:28:58', '2026-01-31 18:51:30', '192.168.1.0', '192.168.1.255', 1);
INSERT INTO `stores` (`id`, `store_name`, `store_type`, `city`, `address`, `phone`, `email`, `manager_name`, `is_active`, `created_at`, `updated_at`, `ip_range_start`, `ip_range_end`, `require_ip_check`) VALUES (3, 'فرع الجيزة', 'Branch', 'الجيزة', 'شارع الهرم', '0202345678', NULL, 'فاطمة محمود', 1, '2026-01-19 20:28:58', '2026-01-31 18:51:30', '192.168.2.0', '192.168.2.255', 1);
INSERT INTO `stores` (`id`, `store_name`, `store_type`, `city`, `address`, `phone`, `email`, `manager_name`, `is_active`, `created_at`, `updated_at`, `ip_range_start`, `ip_range_end`, `require_ip_check`) VALUES (4, 'مدير عام', 'GM', 'القاهرة', 'المقر الرئيسي', '01070276578', NULL, 'عبدالقادر طارق', 0, '2026-01-22 02:11:50', '2026-02-08 12:19:42', NULL, NULL, 0);

-- Structure for system_license
DROP TABLE IF EXISTS `system_license`;
CREATE TABLE `system_license` (
  `id` int NOT NULL AUTO_INCREMENT,
  `hardware_id` varchar(100) COLLATE utf8mb4_unicode_ci NOT NULL,
  `activation_key` varchar(100) COLLATE utf8mb4_unicode_ci NOT NULL,
  `activated_at` timestamp NULL DEFAULT CURRENT_TIMESTAMP,
  `expiry_date` date DEFAULT NULL,
  `status` varchar(20) COLLATE utf8mb4_unicode_ci DEFAULT 'active',
  PRIMARY KEY (`id`),
  UNIQUE KEY `hardware_id` (`hardware_id`)
) ENGINE=InnoDB AUTO_INCREMENT=2 DEFAULT CHARSET=utf8mb4 COLLATE=utf8mb4_unicode_ci;

-- Data for system_license
INSERT INTO `system_license` (`id`, `hardware_id`, `activation_key`, `activated_at`, `expiry_date`, `status`) VALUES (1, '2C32-A7F6-7749-E863', 'CA63-1FCC-B0B0-99F3', '2026-02-09 10:09:03', NULL, 'active');

-- Structure for temporary_invoice_items
DROP TABLE IF EXISTS `temporary_invoice_items`;
CREATE TABLE `temporary_invoice_items` (
  `id` int NOT NULL AUTO_INCREMENT,
  `temp_invoice_id` int NOT NULL,
  `product_id` int NOT NULL,
  `quantity` int NOT NULL,
  `unit_price` decimal(10,2) NOT NULL,
  `discount` decimal(10,2) DEFAULT '0.00',
  `total_price` decimal(12,2) DEFAULT NULL,
  `created_at` timestamp NULL DEFAULT CURRENT_TIMESTAMP,
  PRIMARY KEY (`id`),
  KEY `temp_invoice_id` (`temp_invoice_id`),
  KEY `product_id` (`product_id`),
  CONSTRAINT `temporary_invoice_items_ibfk_1` FOREIGN KEY (`temp_invoice_id`) REFERENCES `temporary_invoices` (`id`) ON DELETE CASCADE,
  CONSTRAINT `temporary_invoice_items_ibfk_2` FOREIGN KEY (`product_id`) REFERENCES `products` (`id`)
) ENGINE=InnoDB AUTO_INCREMENT=41 DEFAULT CHARSET=utf8mb4 COLLATE=utf8mb4_unicode_ci;

-- Structure for temporary_invoices
DROP TABLE IF EXISTS `temporary_invoices`;
CREATE TABLE `temporary_invoices` (
  `id` int NOT NULL AUTO_INCREMENT,
  `temp_invoice_code` varchar(50) COLLATE utf8mb4_unicode_ci NOT NULL,
  `store_id` int NOT NULL,
  `cashier_id` int NOT NULL,
  `customer_name` varchar(100) COLLATE utf8mb4_unicode_ci DEFAULT NULL,
  `customer_phone` varchar(20) COLLATE utf8mb4_unicode_ci DEFAULT NULL,
  `customer_address` text COLLATE utf8mb4_unicode_ci,
  `total_amount` decimal(12,2) DEFAULT NULL,
  `saved_by` int NOT NULL,
  `saved_at` timestamp NULL DEFAULT CURRENT_TIMESTAMP,
  `notes` text COLLATE utf8mb4_unicode_ci,
  `created_at` timestamp NULL DEFAULT CURRENT_TIMESTAMP,
  PRIMARY KEY (`id`),
  UNIQUE KEY `temp_invoice_code` (`temp_invoice_code`),
  KEY `store_id` (`store_id`),
  KEY `cashier_id` (`cashier_id`),
  KEY `saved_by` (`saved_by`),
  CONSTRAINT `temporary_invoices_ibfk_1` FOREIGN KEY (`store_id`) REFERENCES `stores` (`id`),
  CONSTRAINT `temporary_invoices_ibfk_2` FOREIGN KEY (`cashier_id`) REFERENCES `users` (`id`),
  CONSTRAINT `temporary_invoices_ibfk_3` FOREIGN KEY (`saved_by`) REFERENCES `users` (`id`)
) ENGINE=InnoDB AUTO_INCREMENT=10 DEFAULT CHARSET=utf8mb4 COLLATE=utf8mb4_unicode_ci;

-- Structure for transfer_items
DROP TABLE IF EXISTS `transfer_items`;
CREATE TABLE `transfer_items` (
  `id` int NOT NULL AUTO_INCREMENT,
  `transfer_id` int NOT NULL,
  `product_id` int NOT NULL,
  `quantity_sent` int NOT NULL,
  `quantity_received` int DEFAULT NULL,
  `notes` varchar(255) COLLATE utf8mb4_unicode_ci DEFAULT NULL,
  `created_at` timestamp NULL DEFAULT CURRENT_TIMESTAMP,
  PRIMARY KEY (`id`),
  KEY `transfer_id` (`transfer_id`),
  KEY `product_id` (`product_id`),
  CONSTRAINT `transfer_items_ibfk_1` FOREIGN KEY (`transfer_id`) REFERENCES `warehouse_transfers` (`id`) ON DELETE CASCADE,
  CONSTRAINT `transfer_items_ibfk_2` FOREIGN KEY (`product_id`) REFERENCES `products` (`id`)
) ENGINE=InnoDB AUTO_INCREMENT=8 DEFAULT CHARSET=utf8mb4 COLLATE=utf8mb4_unicode_ci;

-- Data for transfer_items
INSERT INTO `transfer_items` (`id`, `transfer_id`, `product_id`, `quantity_sent`, `quantity_received`, `notes`, `created_at`) VALUES (1, 1, 1, 41, 41, NULL, '2026-01-30 22:05:20');
INSERT INTO `transfer_items` (`id`, `transfer_id`, `product_id`, `quantity_sent`, `quantity_received`, `notes`, `created_at`) VALUES (2, 2, 1, 1, 1, NULL, '2026-01-31 18:17:46');
INSERT INTO `transfer_items` (`id`, `transfer_id`, `product_id`, `quantity_sent`, `quantity_received`, `notes`, `created_at`) VALUES (3, 3, 1, 20, 20, NULL, '2026-02-03 19:16:59');
INSERT INTO `transfer_items` (`id`, `transfer_id`, `product_id`, `quantity_sent`, `quantity_received`, `notes`, `created_at`) VALUES (4, 4, 1, 20, 20, NULL, '2026-02-03 19:26:42');
INSERT INTO `transfer_items` (`id`, `transfer_id`, `product_id`, `quantity_sent`, `quantity_received`, `notes`, `created_at`) VALUES (5, 5, 1, 20, 20, NULL, '2026-02-04 12:01:08');
INSERT INTO `transfer_items` (`id`, `transfer_id`, `product_id`, `quantity_sent`, `quantity_received`, `notes`, `created_at`) VALUES (6, 6, 1, 1, 1, NULL, '2026-02-07 21:02:30');
INSERT INTO `transfer_items` (`id`, `transfer_id`, `product_id`, `quantity_sent`, `quantity_received`, `notes`, `created_at`) VALUES (7, 7, 1, 10, 10, NULL, '2026-02-07 21:03:05');

-- Structure for users
DROP TABLE IF EXISTS `users`;
CREATE TABLE `users` (
  `id` int NOT NULL AUTO_INCREMENT,
  `name` varchar(100) COLLATE utf8mb4_unicode_ci NOT NULL,
  `email` varchar(100) COLLATE utf8mb4_unicode_ci NOT NULL,
  `password` varchar(255) COLLATE utf8mb4_unicode_ci NOT NULL,
  `phone` varchar(20) COLLATE utf8mb4_unicode_ci DEFAULT NULL,
  `role_id` int NOT NULL,
  `store_id` int DEFAULT NULL,
  `is_active` tinyint(1) DEFAULT '1',
  `last_login` timestamp NULL DEFAULT NULL,
  `created_by` int DEFAULT NULL,
  `created_at` timestamp NULL DEFAULT CURRENT_TIMESTAMP,
  `updated_at` timestamp NULL DEFAULT CURRENT_TIMESTAMP ON UPDATE CURRENT_TIMESTAMP,
  PRIMARY KEY (`id`),
  UNIQUE KEY `email` (`email`),
  KEY `role_id` (`role_id`),
  KEY `store_id` (`store_id`),
  KEY `created_by` (`created_by`),
  CONSTRAINT `users_ibfk_1` FOREIGN KEY (`role_id`) REFERENCES `roles` (`id`),
  CONSTRAINT `users_ibfk_2` FOREIGN KEY (`store_id`) REFERENCES `stores` (`id`),
  CONSTRAINT `users_ibfk_3` FOREIGN KEY (`created_by`) REFERENCES `users` (`id`)
) ENGINE=InnoDB AUTO_INCREMENT=14 DEFAULT CHARSET=utf8mb4 COLLATE=utf8mb4_unicode_ci;

-- Data for users
INSERT INTO `users` (`id`, `name`, `email`, `password`, `phone`, `role_id`, `store_id`, `is_active`, `last_login`, `created_by`, `created_at`, `updated_at`) VALUES (1, 'عبدالقادر طارق', 'admin@posapp.com', '$2b$12$LLA1vWCEd/pDwv4lBtThnuG97IS6x/t42Dmts2.ChB9sPmzFFCkWW', '01108261455', 1, NULL, 1, '2026-02-09 10:10:12', NULL, '2026-01-19 20:28:58', '2026-02-09 10:10:12');
INSERT INTO `users` (`id`, `name`, `email`, `password`, `phone`, `role_id`, `store_id`, `is_active`, `last_login`, `created_by`, `created_at`, `updated_at`) VALUES (2, 'عبدالقادر', 'apdo@gmail.com', '$2b$12$u5mW5qsd2nS2PPTyNKrXNeOdKzrWhoQ6dTO3nZ/NcBMBgOFkymLf6', '01070276578', 3, 2, 1, '2026-02-08 22:33:44', 1, '2026-01-21 01:13:36', '2026-02-08 22:33:44');
INSERT INTO `users` (`id`, `name`, `email`, `password`, `phone`, `role_id`, `store_id`, `is_active`, `last_login`, `created_by`, `created_at`, `updated_at`) VALUES (3, 'محمد طارق', 'mohamed@pos.com', '$2b$12$8T6/xnxiZxOtNiVXjKADSu1xcOXrrZEONwk7I1JAn26bu0cV6hvUu', '01552773309', 3, 3, 1, '2026-01-31 18:57:06', 1, '2026-01-21 13:25:43', '2026-01-31 18:57:06');
INSERT INTO `users` (`id`, `name`, `email`, `password`, `phone`, `role_id`, `store_id`, `is_active`, `last_login`, `created_by`, `created_at`, `updated_at`) VALUES (4, 'طارق عبدالقادر', 'tarek@pos.com', '$2b$12$cHeNtPPU9hI33wE20L1HneLlmZvOOXF/CJidinp97bMs0TcMfDW4.', '01229525691', 4, 1, 1, '2026-01-31 18:19:38', 1, '2026-01-21 13:26:40', '2026-01-31 18:19:38');
INSERT INTO `users` (`id`, `name`, `email`, `password`, `phone`, `role_id`, `store_id`, `is_active`, `last_login`, `created_by`, `created_at`, `updated_at`) VALUES (5, 'محمود طلعت', 'mt@pos.com', '$2b$12$IouXnmZi9OGqlERaRpt9Xuo5T8yHKXUCH.gtNyD/pce/bDAKrMZtW', '012224552588', 2, 2, 1, '2026-02-09 09:30:25', 1, '2026-01-30 22:07:39', '2026-02-09 09:30:25');
INSERT INTO `users` (`id`, `name`, `email`, `password`, `phone`, `role_id`, `store_id`, `is_active`, `last_login`, `created_by`, `created_at`, `updated_at`) VALUES (8, 'طارق هلال', 'th@pos.com', '$2b$12$F0cviQWL6nGd7aer9b7yXurTx4CVw6DW5IbUI1.pstMxfKC4KTerm', '01009314678', 1, NULL, 1, '2026-02-07 21:09:31', 1, '2026-02-07 20:56:58', '2026-02-08 12:19:42');
INSERT INTO `users` (`id`, `name`, `email`, `password`, `phone`, `role_id`, `store_id`, `is_active`, `last_login`, `created_by`, `created_at`, `updated_at`) VALUES (13, 'المطور', 'dev@admin.com', '$2b$12$hCgCr5DXy4r84MpNW8r71.geWV/0ya3sYwZ1BIq0ATV2NSRVoxm8G', '', 1, NULL, 1, '2026-02-09 10:29:22', 1, '2026-02-09 10:13:56', '2026-02-09 10:30:10');

-- Structure for warehouse_transfers
DROP TABLE IF EXISTS `warehouse_transfers`;
CREATE TABLE `warehouse_transfers` (
  `id` int NOT NULL AUTO_INCREMENT,
  `transfer_number` varchar(50) COLLATE utf8mb4_unicode_ci NOT NULL,
  `from_store_id` int NOT NULL,
  `to_store_id` int NOT NULL,
  `transfer_date` timestamp NULL DEFAULT CURRENT_TIMESTAMP,
  `received_date` datetime DEFAULT NULL,
  `created_by` int NOT NULL,
  `received_by` int DEFAULT NULL,
  `status` enum('Pending','In Transit','Received','Cancelled') COLLATE utf8mb4_unicode_ci DEFAULT 'Pending',
  `notes` text COLLATE utf8mb4_unicode_ci,
  `created_at` timestamp NULL DEFAULT CURRENT_TIMESTAMP,
  `updated_at` timestamp NULL DEFAULT CURRENT_TIMESTAMP ON UPDATE CURRENT_TIMESTAMP,
  PRIMARY KEY (`id`),
  UNIQUE KEY `transfer_number` (`transfer_number`),
  KEY `from_store_id` (`from_store_id`),
  KEY `to_store_id` (`to_store_id`),
  KEY `created_by` (`created_by`),
  KEY `received_by` (`received_by`),
  KEY `idx_transfer_status` (`status`),
  CONSTRAINT `warehouse_transfers_ibfk_1` FOREIGN KEY (`from_store_id`) REFERENCES `stores` (`id`),
  CONSTRAINT `warehouse_transfers_ibfk_2` FOREIGN KEY (`to_store_id`) REFERENCES `stores` (`id`),
  CONSTRAINT `warehouse_transfers_ibfk_3` FOREIGN KEY (`created_by`) REFERENCES `users` (`id`),
  CONSTRAINT `warehouse_transfers_ibfk_4` FOREIGN KEY (`received_by`) REFERENCES `users` (`id`)
) ENGINE=InnoDB AUTO_INCREMENT=8 DEFAULT CHARSET=utf8mb4 COLLATE=utf8mb4_unicode_ci;

-- Data for warehouse_transfers
INSERT INTO `warehouse_transfers` (`id`, `transfer_number`, `from_store_id`, `to_store_id`, `transfer_date`, `received_date`, `created_by`, `received_by`, `status`, `notes`, `created_at`, `updated_at`) VALUES (1, 'TRF-20260130220520', 1, 2, '2026-01-30 22:05:20', '2026-01-30 22:44:03', 1, 5, 'Received', '', '2026-01-30 22:05:20', '2026-01-30 22:44:03');
INSERT INTO `warehouse_transfers` (`id`, `transfer_number`, `from_store_id`, `to_store_id`, `transfer_date`, `received_date`, `created_by`, `received_by`, `status`, `notes`, `created_at`, `updated_at`) VALUES (2, 'TRF-20260131181746', 1, 2, '2026-01-31 18:17:46', '2026-01-31 18:19:02', 1, 5, 'Received', '', '2026-01-31 18:17:46', '2026-01-31 18:19:02');
INSERT INTO `warehouse_transfers` (`id`, `transfer_number`, `from_store_id`, `to_store_id`, `transfer_date`, `received_date`, `created_by`, `received_by`, `status`, `notes`, `created_at`, `updated_at`) VALUES (3, 'TRF-20260203191659', 1, 2, '2026-02-03 19:16:59', '2026-02-03 19:25:49', 1, 5, 'Received', 'تجربة 1 تحويلات', '2026-02-03 19:16:59', '2026-02-03 19:25:49');
INSERT INTO `warehouse_transfers` (`id`, `transfer_number`, `from_store_id`, `to_store_id`, `transfer_date`, `received_date`, `created_by`, `received_by`, `status`, `notes`, `created_at`, `updated_at`) VALUES (4, 'TRF-20260203192642', 2, 1, '2026-02-03 19:26:42', '2026-02-04 11:47:32', 5, 1, 'Received', 'ارجاع الصنف المحول الي المخزن لعدم وجوده في الطلبية', '2026-02-03 19:26:42', '2026-02-04 11:47:32');
INSERT INTO `warehouse_transfers` (`id`, `transfer_number`, `from_store_id`, `to_store_id`, `transfer_date`, `received_date`, `created_by`, `received_by`, `status`, `notes`, `created_at`, `updated_at`) VALUES (5, 'TRF-20260204120108', 2, 3, '2026-02-04 12:01:08', '2026-02-07 21:13:41', 5, 8, 'Received', '', '2026-02-04 12:01:08', '2026-02-07 21:13:41');
INSERT INTO `warehouse_transfers` (`id`, `transfer_number`, `from_store_id`, `to_store_id`, `transfer_date`, `received_date`, `created_by`, `received_by`, `status`, `notes`, `created_at`, `updated_at`) VALUES (6, 'TRF-20260207210230', 2, 1, '2026-02-07 21:02:30', '2026-02-07 21:13:37', 5, 8, 'Received', '', '2026-02-07 21:02:30', '2026-02-07 21:13:37');
INSERT INTO `warehouse_transfers` (`id`, `transfer_number`, `from_store_id`, `to_store_id`, `transfer_date`, `received_date`, `created_by`, `received_by`, `status`, `notes`, `created_at`, `updated_at`) VALUES (7, 'TRF-20260207210305', 2, 1, '2026-02-07 21:03:05', '2026-02-07 21:13:32', 5, 8, 'Received', 'كمية زائدة', '2026-02-07 21:03:05', '2026-02-07 21:13:32');

SET FOREIGN_KEY_CHECKS = 1;
